"Rank","Name","Team","POS","G","Season","RTE","RTE %","aDOT","AY","AY Share","TGT","TGT/G","TGT %","TPRR","REC","CR %","YDS","RecYDS/G","TM YDS %","YPRR","YPT","YPR","YAC","YAC/REC","YACO","YACO/REC","TD","TM TD %","i20 TGT","EZTGT","EZTD","DP TGT","1READ","1READ %","MTF","MTF/REC","1D","1D/RR","DRP","DRP %","CTGT","CTGT %","DESIGN","DESIGN %","CT","CC","CC %","HERO","RATE","THREAT","YPTOE","WIDE RTE %","SLOT RTE %","INLINE RTE %","BACK RTE %","FP/RR","FP/G","FP","XFP","XFP/G","XFP/RR","RecXFP"
"1","Justin Jefferson","MIN","WR","17","2022","652","88.9","8.2","1471","39.9","179","10.5","26.6","0.27","128","71.5","1809","106.4","37.5","2.77","10.11","14.13","663","5.18","204","1.59","8","26.7","29","13","1","23","158","33.8","13","0.10","80","0.123","6","3.4","147","82.1","19","10.6","38","25","65.8","8","107.0","30.8","2.3","69.6","29.6","","0.8","0.57","21.7","368.7","338.9","19.9","0.51","335.6"
"2","Tyreek Hill","MIA","WR","17","2022","519","81.5","8.7","1468","40.5","168","9.9","28.8","0.32","119","70.8","1710","100.6","35.9","3.29","10.18","14.37","465","3.91","108","0.91","7","23.3","10","6","3","36","140","36.8","11","0.09","77","0.148","10","6.0","142","84.5","16","9.5","26","16","61.5","3","102.5","36.7","2.3","53.9","43.5","1.0","1.5","0.66","20.1","341.2","320.5","18.9","0.61","314.1"
"3","Davante Adams","LV","WR","17","2022","597","92.4","9.8","1655","40.9","169","9.9","28.8","0.28","100","59.2","1516","89.2","36.3","2.54","8.97","15.16","471","4.71","172","1.72","14","50.0","20","14","4","31","140","38.5","11","0.11","65","0.109","7","4.1","131","77.5","5","3.0","31","12","38.7","8","106.5","33.0","0.9","70.0","29.5","","0.5","0.56","19.7","335.5","314.0","18.5","0.52","312.7"
"4","A.J. Brown","PHI","WR","17","2022","508","81.3","9.7","1321","49.0","136","8.0","25.4","0.27","88","64.7","1496","88.0","34.3","2.94","11.00","17.00","551","6.26","253","2.88","11","44.0","13","10","5","26","125","32.0","20","0.23","59","0.116","6","4.4","103","75.7","7","5.1","30","14","46.7","3","119.6","30.2","3.0","73.6","26.2","","0.2","0.59","17.7","301.6","255.3","15.0","0.50","255.3"
"5","Stefon Diggs","BUF","WR","16","2022","551","83.7","9.1","1369","35.6","151","9.4","26.3","0.27","108","71.5","1429","89.3","33.3","2.59","9.46","13.23","418","3.87","154","1.43","11","31.4","24","18","7","24","123","34.8","17","0.16","72","0.131","8","5.3","121","80.1","15","9.9","22","13","59.1","3","122.6","32.8","1.5","65.0","35.0","","","0.57","19.8","316.6","291.1","18.2","0.53","290.7"
"6","CeeDee Lamb","DAL","WR","17","2022","543","90.5","9.0","1365","38.7","152","8.9","27.3","0.28","107","70.4","1359","79.9","34.7","2.50","8.94","12.70","446","4.17","173","1.62","9","32.1","14","6","4","25","131","34.2","15","0.14","67","0.123","4","2.6","122","80.3","15","9.9","24","14","58.3","3","106.8","30.6","1.0","35.9","63.4","","0.7","0.56","17.7","301.6","272.0","16.0","0.49","266.5"
"7","Jaylen Waddle","MIA","WR","17","2022","500","78.5","9.7","1135","31.3","117","6.9","20.0","0.23","75","64.1","1356","79.8","28.5","2.71","11.59","18.08","533","7.11","138","1.84","8","26.7","8","5","3","15","93","24.5","10","0.13","60","0.120","7","6.0","97","82.9","8","6.8","24","9","37.5","1","119.5","26.1","3.4","74.0","24.6","","1.4","0.52","15.3","260.2","212.2","12.5","0.42","210.8"
"8","Travis Kelce","KC","TE","17","2022","561","77.6","6.3","932","25.8","147","8.6","22.6","0.26","110","74.8","1338","78.7","25.5","2.39","9.10","12.16","629","5.72","261","2.37","12","29.3","29","9","4","10","113","26.9","26","0.24","78","0.139","10","6.8","131","89.1","13","8.8","18","9","50.0","2","121.1","28.8","1.8","29.9","47.4","22.1","0.5","0.57","18.7","317.3","276.2","16.2","0.49","273.8"
"9","DeVonta Smith","PHI","WR","17","2022","532","85.1","6.7","893","33.1","133","7.8","24.8","0.25","95","71.4","1196","70.4","27.4","2.25","8.99","12.59","458","4.82","165","1.74","7","28.0","14","7","3","18","113","28.9","12","0.13","57","0.107","7","5.3","112","84.2","21","15.8","23","9","39.1","5","113.5","28.4","1.4","74.2","25.8","","","0.48","15.0","255.6","223.2","13.1","0.42","223.2"
"10","Terry McLaurin","WAS","WR","17","2022","539","85.6","8.8","1000","36.3","114","6.7","20.6","0.21","77","67.5","1191","70.1","31.5","2.21","10.45","15.47","341","4.43","163","2.12","5","20.8","14","5","1","23","94","26.3","10","0.13","56","0.104","3","2.6","87","76.3","13","11.4","25","17","68.0","3","109.2","24.5","2.4","78.7","21.3","","","0.42","13.5","229.0","212.2","12.5","0.39","208.9"
"11","Amon-Ra St. Brown","DET","WR","16","2022","454","77.6","4.1","581","25.3","143","8.9","26.1","0.31","106","74.1","1161","72.6","28.6","2.56","8.12","10.95","508","4.79","153","1.44","6","24.0","21","5","3","9","117","33.7","13","0.12","68","0.150","4","2.8","116","81.1","16","11.2","17","12","70.6","2","108.8","33.5","1.5","40.5","58.4","0.2","0.9","0.59","16.7","267.6","246.5","15.4","0.53","241.1"
"12","Amari Cooper","CLV","WR","17","2022","538","86.9","10.8","1387","38.2","128","7.5","23.7","0.24","78","60.9","1160","68.2","31.3","2.16","9.06","14.87","285","3.65","118","1.51","9","47.4","17","14","6","24","112","32.2","7","0.09","61","0.113","9","7.0","97","75.8","4","3.1","29","17","58.6","4","104.3","29.0","0.5","74.2","25.7","","0.2","0.46","14.5","247.0","239.2","14.1","0.44","239.2"
"13","Mike Evans","TB","WR","15","2022","563","80.7","12.0","1482","51.1","123","8.2","18.2","0.22","77","62.6","1124","74.9","25.9","2.00","9.14","14.60","233","3.03","99","1.29","6","26.1","14","10","4","27","108","22.9","6","0.08","53","0.094","5","4.1","91","74.0","5","4.1","28","20","71.4","3","88.3","21.7","0.5","73.7","26.3","","","0.40","15.0","225.4","250.4","16.7","0.44","250.4"
"14","Christian Kirk","JAX","WR","17","2022","560","86.4","7.8","994","31.8","127","7.5","21.3","0.23","84","66.1","1108","65.2","26.7","1.98","8.72","13.19","341","4.06","77","0.92","8","32.0","22","11","5","20","112","25.0","6","0.07","55","0.098","10","7.9","102","80.3","9","7.1","13","7","53.8","2","101.4","23.8","1.1","23.2","76.1","0.2","0.5","0.43","14.3","242.9","229.2","13.5","0.40","226.7"
"15","Garrett Wilson","NYJ","WR","17","2022","575","83.6","6.7","945","31.6","141","8.3","22.5","0.25","83","58.9","1103","64.9","27.3","1.92","7.82","13.29","320","3.86","181","2.18","4","26.7","19","12","2","17","129","32.9","16","0.19","56","0.097","2","1.4","105","74.5","13","9.2","27","11","40.7","3","90.2","29.0","0.3","63.0","36.0","1.0","","0.38","12.7","216.7","249.6","14.7","0.43","247.7"
"16","DK Metcalf","SEA","WR","17","2022","553","84.8","9.6","1346","41.5","140","8.2","24.4","0.25","90","64.3","1048","61.6","24.5","1.90","7.49","11.64","212","2.36","121","1.34","6","20.0","28","21","4","21","120","30.2","9","0.10","47","0.085","6","4.3","111","79.3","6","4.3","45","25","55.6","4","89.2","29.2","-0.7","83.0","17.0","","","0.41","13.5","228.8","266.8","15.7","0.48","266.8"
"17","Ja'Marr Chase","CIN","WR","12","2022","495","94.5","7.1","905","40.2","127","10.6","27.1","0.26","87","68.5","1046","87.2","30.5","2.11","8.24","12.02","377","4.33","221","2.54","9","33.3","25","15","5","15","118","37.3","9","0.10","58","0.117","8","6.3","108","85.0","18","14.2","27","13","48.1","2","110.5","29.5","0.7","76.8","22.2","0.2","0.8","0.49","20.4","244.4","230.1","19.2","0.46","227.8"
"18","Chris Olave","NO","WR","15","2022","420","82.0","12.7","1422","48.0","112","7.5","24.3","0.27","72","64.3","1042","69.5","28.2","2.48","9.30","14.47","197","2.74","90","1.25","4","17.4","11","5","2","25","97","31.9","6","0.08","48","0.114","7","6.3","88","78.6","4","3.6","20","7","35.0","1","95.2","30.9","0.5","65.7","34.3","","","0.48","13.3","200.2","206.4","13.8","0.49","206.4"
"19","Tyler Lockett","SEA","WR","16","2022","512","84.2","8.0","896","30.1","112","7.0","21.0","0.22","84","75.0","1033","64.6","25.4","2.02","9.22","12.30","214","2.55","33","0.39","9","31.0","8","9","6","20","90","24.1","7","0.08","50","0.098","2","1.8","90","80.4","3","2.7","14","10","71.4","3","111.2","25.3","1.6","56.8","41.6","0.8","0.8","0.47","15.0","239.3","204.6","12.8","0.40","204.6"
"20","Tee Higgins","CIN","WR","16","2022","501","73.6","10.5","1066","33.9","102","6.4","16.7","0.20","74","72.5","1029","64.3","22.8","2.05","10.09","13.91","269","3.64","137","1.85","7","20.0","11","6","3","17","85","21.1","6","0.08","46","0.092","5","4.9","90","88.2","1","1.0","27","16","59.3","5","127.5","22.8","2.0","80.2","19.6","0.2","","0.44","13.8","220.9","181.6","11.3","0.36","181.6"
"21","Chris Godwin","TB","WR","15","2022","538","77.2","2.8","391","13.9","138","9.2","20.4","0.26","104","75.4","1023","68.2","23.9","1.90","7.41","9.84","504","4.85","222","2.13","3","12.5","14","4","1","6","116","24.9","9","0.09","53","0.099","4","2.9","117","84.8","35","25.4","20","9","45.0","3","100.0","26.2","0.8","27.3","72.5","0.2","","0.42","15.0","224.8","232.8","15.5","0.43","229.0"
"22","Brandon Aiyuk","SF","WR","17","2022","479","86.2","6.6","750","38.1","113","6.6","22.1","0.24","78","69.0","1015","59.7","25.1","2.12","8.98","13.01","351","4.50","186","2.38","8","26.7","15","3","2","13","95","28.3","16","0.21","47","0.098","5","4.4","90","79.6","7","6.2","16","7","43.8","1","116.9","24.5","1.5","76.6","23.4","","","0.48","13.5","228.8","207.4","12.2","0.43","206.3"
"23","Jerry Jeudy","DEN","WR","15","2022","428","72.8","10.0","976","28.5","98","6.5","19.4","0.23","67","68.4","972","64.8","26.9","2.27","9.92","14.51","394","5.88","135","2.01","6","35.3","11","10","3","23","75","25.7","9","0.13","41","0.096","6","6.1","78","79.6","14","14.3","11","5","45.5","3","116.5","27.5","1.9","45.8","54.2","","","0.48","13.6","204.2","189.5","12.6","0.44","187.7"
"24","JuJu Smith-Schuster","KC","WR","16","2022","484","70.7","5.6","551","16.6","99","6.2","16.0","0.20","78","78.8","933","58.3","19.0","1.93","9.42","11.96","438","5.62","211","2.71","3","7.9","14","3","1","2","70","17.5","9","0.12","47","0.097","6","6.1","88","88.9","4","4.0","11","8","72.7","0","103.4","22.8","2.4","58.5","41.5","","","0.39","11.7","187.3","162.6","10.2","0.34","162.6"
"25","Michael Pittman","IND","WR","16","2022","598","91.9","6.6","929","40.1","141","8.8","24.6","0.24","99","70.2","925","57.8","25.3","1.55","6.56","9.34","332","3.35","151","1.53","4","23.5","14","9","3","7","112","31.5","5","0.05","51","0.085","6","4.3","117","83.0","8","5.7","24","14","58.3","2","88.5","26.9","-0.5","73.4","26.4","0.2","","0.36","13.6","217.5","242.9","15.2","0.40","241.3"
"26","T.J. Hockenson","DET, MIN","TE","17","2022","535","74.5","6.0","756","18.0","126","7.4","19.2","0.24","86","68.3","914","53.8","18.4","1.71","7.25","10.63","408","4.74","219","2.55","6","19.4","20","9","3","9","97","21.2","10","0.12","44","0.082","6","4.8","103","81.7","7","5.6","33","20","60.6","4","91.8","22.9","-0.2","17.6","36.3","46.2","","0.40","12.7","216.4","223.1","13.1","0.42","223.1"
"27","Mike Williams","LAC","WR","13","2022","432","74.6","12.5","1138","33.3","91","7.0","16.9","0.21","63","69.2","895","68.8","23.9","2.07","9.84","14.21","335","5.32","91","1.44","4","20.0","13","8","3","18","78","24.5","6","0.10","39","0.090","1","1.1","71","78.0","5","5.5","25","16","64.0","12","106.3","22.5","1.2","84.5","15.5","","","0.41","13.6","176.5","158.7","12.2","0.37","158.7"
"28","D.J. Moore","CAR","WR","17","2022","447","87.3","13.9","1517","48.4","109","6.4","23.9","0.24","63","57.8","888","52.2","27.4","1.99","8.15","14.10","202","3.21","85","1.35","7","43.8","11","10","5","28","88","29.7","9","0.14","44","0.098","4","3.7","78","71.6","13","11.9","24","14","58.3","7","90.3","27.5","-1.0","74.9","24.8","","0.2","0.45","11.7","199.1","225.4","13.3","0.49","220.6"
"29","Diontae Johnson","PIT","WR","17","2022","598","93.3","7.3","1018","29.2","140","8.2","24.5","0.23","86","61.4","882","51.9","24.1","1.47","6.30","10.26","201","2.34","125","1.45","0","0.0","15","9","0","21","117","30.9","14","0.16","45","0.075","8","5.7","110","78.6","8","5.7","21","10","47.6","3","61.7","27.4","-1.1","87.0","13.0","","","0.30","10.6","180.7","260.2","15.3","0.43","257.2"
"30","Drake London","ATL","WR","17","2022","393","80.2","6.1","702","25.0","115","6.8","27.7","0.29","72","62.6","866","50.9","29.6","2.20","7.53","12.03","211","2.93","88","1.22","4","23.5","16","8","2","10","93","31.5","6","0.08","48","0.122","4","3.5","85","73.9","11","9.6","17","7","41.2","0","86.4","34.1","0.1","78.1","21.9","","","0.46","10.7","181.6","215.6","12.7","0.55","215.6"
"31","Mark Andrews","BLT","TE","15","2022","412","83.4","7.3","771","39.4","106","7.1","25.1","0.26","73","68.9","847","56.5","30.4","2.06","7.99","11.60","253","3.47","105","1.44","5","27.8","18","8","3","12","89","31.0","5","0.07","48","0.117","7","6.6","85","80.2","4","3.8","11","5","45.5","3","108.5","31.2","0.3","22.3","66.0","11.7","","0.46","12.7","190.5","194.6","13.0","0.47","193.3"
"32","Donovan Peoples-Jones","CLV","WR","17","2022","534","86.3","11.7","1116","30.7","95","5.6","17.6","0.18","61","64.2","839","49.4","22.6","1.57","8.83","13.75","173","2.84","51","0.84","3","15.8","12","9","1","19","72","20.7","2","0.03","33","0.062","4","4.2","73","76.8","0","","20","9","45.0","4","98.5","21.3","0.4","69.5","30.3","","0.2","0.30","9.5","162.1","184.2","10.8","0.34","183.7"
"33","Gabe Davis","BUF","WR","15","2022","537","87.2","13.1","1191","33.7","91","6.1","17.0","0.17","48","52.7","836","55.7","21.0","1.56","9.19","17.42","148","3.08","35","0.73","7","22.6","14","9","2","24","55","16.7","3","0.06","35","0.065","7","7.7","68","74.7","2","2.2","23","9","39.1","4","87.1","19.6","0.2","92.0","7.4","0.6","","0.32","11.5","172.6","188.5","12.6","0.35","188.5"
"34","Courtland Sutton","DEN","WR","15","2022","499","86.5","12.7","1364","38.5","107","7.1","21.4","0.21","64","59.8","829","55.3","23.4","1.66","7.75","12.95","135","2.11","63","0.98","2","15.4","14","14","2","22","86","30.7","3","0.05","38","0.076","8","7.5","86","80.4","1","0.9","27","9","33.3","1","74.9","25.5","-1.0","87.8","12.0","0.2","","0.32","10.6","159.4","219.5","14.6","0.44","219.0"
"35","Zay Jones","JAX","WR","16","2022","516","83.1","7.3","854","28.8","117","7.3","20.4","0.23","82","70.1","823","51.4","20.7","1.59","7.03","10.04","303","3.70","117","1.43","5","21.7","19","12","3","14","98","23.0","6","0.07","44","0.085","10","8.5","102","87.2","13","11.1","13","7","53.8","3","96.9","24.1","-0.5","66.5","33.3","0.2","","0.38","12.4","198.1","204.4","12.8","0.39","201.7"
"36","Cooper Kupp","LA","WR","9","2022","308","85.8","7.2","701","34.3","97","10.8","29.9","0.31","75","77.3","812","90.2","37.8","2.64","8.37","10.83","437","5.83","142","1.89","6","66.7","11","6","3","10","84","37.5","9","0.12","42","0.136","1","1.0","78","80.4","23","23.7","8","4","50.0","4","104.8","33.2","1.0","43.8","53.9","","2.3","0.66","22.5","202.4","175.6","19.5","0.56","171.3"
"37","Jakobi Meyers","NE","WR","14","2022","378","75.6","7.6","729","34.2","96","6.9","21.2","0.25","67","69.8","804","57.4","25.7","2.13","8.38","12.00","241","3.60","63","0.94","6","33.3","8","5","3","15","75","25.6","2","0.03","38","0.101","1","1.0","77","80.2","11","11.5","23","14","60.9","4","116.0","27.1","0.8","30.2","68.8","","1.1","0.48","13.0","182.3","182.7","13.0","0.48","182.0"
"38","George Pickens","PIT","WR","17","2022","549","85.6","14.6","1225","35.1","84","4.9","14.7","0.15","52","61.9","801","47.1","21.9","1.46","9.54","15.40","121","2.33","66","1.27","4","33.3","7","8","2","28","70","18.5","7","0.13","38","0.069","3","3.6","65","77.4","1","1.2","24","18","75.0","9","109.3","17.5","0.4","86.3","13.5","0.2","","0.30","9.8","166.5","184.6","10.9","0.33","180.4"
"39","Allen Lazard","GB","WR","15","2022","410","77.1","9.4","915","33.9","97","6.5","19.6","0.24","60","61.9","788","52.5","23.0","1.92","8.12","13.13","259","4.32","101","1.68","6","24.0","16","10","3","23","78","23.1","3","0.05","45","0.110","7","7.2","77","79.4","9","9.3","15","5","33.3","1","90.9","22.7","0.1","60.2","36.8","2.9","","0.43","11.7","174.8","177.4","11.8","0.43","176.6"
"40","Josh Palmer","LAC","WR","16","2022","557","77.8","4.4","437","18.0","99","6.2","15.0","0.18","72","72.7","769","48.1","17.1","1.38","7.77","10.68","240","3.33","82","1.14","3","12.5","6","6","2","9","68","18.1","7","0.10","39","0.070","5","5.1","82","82.8","7","7.1","10","6","60.0","3","100.9","19.0","0.9","73.1","26.8","0.2","","0.30","10.6","169.3","172.0","10.7","0.31","171.6"
"41","Evan Engram","JAX","TE","17","2022","477","73.6","3.9","377","12.1","97","5.7","16.3","0.20","73","75.3","766","45.1","18.5","1.61","7.90","10.49","473","6.48","157","2.15","4","16.0","9","7","2","7","81","18.1","8","0.11","33","0.069","3","3.1","84","86.6","15","15.5","14","8","57.1","1","111.4","20.6","1.1","23.7","41.9","33.8","0.6","0.37","10.4","176.9","173.8","10.2","0.36","172.2"
"42","George Kittle","SF","TE","15","2022","388","78.1","5.9","484","29.9","82","5.5","17.8","0.21","60","73.2","765","51.0","20.7","1.97","9.33","12.75","387","6.45","166","2.77","11","37.9","16","11","6","6","57","18.9","8","0.13","36","0.093","2","2.4","70","85.4","6","7.3","16","12","75.0","2","131.4","19.9","1.8","11.6","28.4","58.5","1.5","0.52","13.4","201.5","156.4","10.4","0.40","156.4"
"43","Tyler Boyd","CIN","WR","16","2022","523","76.8","7.8","614","19.5","79","4.9","13.0","0.15","58","73.4","762","47.6","16.9","1.46","9.65","13.14","236","4.07","123","2.12","5","14.3","11","4","3","7","65","16.1","4","0.07","41","0.078","1","1.3","63","79.7","1","1.3","12","8","66.7","5","103.5","17.0","2.0","15.7","84.3","","","0.32","10.4","167.1","144.1","9.0","0.28","144.1"
"44","Keenan Allen","LAC","WR","10","2022","327","72.7","2.8","242","25.1","86","8.6","21.1","0.26","66","76.7","752","75.2","25.8","2.30","8.74","11.39","254","3.85","82","1.24","4","23.5","15","6","2","8","67","26.6","3","0.05","39","0.119","0","","70","81.4","5","5.8","11","8","72.7","1","108.3","28.7","2.2","33.6","65.7","","0.6","0.50","16.5","165.0","147.4","14.7","0.45","146.8"
"45","Pat Freiermuth","PIT","TE","16","2022","414","68.2","6.1","583","17.6","95","5.9","17.6","0.23","63","66.3","732","45.8","21.2","1.77","7.71","11.62","237","3.76","126","2.00","2","20.0","13","4","1","6","70","19.4","7","0.11","37","0.089","5","5.3","77","81.1","5","5.3","19","9","47.4","3","78.9","24.8","0.2","5.8","37.9","56.3","","0.36","9.3","148.2","160.5","10.0","0.39","160.5"
"46","Darius Slayton","NYG","WR","16","2022","366","61.0","6.4","449","23.9","70","4.4","14.0","0.19","46","65.7","724","45.3","22.3","1.98","10.34","15.74","231","5.02","122","2.65","2","13.3","3","2","1","8","59","20.3","5","0.11","30","0.082","4","5.7","56","80.0","2","2.9","17","10","58.8","3","97.6","22.6","2.8","72.4","27.0","0.5","","0.35","8.1","129.4","128.5","8.0","0.35","128.5"
"47","DeAndre Hopkins","ARZ","WR","9","2022","327","83.6","10.2","935","41.4","92","10.2","27.0","0.28","64","69.6","717","79.7","34.8","2.19","7.79","11.20","180","2.81","80","1.25","3","33.3","6","2","1","11","77","33.3","6","0.09","35","0.107","3","3.3","75","81.5","5","5.4","13","6","46.2","3","94.3","31.4","-0.3","73.7","26.3","","","0.47","17.0","152.7","155.3","17.3","0.47","155.3"
"48","Adam Thielen","MIN","WR","17","2022","613","83.6","8.3","859","23.3","103","6.1","15.3","0.17","70","68.0","716","42.1","14.9","1.17","6.95","10.23","160","2.29","52","0.74","6","20.0","21","8","5","9","77","16.5","2","0.03","45","0.073","5","4.9","86","83.5","2","1.9","18","6","33.3","0","95.0","18.0","-0.7","66.7","33.3","","","0.29","10.6","180.0","199.5","11.7","0.32","199.1"
"49","Marquise Brown","ARZ","WR","12","2022","442","82.9","11.3","1175","36.7","104","8.7","21.9","0.24","67","64.4","709","59.1","25.8","1.60","6.82","10.58","250","3.73","84","1.25","3","30.0","12","5","2","20","87","27.4","4","0.06","33","0.075","3","2.9","74","71.2","10","9.6","14","10","71.4","3","65.7","26.1","-1.4","64.7","34.8","","0.5","0.35","13.0","156.0","199.1","16.6","0.45","198.6"
"50","Dallas Goedert","PHI","TE","12","2022","335","76.3","5.9","401","14.8","68","5.7","18.2","0.20","55","80.9","702","58.5","22.7","2.10","10.32","12.76","432","7.85","135","2.45","3","17.6","10","2","1","2","60","22.2","6","0.11","40","0.119","2","2.9","59","86.8","17","25.0","8","3","37.5","2","124.4","21.9","2.7","11.6","49.9","37.9","0.6","0.42","11.9","142.2","118.2","9.8","0.35","118.2"
"51","Brandin Cooks","HST","WR","13","2022","402","79.0","11.8","1054","32.1","89","6.8","19.3","0.22","57","64.0","699","53.8","23.7","1.74","7.85","12.26","216","3.79","30","0.53","3","21.4","10","6","3","23","73","24.8","2","0.04","29","0.072","5","5.6","72","80.9","11","12.4","15","6","40.0","3","80.7","24.8","-0.6","74.9","24.6","0.2","0.2","0.36","11.2","145.6","172.1","13.2","0.43","171.2"
"52","Mack Hollins","LV","WR","17","2022","571","88.4","9.5","844","20.8","89","5.2","15.2","0.16","57","64.0","690","40.6","16.5","1.21","7.75","12.11","189","3.32","55","0.96","4","14.3","10","6","2","17","66","18.1","3","0.05","34","0.060","6","6.7","68","76.4","1","1.1","16","8","50.0","1","93.4","17.8","-0.1","86.5","13.5","","","0.27","9.1","154.2","170.6","10.0","0.29","168.3"
"53","Marquez Valdes-Scantling","KC","WR","17","2022","510","70.5","10.7","832","23.0","78","4.6","12.0","0.15","42","53.8","687","40.4","13.1","1.35","8.81","16.36","128","3.05","34","0.81","2","4.9","11","5","2","15","64","15.2","2","0.05","32","0.063","5","6.4","52","66.7","2","2.6","14","6","42.9","3","86.9","17.3","0.6","60.0","39.4","0.6","","0.24","7.2","122.4","149.7","8.8","0.29","149.3"
"54","Curtis Samuel","WAS","WR","17","2022","471","74.8","3.9","335","12.1","87","5.1","15.7","0.18","64","73.6","656","38.6","17.3","1.39","7.54","10.25","278","4.34","125","1.95","4","16.7","10","2","0","7","71","19.9","11","0.17","36","0.076","4","4.6","72","82.8","18","20.7","15","7","46.7","2","100.6","21.0","1.0","27.2","70.9","0.4","1.5","0.38","10.4","177.3","168.2","9.9","0.32","149.0"
"55","K.J. Osborn","MIN","WR","17","2022","538","73.4","7.2","622","16.9","86","5.1","12.8","0.16","60","69.8","650","38.2","13.5","1.21","7.56","10.83","303","5.05","137","2.28","5","16.7","11","7","4","13","66","14.1","7","0.12","32","0.059","2","2.3","71","82.6","10","11.6","16","7","43.8","1","101.4","17.2","0.2","40.7","59.1","","0.2","0.29","9.2","155.6","160.4","9.4","0.30","159.0"
"56","Deebo Samuel","SF","WR","13","2022","351","80.1","0.4","35","3.0","91","7.0","22.6","0.26","56","61.5","632","48.6","20.8","1.80","6.95","11.29","468","8.36","253","4.52","2","9.5","12","3","1","2","64","24.3","26","0.46","25","0.071","4","4.4","69","75.8","26","28.6","17","6","35.3","1","75.9","27.2","1.0","61.3","26.8","0.3","11.7","0.49","13.1","170.4","174.7","13.4","0.43","149.4"
"57","David Njoku","CLV","TE","14","2022","383","72.7","7.4","572","15.4","77","5.5","16.7","0.20","58","75.3","628","44.9","20.3","1.64","8.16","10.83","342","5.90","150","2.59","4","23.5","18","6","2","7","62","20.7","8","0.14","36","0.094","5","6.5","67","87.0","9","11.7","13","6","46.2","4","110.7","22.2","0.9","11.5","38.6","49.9","","0.37","10.2","143.0","144.3","10.3","0.37","143.4"
"58","Parris Campbell","IND","WR","17","2022","570","83.1","5.0","434","16.8","86","5.1","14.2","0.15","63","73.3","623","36.6","16.2","1.09","7.24","9.89","290","4.60","118","1.87","3","17.6","7","2","1","7","63","16.8","11","0.17","32","0.056","5","5.8","73","84.9","13","15.1","9","6","66.7","1","80.7","17.5","0.5","18.8","81.1","0.2","","0.26","8.8","149.1","148.7","8.7","0.26","146.3"
"59","Tyler Higbee","LA","TE","17","2022","395","64.4","1.7","172","6.8","102","6.0","19.2","0.26","72","70.6","620","36.5","17.7","1.57","6.08","8.61","410","5.69","139","1.93","3","18.8","14","6","2","1","77","21.8","8","0.11","32","0.081","7","6.9","85","83.3","18","17.6","13","6","46.2","0","87.9","23.4","-0.1","22.3","14.9","62.8","","0.38","8.9","152.0","170.7","10.0","0.43","170.7"
"60","Kalif Raymond","DET","WR","17","2022","294","46.9","8.9","553","20.4","62","3.6","10.5","0.21","47","75.8","616","36.2","13.9","2.10","9.94","13.11","221","4.70","65","1.38","0","0.0","8","2","0","12","47","12.4","3","0.06","24","0.082","0","","49","79.0","12","19.4","5","3","60.0","1","106.7","22.9","2.1","53.1","45.2","0.7","1.0","0.38","6.5","111.2","109.6","6.4","0.36","106.0"
"61","Christian Watson","GB","WR","14","2022","242","49.6","9.4","608","25.1","65","4.6","14.5","0.27","41","63.1","611","43.6","19.2","2.52","9.40","14.90","272","6.63","74","1.80","7","31.8","14","6","3","16","56","18.4","6","0.15","28","0.116","7","10.8","50","76.9","12","18.5","9","7","77.8","2","123.3","28.3","1.4","66.1","32.6","0.8","0.4","0.68","11.7","164.1","131.3","9.4","0.53","127.7"
"62","Alec Pierce","IND","WR","16","2022","438","67.3","7.3","552","23.8","76","4.8","13.2","0.17","41","53.9","593","37.1","16.2","1.35","7.80","14.46","97","2.37","40","0.98","2","11.8","6","3","0","14","57","16.0","2","0.05","27","0.062","2","2.6","55","72.4","2","2.6","22","9","40.9","6","82.8","19.3","0.1","93.2","6.8","","","0.26","7.0","112.3","133.5","8.3","0.30","133.5"
"63","Dalton Schultz","DAL","TE","15","2022","388","73.1","5.0","426","14.3","86","5.7","17.7","0.22","57","66.3","577","38.5","16.4","1.49","6.71","10.12","192","3.37","81","1.42","5","19.2","16","6","2","3","67","20.3","4","0.07","27","0.070","5","5.8","66","76.7","2","2.3","12","8","66.7","0","80.4","21.2","-0.5","14.2","44.3","39.9","1.5","0.37","9.6","143.7","152.9","10.2","0.39","152.9"
"64","Richie James","NYG","WR","16","2022","316","52.1","5.5","372","19.4","68","4.3","13.5","0.22","57","83.8","569","35.6","17.6","1.80","8.37","9.98","187","3.28","74","1.30","4","26.7","7","1","1","2","44","15.3","5","0.09","29","0.092","3","4.4","61","89.7","5","7.4","10","9","90.0","1","121.1","25.9","1.4","15.5","84.2","0.3","","0.43","8.5","135.5","116.3","7.3","0.37","115.4"
"65","Noah Brown","DAL","WR","16","2022","418","73.1","10.6","756","22.6","71","4.4","13.4","0.17","43","60.6","555","34.7","15.2","1.33","7.82","12.91","131","3.05","63","1.47","3","11.5","12","5","3","9","54","15.0","4","0.09","25","0.060","6","8.5","54","76.1","3","4.2","19","10","52.6","4","75.7","17.4","-0.3","56.9","42.6","0.2","0.2","0.28","7.2","115.5","132.7","8.3","0.32","132.7"
"66","Gerald Everett","LAC","TE","16","2022","425","57.7","4.0","327","13.2","82","5.1","12.0","0.19","58","70.7","555","34.7","12.3","1.31","6.77","9.57","272","4.69","122","2.10","4","16.7","16","5","3","4","54","13.8","14","0.24","29","0.068","6","7.3","71","86.6","12","14.6","15","9","60.0","2","95.3","20.0","-0.5","14.8","42.6","42.4","0.2","0.33","8.7","139.5","139.6","8.7","0.33","139.1"
"67","Tyler Conklin","NYJ","TE","17","2022","431","62.6","5.3","420","14.0","80","4.7","12.8","0.19","58","72.5","552","32.5","13.7","1.28","6.90","9.52","280","4.83","112","1.93","3","20.0","4","4","3","7","43","11.0","5","0.09","25","0.058","4","5.0","67","83.8","1","1.3","13","10","76.9","1","88.1","18.3","-0.2","10.2","32.9","56.4","0.5","0.31","7.7","131.5","130.7","7.7","0.30","128.3"
"68","Chris Moore","HST","WR","16","2022","393","64.1","7.3","533","19.2","73","4.6","13.2","0.19","48","65.8","548","34.3","15.6","1.39","7.51","11.42","241","5.02","127","2.65","2","10.0","11","5","1","13","49","13.8","10","0.21","24","0.061","3","4.1","59","80.8","11","15.1","13","6","46.2","3","80.2","20.4","0.1","33.6","65.1","1.3","","0.29","7.2","115.1","135.3","8.5","0.34","133.4"
"69","Cole Kmet","CHI","TE","17","2022","368","72.9","2.1","141","6.9","66","3.9","17.5","0.18","50","75.8","544","32.0","20.9","1.48","8.24","10.88","275","5.50","119","2.38","7","36.8","9","4","3","7","51","20.2","9","0.18","27","0.073","2","3.0","57","86.4","12","18.2","5","2","40.0","1","109.7","20.2","1.6","13.9","47.0","38.0","1.1","0.40","8.7","147.3","111.3","6.5","0.30","110.2"
"70","DeVante Parker","NE","WR","13","2022","288","62.3","13.1","604","36.8","46","3.5","11.1","0.16","31","67.4","539","41.5","17.3","1.87","11.72","17.39","120","3.87","51","1.65","3","21.4","4","4","1","13","40","14.9","2","0.06","25","0.087","1","2.2","38","82.6","1","2.2","18","11","61.1","8","92.6","17.0","2.8","91.3","8.7","","","0.36","7.9","102.9","92.0","7.1","0.32","92.0"
"71","DeAndre Carter","LAC","WR","17","2022","452","58.5","7.8","499","18.2","64","3.8","9.0","0.14","46","71.9","538","31.6","11.2","1.19","8.41","11.70","208","4.52","88","1.91","3","11.5","9","6","2","10","45","11.0","3","0.07","29","0.064","1","1.6","53","82.8","9","14.1","11","9","81.8","2","106.1","15.3","1.1","39.2","59.7","0.2","0.9","0.25","6.7","114.3","115.4","6.8","0.25","114.5"
"72","Corey Davis","NYJ","WR","13","2022","375","68.6","9.1","534","28.6","59","4.5","11.7","0.16","32","54.2","536","41.2","17.1","1.43","9.08","16.75","85","2.66","22","0.69","2","20.0","6","2","0","8","45","14.2","0","","28","0.075","1","1.7","42","71.2","0","","18","10","55.6","2","82.3","17.8","0.6","79.7","19.2","1.1","","0.26","7.5","97.6","103.6","8.0","0.28","103.6"
"73","Olamide Zaccheaus","ATL","WR","17","2022","326","66.5","7.6","465","16.6","61","3.6","14.7","0.19","40","65.6","533","31.4","18.2","1.63","8.74","13.33","191","4.78","66","1.65","3","17.6","6","2","1","10","48","16.3","5","0.13","25","0.077","0","","45","73.8","5","8.2","6","4","66.7","2","109.5","21.1","1.1","40.2","59.5","","0.3","0.34","6.5","111.0","112.7","6.6","0.34","111.8"
"74","Marvin Jones","JAX","WR","16","2022","440","70.9","11.4","915","30.2","80","5.0","13.9","0.18","46","57.5","529","33.1","13.3","1.20","6.61","11.50","104","2.26","39","0.85","3","12.5","11","8","3","17","60","14.0","1","0.02","29","0.066","3","3.8","55","68.8","2","2.5","18","11","61.1","6","74.4","19.0","-2.0","85.9","14.1","","","0.27","7.3","116.9","154.7","9.7","0.35","154.7"
"75","Robert Woods","TEN","WR","17","2022","418","79.0","6.0","498","20.0","83","4.9","18.2","0.20","53","63.9","527","31.0","16.3","1.26","6.35","9.94","174","3.28","59","1.11","2","12.5","12","3","1","5","62","20.8","1","0.02","31","0.074","6","7.2","64","77.1","0","","16","9","56.3","1","74.7","22.6","-0.7","71.1","27.5","0.5","1.0","0.28","6.9","116.7","136.4","8.0","0.33","136.4"
"76","Jahan Dotson","WAS","WR","12","2022","343","75.4","8.5","502","28.7","59","4.9","14.7","0.17","35","59.3","523","43.6","19.4","1.52","8.86","14.94","117","3.34","34","0.97","7","41.2","8","8","6","16","47","17.9","0","","26","0.076","4","6.8","42","71.2","4","6.8","11","6","54.5","3","99.8","19.4","0.9","74.6","25.4","","","0.38","10.9","130.6","116.9","9.7","0.34","115.9"
"77","Dawson Knox","BUF","TE","15","2022","425","68.7","7.4","482","14.2","65","4.3","12.1","0.15","48","73.8","517","34.5","13.4","1.22","7.95","10.77","214","4.46","80","1.67","6","19.4","11","6","4","3","40","12.3","4","0.08","25","0.059","5","7.7","58","89.2","3","4.6","12","6","50.0","0","108.3","15.9","0.1","13.2","51.5","27.5","7.8","0.32","9.0","135.7","122.6","8.2","0.29","122.6"
"78","Hunter Henry","NE","TE","17","2022","365","60.6","4.7","272","9.9","58","3.4","10.7","0.16","41","70.7","509","29.9","13.3","1.39","8.78","12.41","211","5.15","82","2.00","2","10.5","7","2","0","5","40","11.2","3","0.07","23","0.063","3","5.2","51","87.9","1","1.7","9","4","44.4","1","101.9","15.3","1.5","12.1","46.0","39.2","2.7","0.28","6.1","103.9","96.3","5.7","0.26","96.3"
"79","Juwan Johnson","NO","TE","16","2022","346","65.0","9.4","576","13.9","61","3.8","12.6","0.18","42","68.9","508","31.8","13.7","1.47","8.33","12.10","167","3.98","82","1.95","7","30.4","11","5","2","1","46","14.5","8","0.19","25","0.072","4","6.6","50","82.0","0","","8","2","25.0","0","118.8","18.7","0.1","16.2","53.5","30.3","","0.39","8.4","134.8","108.8","6.8","0.31","108.8"
"80","D.J. Chark","DET","WR","11","2022","316","75.4","10.2","519","39.4","51","4.6","12.8","0.16","30","58.8","502","45.6","17.3","1.59","9.84","16.73","130","4.33","68","2.27","3","14.3","4","4","2","14","37","14.5","3","0.10","24","0.076","5","9.8","39","76.5","3","5.9","12","8","66.7","2","103.6","16.9","1.4","74.4","25.6","","","0.31","8.9","98.2","90.7","8.2","0.29","90.7"
"81","Jordan Akins","HST","TE","15","2022","279","50.2","4.6","230","10.0","50","3.3","9.9","0.18","37","74.0","495","33.0","15.3","1.77","9.90","13.38","257","6.95","131","3.54","5","27.8","9","6","3","6","38","11.9","8","0.22","23","0.082","2","4.0","41","82.0","5","10.0","11","9","81.8","0","121.7","19.7","2.9","10.0","39.8","50.2","","0.42","7.8","117.5","94.1","6.3","0.34","94.1"
"82","Darnell Mooney","CHI","WR","12","2022","280","80.2","13.0","769","36.3","59","4.9","23.2","0.21","40","67.8","493","41.1","27.0","1.76","8.36","12.33","172","4.30","58","1.45","2","14.3","6","8","2","16","53","30.3","4","0.10","20","0.071","2","3.4","44","74.6","15","25.4","10","8","80.0","3","90.6","29.9","-0.4","39.3","59.3","","1.4","0.36","8.5","101.5","114.5","9.5","0.41","113.8"
"83","Terrace Marshall","CAR","WR","14","2022","270","65.2","12.7","597","22.3","47","3.4","12.7","0.17","28","59.6","490","35.0","18.5","1.81","10.43","17.50","167","5.96","100","3.57","1","7.7","6","6","1","8","39","16.1","6","0.21","23","0.085","2","4.3","39","83.0","1","2.1","17","5","29.4","4","102.3","18.2","1.9","91.5","8.5","","","0.31","5.9","83.0","88.8","6.3","0.33","88.8"
"84","Rashid Shaheed","NO","WR","12","2022","175","46.3","5.8","196","12.2","34","2.8","9.9","0.19","27","79.4","487","40.6","18.3","2.78","14.32","18.04","157","5.81","29","1.07","2","11.8","1","0","0","6","28","12.8","1","0.04","17","0.097","1","2.9","29","85.3","5","14.7","1","0","0.0","0","138.4","22.1","7.3","73.7","25.7","","0.6","0.57","8.3","99.4","59.9","5.0","0.33","57.2"
"85","Noah Fant","SEA","TE","17","2022","329","50.5","4.3","270","8.3","63","3.7","11.0","0.19","50","79.4","486","28.6","11.3","1.48","7.71","9.72","208","4.16","53","1.06","4","13.3","9","6","3","4","49","12.3","1","0.02","24","0.073","1","1.6","55","87.3","4","6.3","7","4","57.1","0","120.0","20.3","0.7","15.8","44.7","34.7","4.9","0.37","7.2","122.6","112.2","6.6","0.34","112.2"
"86","Nico Collins","HST","WR","10","2022","263","68.0","5.5","344","33.0","63","6.3","17.7","0.24","37","58.7","481","48.1","21.3","1.83","7.63","13.00","136","3.68","55","1.49","2","20.0","8","3","1","5","57","23.2","2","0.05","21","0.080","1","1.6","41","65.1","2","3.2","14","9","64.3","2","86.8","25.1","0.2","91.6","8.4","","","0.37","9.7","97.1","111.1","11.1","0.42","111.1"
"87","Josh Reynolds","DET","WR","14","2022","354","65.0","9.8","546","23.9","56","4.0","11.0","0.16","38","67.9","479","34.2","12.3","1.35","8.55","12.61","111","2.92","57","1.50","3","11.5","12","11","3","10","44","13.2","3","0.08","25","0.071","3","5.4","44","78.6","2","3.6","12","7","58.3","1","104.7","16.5","0.0","65.3","34.7","","","0.29","7.4","103.9","115.3","8.2","0.33","115.3"
"88","Robert Tonyan","GB","TE","17","2022","313","51.5","5.1","326","10.4","64","3.8","11.4","0.20","53","82.8","470","27.6","12.1","1.50","7.34","8.87","243","4.58","60","1.13","2","7.4","8","1","1","4","43","11.2","4","0.08","20","0.064","1","1.6","54","84.4","8","12.5","5","3","60.0","1","94.7","19.7","0.3","19.8","39.6","40.6","","0.36","6.6","112.0","110.0","6.5","0.35","110.0"
"89","Greg Dortch","ARZ","WR","16","2022","314","43.8","5.3","339","8.3","64","4.0","10.1","0.20","52","81.3","467","29.2","12.4","1.49","7.30","8.98","318","6.12","151","2.90","2","13.3","7","1","1","4","51","11.7","9","0.17","19","0.061","1","1.6","59","92.2","15","23.4","12","5","41.7","1","101.0","22.3","0.7","15.9","82.5","","1.6","0.36","7.1","114.1","110.4","6.9","0.34","106.2"
"90","Demarcus Robinson","BLT","WR","17","2022","344","60.7","5.6","416","16.4","74","4.4","15.2","0.22","48","64.9","458","26.9","14.3","1.33","6.19","9.54","141","2.94","67","1.40","2","10.5","10","8","2","10","61","18.6","6","0.13","23","0.067","4","5.4","57","77.0","3","4.1","9","5","55.6","3","68.4","25.3","-0.9","91.6","8.4","","","0.30","6.2","104.8","126.3","7.4","0.37","126.3"
"91","Chase Claypool","CHI, PIT","WR","15","2022","399","73.1","7.5","583","21.7","78","5.2","16.9","0.20","46","59.0","451","30.1","15.8","1.13","5.78","9.80","145","3.15","82","1.78","1","6.7","5","4","1","16","60","18.8","4","0.09","24","0.060","3","3.8","53","67.9","8","10.3","15","7","46.7","3","52.9","22.1","-2.0","38.6","61.4","","","0.27","7.1","106.0","146.6","9.8","0.35","138.5"
"92","Chigoziem Okonkwo","TEN","TE","17","2022","159","30.1","4.0","179","7.2","45","2.6","9.9","0.28","32","71.1","450","26.5","13.9","2.83","10.00","14.06","210","6.56","120","3.75","3","18.8","6","4","1","5","34","11.4","10","0.31","22","0.138","2","4.4","37","82.2","7","15.6","6","5","83.3","3","125.2","31.5","2.7","15.1","37.1","39.0","8.8","0.61","5.7","97.2","82.0","4.8","0.51","80.4"
"93","Elijah Moore","NYJ","WR","16","2022","474","72.3","9.7","591","20.5","61","3.8","10.1","0.13","37","60.7","446","27.9","11.4","0.94","7.31","12.05","91","2.46","44","1.19","1","6.7","7","1","0","11","53","14.1","11","0.30","22","0.046","0","","43","70.5","3","4.9","8","3","37.5","0","81.7","15.0","-1.1","49.6","50.2","0.2","","0.19","5.5","88.1","113.1","7.1","0.23","110.7"
"94","Austin Hooper","TEN","TE","17","2022","295","55.8","5.0","278","11.2","56","3.3","12.3","0.19","41","73.2","444","26.1","13.8","1.51","7.93","10.83","140","3.41","55","1.34","2","12.5","7","3","2","4","42","14.1","1","0.02","28","0.095","3","5.4","47","83.9","1","1.8","16","11","68.8","3","108.0","21.5","0.7","14.9","53.6","31.5","","0.33","5.7","97.4","90.6","5.3","0.31","90.6"
"95","Treylon Burks","TEN","WR","11","2022","240","65.9","11.7","645","45.4","55","5.0","17.1","0.23","33","60.0","444","40.4","19.0","1.85","8.07","13.45","173","5.24","83","2.52","1","7.7","4","3","0","10","41","19.4","2","0.06","19","0.079","3","5.5","40","72.7","7","12.7","12","7","58.3","2","61.5","26.3","-0.2","77.9","21.7","0.4","","0.37","8.0","88.1","100.4","9.1","0.41","98.6"
"96","Kendrick Bourne","NE","WR","16","2022","259","45.4","8.0","368","14.5","46","2.9","9.0","0.18","35","76.1","434","27.1","12.0","1.68","9.43","12.40","143","4.09","68","1.94","1","5.6","5","2","1","8","38","11.0","3","0.09","22","0.085","4","8.7","42","91.3","11","23.9","9","6","66.7","3","103.0","18.8","1.7","72.6","27.4","","","0.34","5.5","88.3","87.4","5.5","0.33","84.3"
"97","Russell Gage","TB","WR","13","2022","322","54.2","5.4","379","18.0","70","5.4","12.2","0.22","51","72.9","426","32.8","11.7","1.32","6.09","8.35","180","3.53","81","1.59","5","25.0","18","8","4","4","56","13.7","4","0.08","31","0.096","3","4.3","58","82.9","7","10.0","11","8","72.7","2","112.0","21.0","-0.7","66.8","33.2","","","0.39","9.6","124.6","127.4","9.8","0.40","127.4"
"98","Romeo Doubs","GB","WR","13","2022","265","54.6","9.3","613","19.2","66","5.1","14.7","0.25","42","63.6","425","32.7","14.1","1.60","6.44","10.12","199","4.74","61","1.45","3","16.7","8","2","1","10","54","17.6","1","0.02","20","0.075","7","10.6","57","86.4","15","22.7","15","6","40.0","1","97.1","24.4","-1.5","77.7","22.3","","","0.39","7.9","102.6","120.4","9.3","0.45","119.8"
"99","Michael Gallup","DAL","WR","14","2022","402","82.0","9.1","654","24.0","72","5.1","15.9","0.18","39","54.2","424","30.3","13.0","1.05","5.89","10.87","99","2.54","56","1.44","4","15.4","12","9","3","8","53","17.4","1","0.03","25","0.062","4","5.6","52","72.2","6","8.3","22","9","40.9","4","67.1","19.6","-2.1","92.8","7.2","","","0.26","7.5","105.4","129.7","9.3","0.32","129.7"
"100","Isaiah McKenzie","BUF","WR","15","2022","362","58.5","5.8","374","11.0","64","4.3","11.9","0.18","42","65.6","423","28.2","11.0","1.17","6.61","10.07","112","2.67","30","0.71","4","12.9","12","3","1","11","48","14.8","5","0.12","27","0.075","7","10.9","55","85.9","8","12.5","11","3","27.3","0","92.1","21.1","-0.4","20.2","79.8","","","0.33","8.0","119.8","121.6","8.1","0.32","115.5"
"101","Foster Moreau","LV","TE","15","2022","324","56.4","4.2","210","6.0","50","3.3","9.6","0.15","33","66.0","420","28.0","11.2","1.30","8.40","12.73","245","7.42","103","3.12","2","7.7","5","5","2","2","30","9.2","4","0.12","24","0.074","4","8.0","41","82.0","1","2.0","8","5","62.5","2","88.8","14.6","0.8","17.3","43.5","37.0","2.2","0.27","5.7","86.2","84.7","5.6","0.26","84.7"
"102","Trent Sherfield","MIA","WR","17","2022","367","57.6","7.9","387","10.7","49","2.9","8.4","0.13","30","61.2","417","24.5","8.8","1.14","8.51","13.90","85","2.83","43","1.43","2","6.7","8","2","1","7","42","11.1","2","0.07","18","0.049","0","","34","69.4","3","6.1","10","6","60.0","1","85.2","14.1","0.8","49.0","50.4","","0.5","0.23","4.9","83.7","83.9","4.9","0.23","83.9"
"103","Randall Cobb","GB","WR","13","2022","219","46.6","7.3","358","17.2","49","3.8","11.3","0.22","34","69.4","417","32.1","14.0","1.90","8.51","12.26","188","5.53","80","2.35","1","5.3","6","3","1","6","37","12.3","8","0.24","19","0.087","3","6.1","41","83.7","7","14.3","10","4","40.0","1","93.7","22.4","1.2","19.6","79.0","","1.4","0.37","6.3","81.7","84.6","6.5","0.39","84.6"
"104","Jauan Jennings","SF","WR","16","2022","273","51.8","5.1","276","15.7","54","3.4","11.1","0.20","35","64.8","416","26.0","11.0","1.52","7.70","11.89","164","4.69","95","2.71","1","3.7","3","2","1","6","41","12.9","7","0.20","23","0.084","4","7.4","42","77.8","2","3.7","2","0","0.0","1","71.2","20.3","0.7","46.2","53.8","","","0.30","5.2","82.6","88.1","5.5","0.32","88.1"
"105","Rondale Moore","ARZ","WR","8","2022","253","73.8","5.2","284","15.0","55","6.9","18.3","0.22","41","74.5","414","51.8","21.8","1.64","7.53","10.10","289","7.05","118","2.88","1","10.0","7","2","0","3","46","21.6","7","0.17","16","0.063","6","10.9","48","87.3","13","23.6","5","3","60.0","1","101.6","24.3","0.9","40.7","57.7","","1.6","0.35","11.0","87.9","96.8","12.1","0.37","93.2"
"106","Hayden Hurst","CIN","TE","13","2022","371","67.8","2.8","183","7.8","65","5.0","13.4","0.18","52","80.0","414","31.8","11.2","1.12","6.37","7.96","190","3.65","83","1.60","2","7.7","9","1","0","2","47","14.8","6","0.12","25","0.067","2","3.1","58","89.2","5","7.7","11","6","54.5","0","103.5","19.6","-0.2","19.9","29.4","49.9","0.8","0.28","8.1","105.4","112.4","8.6","0.30","112.4"
"107","Greg Dulcich","DEN","TE","10","2022","300","75.9","6.2","318","16.1","51","5.1","15.0","0.17","33","64.7","411","41.1","18.3","1.37","8.06","12.45","135","4.09","39","1.18","2","20.0","2","3","1","10","30","16.4","4","0.12","18","0.060","4","7.8","37","72.5","1","2.0","8","5","62.5","1","78.1","20.5","1.2","8.3","57.3","34.3","","0.29","8.6","86.1","91.9","9.2","0.31","91.9"
"108","Devin Duvernay","BLT","WR","14","2022","332","69.7","5.6","269","14.5","48","3.4","11.8","0.14","37","77.1","407","29.1","15.2","1.23","8.48","11.00","161","4.35","43","1.16","3","17.6","8","7","3","10","37","13.5","1","0.03","19","0.057","2","4.2","41","85.4","8","16.7","8","5","62.5","4","113.8","17.6","1.4","67.2","32.5","0.3","","0.33","7.9","110.1","98.3","7.0","0.28","92.0"
"109","Zach Ertz","ARZ","TE","10","2022","322","71.2","7.6","496","20.2","65","6.5","16.2","0.20","47","72.3","406","40.6","16.8","1.26","6.25","8.64","143","3.04","60","1.28","4","30.8","14","4","1","5","59","21.1","2","0.04","24","0.075","3","4.6","56","86.2","5","7.7","10","6","60.0","0","102.5","20.6","-1.3","14.3","56.2","27.3","2.2","0.36","11.6","115.6","118.6","11.9","0.37","118.6"
"110","Nick Westbrook-Ikhine","TEN","WR","17","2022","377","71.3","12.7","584","23.5","46","2.7","10.1","0.12","25","54.3","397","23.4","12.3","1.05","8.63","15.88","109","4.36","43","1.72","3","18.8","7","4","2","9","42","14.1","2","0.08","18","0.048","3","6.5","33","71.7","1","2.2","15","8","53.3","1","87.0","13.9","0.1","44.8","55.2","","","0.22","4.9","82.7","87.4","5.1","0.23","87.4"
"111","Isaiah Hodgins","BUF, NYG","WR","10","2022","242","62.5","4.3","200","18.1","46","4.6","13.8","0.19","37","80.4","392","39.2","15.0","1.62","8.52","10.59","90","2.43","37","1.00","4","23.5","6","2","2","3","37","18.2","2","0.05","24","0.099","0","","40","87.0","2","4.3","11","8","72.7","2","122.1","22.8","1.6","87.2","12.8","","","0.42","10.1","101.2","84.6","8.5","0.35","84.6"
"112","Cade Otton","TB","TE","16","2022","409","55.9","0.7","46","1.5","63","3.9","8.9","0.15","42","66.7","391","24.4","8.7","0.96","6.21","9.31","171","4.07","87","2.07","2","8.0","16","5","1","2","51","10.3","2","0.05","19","0.046","4","6.3","51","81.0","4","6.3","6","2","33.3","0","94.1","14.0","-0.2","11.2","51.6","37.2","","0.23","5.8","93.1","116.7","7.3","0.29","116.7"
"113","Darren Waller","LV","TE","9","2022","241","65.7","14.0","586","20.5","42","4.7","13.0","0.17","28","66.7","388","43.1","17.1","1.61","9.24","13.86","82","2.93","48","1.71","3","18.8","10","6","1","14","38","18.5","1","0.04","18","0.075","2","4.8","35","83.3","1","2.4","11","6","54.5","3","100.1","21.6","0.3","20.7","61.0","17.8","0.4","0.35","9.4","84.8","97.8","10.9","0.41","97.8"
"114","Marquise Goodwin","SEA","WR","13","2022","285","55.8","10.1","416","17.9","41","3.2","9.0","0.14","27","65.9","387","29.8","11.6","1.36","9.44","14.33","111","4.11","50","1.85","4","18.2","5","5","3","8","28","8.9","7","0.26","18","0.063","2","4.9","33","80.5","4","9.8","7","4","57.1","1","118.6","16.0","1.4","40.0","58.9","0.4","0.7","0.32","6.9","90.2","70.8","5.4","0.25","70.1"
"115","Ben Skowronek","LA","WR","14","2022","368","69.7","5.8","343","16.8","59","4.2","12.9","0.16","39","66.1","376","26.9","12.5","1.02","6.37","9.64","137","3.51","36","0.92","0","0.0","2","1","0","7","37","12.0","2","0.05","16","0.043","1","1.7","42","71.2","1","1.7","5","3","60.0","1","69.6","17.1","-0.7","50.0","44.8","1.1","4.1","0.23","6.0","84.3","99.0","7.1","0.27","98.4"
"116","Isaiah Likely","BLT","TE","16","2022","247","46.6","4.4","241","11.2","55","3.4","12.1","0.22","36","65.5","373","23.3","12.7","1.51","6.78","10.36","145","4.03","71","1.97","3","16.7","10","5","2","5","45","14.7","5","0.14","18","0.073","4","7.3","47","85.5","7","12.7","12","7","58.3","1","103.1","25.8","-0.3","18.2","63.2","18.2","0.4","0.37","5.7","91.3","102.7","6.4","0.42","102.7"
"117","Van Jefferson","LA","WR","11","2022","275","76.2","11.5","470","40.9","41","3.7","13.5","0.15","24","58.5","369","33.5","19.2","1.34","9.00","15.38","31","1.29","8","0.33","3","30.0","4","3","3","10","28","14.3","1","0.04","20","0.073","1","2.4","28","68.3","0","","8","6","75.0","0","92.4","17.6","0.2","72.0","27.6","0.4","","0.29","7.2","78.9","87.0","7.9","0.32","87.0"
"118","Nelson Agholor","NE","WR","16","2022","265","46.8","10.0","511","19.9","51","3.2","10.1","0.19","31","60.8","362","22.6","10.3","1.37","7.10","11.68","153","4.94","53","1.71","2","11.8","3","1","0","11","36","10.7","3","0.10","12","0.045","3","5.9","42","82.4","9","17.6","7","3","42.9","1","79.0","20.1","-1.0","69.1","30.9","","","0.29","4.8","77.2","89.3","5.6","0.34","89.3"
"119","Mike Gesicki","MIA","TE","17","2022","336","52.7","9.1","455","12.6","50","2.9","8.6","0.15","32","64.0","362","21.3","7.6","1.08","7.24","11.31","115","3.59","38","1.19","5","16.7","13","8","5","6","34","8.9","1","0.03","19","0.057","4","8.0","40","80.0","0","","8","3","37.5","1","102.3","15.4","-0.9","22.9","51.2","25.3","0.6","0.29","5.8","98.2","96.7","5.7","0.29","96.7"
"120","Kyle Pitts","ATL","TE","10","2022","190","70.4","13.9","793","35.6","57","5.7","25.2","0.30","28","49.1","356","35.6","20.6","1.87","6.25","12.71","143","5.11","50","1.79","2","16.7","5","4","2","14","44","28.0","2","0.07","20","0.105","1","1.8","37","64.9","3","5.3","13","6","46.2","2","73.4","30.8","-2.0","28.4","44.7","25.3","1.6","0.40","7.6","75.6","123.1","12.3","0.65","123.1"
"121","Quez Watkins","PHI","WR","17","2022","352","56.3","6.0","295","10.9","49","2.9","9.1","0.14","33","67.3","354","20.8","8.1","1.01","7.22","10.73","90","2.73","19","0.58","3","12.0","4","2","0","10","38","9.7","6","0.18","13","0.037","0","","39","79.6","14","28.6","7","1","14.3","0","83.2","15.7","0.0","26.1","73.6","0.3","","0.24","5.0","85.5","95.5","5.6","0.27","94.8"
"122","Will Dissly","SEA","TE","15","2022","229","39.6","3.3","126","4.6","38","2.5","7.4","0.17","34","89.5","349","23.3","9.0","1.52","9.18","10.26","178","5.24","66","1.94","3","11.1","6","1","1","1","30","8.5","6","0.18","20","0.087","2","5.3","37","97.4","3","7.9","4","3","75.0","1","131.3","15.6","2.5","10.0","24.0","60.3","5.7","0.38","5.8","86.9","64.4","4.3","0.28","64.4"
"123","Allen Robinson","LA","WR","10","2022","308","78.0","10.1","527","22.9","52","5.2","14.8","0.17","33","63.5","339","33.9","14.3","1.10","6.52","10.27","78","2.36","16","0.48","3","27.3","14","11","3","6","38","15.6","3","0.09","23","0.075","2","3.8","38","73.1","1","1.9","11","8","72.7","3","93.3","16.8","-1.5","69.2","30.8","","","0.28","8.5","84.9","106.2","10.6","0.34","106.2"
"124","Hunter Renfrow","LV","WR","10","2022","282","72.5","6.6","328","10.7","50","5.0","14.5","0.18","36","72.0","330","33.0","13.5","1.17","6.60","9.17","154","4.28","60","1.67","2","11.8","5","1","1","3","35","17.2","6","0.17","18","0.064","1","2.0","38","76.0","5","10.0","6","2","33.3","3","69.6","20.6","-0.4","14.2","85.5","","0.4","0.28","8.0","80.0","79.2","7.9","0.28","79.2"
"125","Sammy Watkins","GB, BLT","WR","12","2022","171","42.6","13.1","354","20.2","27","2.3","7.3","0.16","16","59.3","325","27.1","12.5","1.90","12.04","20.31","126","7.88","43","2.69","0","0.0","5","2","0","7","22","8.9","1","0.06","11","0.064","2","7.4","21","77.8","4","14.8","5","3","60.0","0","101.6","16.2","3.0","84.8","15.2","","","0.28","4.0","47.5","51.8","4.3","0.30","51.8"
"126","Equanimeous St. Brown","CHI","WR","16","2022","233","49.4","7.4","274","14.8","37","2.3","10.6","0.16","21","56.8","323","20.2","13.2","1.39","8.73","15.38","75","3.57","25","1.19","1","5.6","4","2","1","6","27","11.3","1","0.05","14","0.060","2","5.4","27","73.0","2","5.4","5","2","40.0","0","72.2","19.6","0.9","70.4","28.3","1.3","","0.28","4.0","64.7","69.7","4.4","0.29","67.0"
"127","Logan Thomas","WAS","TE","14","2022","338","64.1","5.2","296","14.3","57","4.1","12.4","0.17","39","68.4","323","23.1","10.3","0.96","5.67","8.28","121","3.10","46","1.18","1","5.0","8","3","0","3","43","14.6","0","","15","0.044","2","3.5","43","75.4","1","1.8","8","4","50.0","1","73.9","17.6","-1.5","12.1","65.7","21.9","0.3","0.23","5.5","77.3","99.8","7.1","0.30","99.8"
"128","Colby Parkinson","SEA","TE","17","2022","195","29.9","7.5","247","7.6","33","1.9","5.8","0.17","25","75.8","322","18.9","7.5","1.65","9.76","12.88","154","6.16","40","1.60","2","6.7","6","3","1","3","27","6.8","1","0.04","14","0.072","0","","27","81.8","1","3.0","4","2","50.0","0","126.1","16.3","1.7","13.8","35.4","49.2","1.5","0.35","4.1","69.2","57.3","3.4","0.29","57.3"
"129","Justin Watson","KC","WR","17","2022","258","35.7","18.7","579","16.0","31","1.8","4.8","0.12","15","48.4","315","18.5","6.0","1.22","10.16","21.00","63","4.20","10","0.67","2","4.9","3","6","1","14","23","5.5","0","","12","0.047","4","12.9","21","67.7","1","3.2","4","1","25.0","2","92.8","12.8","0.4","67.4","32.2","0.4","","0.23","3.4","58.5","72.4","4.3","0.28","72.4"
"130","Jelani Woods","IND","TE","15","2022","197","31.8","6.3","245","11.0","39","2.6","7.2","0.20","25","64.1","312","20.8","9.1","1.58","8.00","12.48","105","4.20","48","1.92","3","18.8","6","5","3","6","28","8.6","3","0.12","16","0.081","3","7.7","30","76.9","2","5.1","6","5","83.3","0","103.8","23.4","0.1","16.8","40.6","42.6","","0.38","4.9","74.2","78.6","5.2","0.40","78.6"
"131","Kendall Hinton","DEN","WR","11","2022","267","61.5","7.4","229","10.9","31","2.8","8.3","0.12","24","77.4","311","28.3","12.9","1.16","10.03","12.96","131","5.46","76","3.17","0","0.0","4","1","0","3","22","11.0","5","0.21","14","0.052","3","9.7","27","87.1","0","","2","1","50.0","0","108.4","14.8","2.7","46.4","53.6","","","0.21","5.1","56.4","54.5","5.0","0.20","53.2"
"132","Kylen Granson","IND","TE","13","2022","210","38.9","0.3","11","0.7","39","3.0","8.1","0.19","31","79.5","302","23.2","9.6","1.44","7.74","9.74","126","4.06","48","1.55","0","0.0","3","0","0","0","29","9.8","3","0.10","17","0.081","2","5.1","33","84.6","3","7.7","5","4","80.0","1","66.9","20.2","1.3","8.6","55.2","36.2","","0.29","4.7","61.2","64.9","5.0","0.31","64.5"
"133","Noah Gray","KC","TE","17","2022","231","32.0","3.7","126","3.5","34","2.0","5.2","0.15","28","82.4","299","17.6","5.7","1.29","8.79","10.68","186","6.64","77","2.75","1","2.4","4","2","1","1","16","3.8","3","0.11","14","0.061","1","2.9","31","91.2","4","11.8","5","2","40.0","1","113.1","13.0","1.9","13.4","24.2","62.3","","0.30","4.1","70.0","62.7","3.7","0.26","59.4"
"134","Julio Jones","TB","WR","10","2022","215","45.6","10.3","442","33.3","43","4.3","9.4","0.20","24","55.8","299","29.9","10.1","1.39","6.95","12.46","111","4.63","40","1.67","2","11.8","11","5","0","11","36","11.3","1","0.04","13","0.060","2","4.7","32","74.4","1","2.3","4","1","25.0","2","93.1","19.1","-0.9","75.8","24.2","","","0.33","7.0","70.4","84.7","8.5","0.38","82.4"
"135","Tutu Atwell","LA","WR","13","2022","166","36.9","9.2","322","19.6","35","2.7","9.1","0.21","18","51.4","298","22.9","11.1","1.80","8.51","16.56","51","2.83","21","1.17","1","7.7","2","1","0","8","26","10.2","3","0.17","11","0.066","2","5.7","22","62.9","1","2.9","5","3","60.0","3","78.0","25.0","0.2","46.4","53.0","","0.6","0.38","4.9","63.2","64.7","5.0","0.36","59.8"
"136","Mecole Hardman","KC","WR","8","2022","198","53.4","8.2","269","12.0","33","4.1","9.9","0.17","25","75.8","297","37.1","11.4","1.50","9.00","11.88","167","6.68","42","1.68","4","19.0","10","3","2","6","28","13.5","4","0.16","14","0.071","3","9.1","28","84.8","8","24.2","1","1","100.0","0","142.3","20.5","1.7","47.0","51.0","0.5","1.5","0.47","11.7","93.8","72.7","9.1","0.35","68.3"
"137","Shi Smith","CAR","WR","17","2022","298","58.2","8.6","326","10.4","38","2.2","8.3","0.13","22","57.9","296","17.4","9.1","0.99","7.79","13.45","104","4.73","33","1.50","2","12.5","5","2","1","5","27","9.1","2","0.09","14","0.047","3","7.9","29","76.3","7","18.4","6","1","16.7","0","67.4","15.5","0.1","21.5","78.5","","","0.21","3.7","62.6","70.3","4.1","0.24","70.3"
"138","Rashod Bateman","BLT","WR","6","2022","117","58.2","13.2","370","27.0","28","4.7","16.4","0.24","15","53.6","285","47.5","22.8","2.44","10.18","19.00","136","9.07","26","1.73","2","15.4","1","1","0","7","24","21.2","4","0.27","7","0.060","4","14.3","21","75.0","0","","2","1","50.0","0","98.1","28.9","1.8","84.6","15.4","","","0.47","9.1","54.5","47.9","8.0","0.41","47.9"
"139","Robby Anderson","ARZ, CAR","WR","16","2022","285","44.5","14.8","622","17.3","42","2.6","7.5","0.15","20","47.6","282","17.6","8.2","0.99","6.71","14.10","97","4.85","12","0.60","1","7.1","3","1","0","10","34","9.0","1","0.05","10","0.035","2","4.8","30","71.4","4","9.5","8","2","25.0","1","67.8","16.9","-2.5","84.2","15.8","","","0.19","3.3","53.2","70.4","4.4","0.25","70.4"
"140","Tre'Quan Smith","NO","WR","15","2022","172","36.1","13.3","346","13.6","26","1.7","5.9","0.15","19","73.1","278","18.5","8.0","1.62","10.69","14.63","67","3.53","38","2.00","1","4.8","2","1","0","4","19","6.9","2","0.11","14","0.081","0","","22","84.6","1","3.8","6","3","50.0","0","104.3","17.0","1.9","37.8","62.2","","","0.31","3.5","52.8","47.5","3.2","0.28","47.5"
"141","Laviska Shenault","CAR","WR","13","2022","83","22.3","-0.8","-25","-1.0","32","2.5","9.5","0.39","27","84.4","272","20.9","11.0","3.28","8.50","10.07","334","12.37","124","4.59","1","7.1","2","0","0","1","27","12.4","14","0.52","10","0.120","1","3.1","29","90.6","20","62.5","1","1","100.0","0","112.5","41.0","3.0","37.3","51.8","9.6","1.2","0.88","5.6","72.7","54.8","4.2","0.61","50.5"
"142","Jarvis Landry","NO","WR","9","2022","196","63.2","6.7","254","15.0","38","4.2","13.7","0.19","25","65.8","272","30.2","12.2","1.39","7.16","10.88","57","2.28","27","1.08","1","7.7","6","4","1","5","34","17.3","3","0.12","12","0.061","2","5.3","29","76.3","0","","8","4","50.0","1","73.6","21.8","-0.3","30.1","68.9","0.5","0.5","0.31","6.7","60.2","67.9","7.5","0.35","67.9"
"143","Damiere Byrd","ATL","WR","14","2022","155","39.2","17.5","403","19.3","23","1.6","6.8","0.15","13","56.5","268","19.1","11.7","1.73","11.65","20.62","102","7.85","26","2.00","2","14.3","0","1","0","9","17","7.2","3","0.23","9","0.058","0","","17","73.9","0","","2","1","50.0","0","90.5","17.6","2.1","87.1","12.9","","","0.33","3.7","51.8","43.6","3.1","0.28","43.6"
"144","Daniel Bellinger","NYG","TE","12","2022","248","56.8","-0.5","-17","-1.9","33","2.8","9.3","0.13","30","90.9","268","22.3","11.5","1.08","8.12","8.93","127","4.23","42","1.40","2","16.7","5","1","1","0","23","10.3","0","","14","0.056","1","3.0","32","97.0","1","3.0","3","3","100.0","0","120.7","14.3","2.0","17.3","28.6","52.4","1.6","0.31","6.3","76.0","56.6","4.7","0.22","54.1"
"145","Trey McBride","ARZ","TE","15","2022","266","40.7","5.9","232","6.0","39","2.6","6.8","0.15","29","74.4","265","17.7","7.6","1.00","6.79","9.14","122","4.21","39","1.34","1","7.1","1","0","0","1","28","7.0","1","0.03","12","0.045","0","","32","82.1","2","5.1","7","5","71.4","0","100.9","13.6","-0.4","11.3","33.8","48.9","6.0","0.23","4.1","61.5","64.5","4.3","0.24","64.5"
"146","Phillip Dorsett","HST","WR","15","2022","251","45.2","8.8","351","15.9","40","2.7","8.0","0.16","20","50.0","257","17.1","8.1","1.02","6.43","12.85","62","3.10","14","0.70","1","5.9","2","1","0","8","32","9.8","0","","11","0.044","2","5.0","26","65.0","4","10.0","8","3","37.5","2","58.0","17.4","-1.4","81.7","18.3","","","0.21","3.4","51.7","76.1","5.1","0.30","76.1"
"147","Skyy Moore","KC","WR","16","2022","153","22.1","8.6","274","8.1","32","2.0","5.1","0.21","22","68.8","250","15.6","5.0","1.63","7.81","11.36","150","6.82","47","2.14","0","0.0","1","1","0","2","20","5.0","5","0.23","13","0.085","1","3.1","24","75.0","9","28.1","2","2","100.0","0","52.9","21.8","0.1","47.7","50.3","1.3","0.7","0.30","2.9","46.4","55.3","3.5","0.35","53.1"
"148","Tyquan Thornton","NE","WR","13","2022","284","60.9","11.6","499","29.1","43","3.3","10.2","0.15","22","51.2","247","19.0","8.5","0.87","5.74","11.23","64","2.91","18","0.82","2","12.5","5","4","2","13","34","12.1","1","0.05","13","0.046","4","9.3","31","72.1","5","11.6","6","3","50.0","0","74.5","15.9","-2.7","77.5","22.5","","","0.23","5.1","66.3","89.0","6.8","0.30","86.6"
"149","Jonnu Smith","NE","TE","14","2022","145","28.9","2.2","81","4.1","37","2.6","8.3","0.26","27","73.0","245","17.5","7.7","1.69","6.62","9.07","197","7.30","104","3.85","0","0.0","4","1","0","1","24","8.4","9","0.33","9","0.062","0","","29","78.4","11","29.7","7","4","57.1","0","79.2","21.8","-0.2","13.1","29.7","53.1","4.1","0.36","3.7","52.0","61.2","4.4","0.42","60.6"
"150","Dante Pettis","CHI","WR","17","2022","274","54.3","8.9","329","16.1","37","2.2","9.8","0.14","19","51.4","245","14.4","9.4","0.89","6.62","12.89","61","3.21","12","0.63","3","15.8","4","5","2","4","31","12.3","2","0.11","9","0.033","3","8.1","30","81.1","3","8.1","8","2","25.0","1","88.2","18.1","-1.1","55.5","44.5","","","0.24","3.8","65.2","70.8","4.2","0.26","70.1"
"151","Ray-Ray McCloud","SF","WR","17","2022","151","27.2","13.1","275","14.0","21","1.2","4.1","0.14","14","66.7","243","14.3","6.0","1.61","11.57","17.36","96","6.86","28","2.00","1","3.3","1","1","1","4","17","5.1","2","0.14","11","0.073","2","9.5","16","76.2","4","19.0","3","3","100.0","1","121.7","14.7","2.6","57.0","42.4","","0.7","0.38","3.4","58.1","46.8","2.8","0.30","45.3"
"152","Harrison Bryant","CLV","TE","17","2022","243","39.3","5.5","233","6.4","42","2.5","7.8","0.17","31","73.8","239","14.1","6.4","0.98","5.69","7.71","107","3.45","43","1.39","1","5.3","8","3","0","2","23","6.6","3","0.10","12","0.049","4","9.5","39","92.9","3","7.1","6","3","50.0","0","95.2","19.1","-1.3","13.2","43.6","40.7","2.5","0.25","3.6","61.7","74.2","4.4","0.30","73.8"
"153","A.J. Green","ARZ","WR","15","2022","318","46.6","11.9","534","13.6","45","3.0","7.5","0.14","24","53.3","236","15.7","6.6","0.74","5.24","9.83","60","2.50","41","1.71","2","14.3","5","6","1","10","34","8.2","2","0.08","11","0.035","1","2.2","31","68.9","2","4.4","13","6","46.2","2","55.4","15.1","-3.1","86.8","13.2","","","0.19","4.1","61.6","83.4","5.6","0.26","83.4"
"154","C.J. Uzomah","NYJ","TE","15","2022","199","32.8","4.5","117","5.0","26","1.7","4.7","0.13","21","80.8","232","15.5","6.5","1.17","8.92","11.05","97","4.62","35","1.67","2","18.2","1","1","1","2","20","5.8","2","0.10","10","0.050","0","","23","88.5","3","11.5","1","1","100.0","0","129.5","12.7","2.2","9.5","30.2","59.8","0.5","0.28","3.7","56.2","41.0","2.7","0.21","41.0"
"155","Trenton Irwin","CIN","WR","9","2022","170","45.7","10.1","223","18.2","22","2.4","6.5","0.13","15","68.2","231","25.7","9.6","1.36","10.50","15.40","57","3.80","31","2.07","4","20.0","5","4","3","3","19","8.6","1","0.07","12","0.071","1","4.5","19","86.4","1","4.5","7","4","57.1","0","142.2","14.5","2.1","65.3","34.7","","","0.37","7.0","63.2","44.7","5.0","0.26","44.1"
"156","Wan'Dale Robinson","NYG","WR","6","2022","126","60.6","5.7","172","14.7","30","5.0","17.6","0.24","23","76.7","227","37.8","17.8","1.80","7.57","9.87","131","5.70","48","2.09","1","12.5","2","0","0","1","19","18.6","4","0.17","13","0.103","1","3.3","27","90.0","2","6.7","8","5","62.5","1","108.6","29.1","0.7","19.0","81.0","","","0.41","8.6","51.6","52.0","8.7","0.40","51.0"
"157","David Bell","CLV","WR","16","2022","281","47.9","5.6","185","5.3","33","2.1","6.4","0.12","24","72.7","214","13.4","6.0","0.76","6.48","8.92","74","3.08","39","1.63","0","0.0","2","0","0","2","24","7.3","0","","7","0.025","3","9.1","30","90.9","1","3.0","7","3","42.9","0","50.1","13.6","-0.5","28.1","71.9","","","0.16","2.8","45.4","50.2","3.1","0.18","50.2"
"158","Adam Trautman","NO","TE","15","2022","131","27.2","0.1","3","0.1","22","1.5","5.1","0.17","18","81.8","207","13.8","6.2","1.58","9.41","11.50","92","5.11","13","0.72","1","5.6","3","0","0","0","14","4.8","0","","9","0.069","0","","19","86.4","2","9.1","3","2","66.7","0","121.0","13.4","2.9","12.2","19.8","67.9","","0.34","3.0","44.7","34.4","2.3","0.26","34.4"
"159","Ashton Dulin","IND","WR","12","2022","114","23.8","10.7","225","14.9","21","1.8","5.0","0.18","15","71.4","207","17.3","7.5","1.82","9.86","13.80","38","2.53","21","1.40","1","8.3","4","1","0","2","19","7.0","1","0.07","12","0.105","0","","18","85.7","0","","6","5","83.3","0","79.0","21.4","1.6","57.0","42.1","0.9","","0.37","3.5","42.5","40.9","3.4","0.35","40.2"
"160","Amari Rodgers","HST, GB","WR","16","2022","146","24.3","10.9","240","8.4","22","1.4","3.9","0.15","16","72.7","204","12.8","5.6","1.40","9.27","12.75","71","4.44","22","1.38","1","4.0","1","1","0","4","17","4.6","1","0.06","12","0.082","1","4.5","18","81.8","3","13.6","4","3","75.0","1","116.5","16.4","1.0","34.2","65.1","0.7","","0.28","2.6","41.1","40.5","2.5","0.27","39.6"
"161","KhaDarel Hodge","ATL","WR","17","2022","79","16.1","7.3","139","5.0","19","1.1","4.6","0.24","13","68.4","202","11.9","6.9","2.56","10.63","15.54","62","4.77","52","4.00","1","5.9","0","1","1","2","15","5.1","2","0.15","7","0.089","2","10.5","16","84.2","2","10.5","4","2","50.0","0","120.9","27.9","3.0","79.7","20.3","","","0.52","2.4","41.2","30.5","1.8","0.39","30.5"
"162","Ian Thomas","CAR","TE","17","2022","131","25.6","1.8","51","1.6","29","1.7","6.3","0.22","21","72.4","197","11.6","6.1","1.50","6.79","9.38","185","8.81","51","2.43","0","0.0","2","0","0","2","23","7.8","1","0.05","8","0.061","2","6.9","25","86.2","8","27.6","3","1","33.3","0","90.7","16.4","0.6","3.1","10.7","86.3","","0.31","2.4","40.7","49.3","2.9","0.38","49.3"
"163","Mo Alie-Cox","IND","TE","17","2022","248","36.2","5.4","146","5.7","27","1.6","4.5","0.11","19","70.4","189","11.1","4.9","0.76","7.00","9.95","87","4.58","61","3.21","3","17.6","4","2","1","1","16","4.3","2","0.11","9","0.036","1","3.7","21","77.8","1","3.7","3","2","66.7","1","126.9","10.4","-0.2","13.3","31.9","54.8","","0.22","3.2","54.9","45.3","2.7","0.18","45.3"
"164","Jamal Agnew","JAX","WR","15","2022","83","14.6","4.5","135","5.4","30","2.0","5.8","0.36","23","76.7","187","12.5","5.0","2.25","6.23","8.13","132","5.74","32","1.39","3","12.5","6","2","0","4","23","5.9","3","0.13","9","0.108","2","6.7","25","83.3","10","33.3","1","1","100.0","1","125.3","39.5","-0.4","45.8","54.2","","","0.85","4.7","70.3","59.9","4.0","0.65","54.1"
"165","Denzel Mims","NYJ","WR","10","2022","147","37.0","9.6","240","25.0","25","2.5","6.9","0.17","11","44.0","186","18.6","7.9","1.27","7.44","16.91","83","7.55","62","5.64","0","0.0","1","0","0","5","23","9.6","5","0.45","7","0.048","2","8.0","17","68.0","3","12.0","8","3","37.5","0","53.1","19.7","-0.8","77.6","21.8","0.7","","0.20","3.0","29.6","40.7","4.1","0.28","40.7"
"166","Scott Miller","TB","WR","14","2022","168","26.0","10.6","423","17.8","40","2.9","6.4","0.24","23","57.5","185","13.2","5.0","1.10","4.63","8.04","36","1.57","5","0.22","0","0.0","5","2","0","9","33","7.6","0","","8","0.048","2","5.0","31","77.5","2","5.0","9","5","55.6","0","69.3","24.1","-3.5","75.6","24.4","","","0.25","3.0","42.3","69.4","5.0","0.41","69.0"
"167","Irv Smith","MIN","TE","8","2022","159","49.7","5.1","173","9.8","34","4.3","11.4","0.21","25","73.5","182","22.8","8.6","1.14","5.35","7.28","100","4.00","45","1.80","2","16.7","7","2","1","1","19","9.4","2","0.08","9","0.057","3","8.8","30","88.2","3","8.8","6","2","33.3","1","93.0","21.0","-1.6","22.0","18.2","59.7","","0.35","6.9","55.2","57.3","7.2","0.36","57.3"
"168","Jalen Nailor","MIN","WR","9","2022","24","6.1","12.3","148","8.4","12","1.3","3.4","0.50","9","75.0","179","19.9","6.5","7.46","14.92","19.89","68","7.56","33","3.67","1","6.7","1","0","0","2","12","4.6","1","0.11","7","0.292","0","","10","83.3","1","8.3","0","0","0.0","0","109.7","48.0","6.2","83.3","16.7","","","1.37","3.7","32.9","20.2","2.2","0.84","20.2"
"169","Tommy Tremble","CAR","TE","17","2022","207","40.4","8.9","266","8.5","30","1.8","6.6","0.14","19","63.3","174","10.2","5.4","0.84","5.80","9.16","71","3.74","26","1.37","3","18.8","6","4","2","4","20","6.8","1","0.05","9","0.043","2","6.7","23","76.7","0","","2","1","50.0","0","98.5","15.1","-1.9","5.8","15.0","77.8","1.4","0.26","3.1","53.4","62.3","3.7","0.30","62.3"
"170","Cameron Brate","TB","TE","11","2022","210","45.3","6.9","243","7.8","35","3.2","7.8","0.17","20","57.1","174","15.8","6.2","0.83","4.97","8.70","74","3.70","19","0.95","0","0.0","4","2","0","1","26","7.9","4","0.20","8","0.038","1","2.9","24","68.6","2","5.7","5","2","40.0","1","58.5","15.9","-2.5","19.0","53.8","27.1","","0.18","3.4","37.4","68.3","6.2","0.33","68.3"
"171","Jake Ferguson","DAL","TE","16","2022","85","15.0","0.6","14","0.4","22","1.4","4.2","0.26","19","86.4","174","10.9","4.8","2.05","7.91","9.16","122","6.42","60","3.16","2","8.0","3","1","1","0","18","4.9","6","0.32","8","0.094","0","","19","86.4","2","9.1","1","1","100.0","1","129.9","16.8","1.8","10.6","24.7","62.4","2.4","0.57","3.0","48.4","39.7","2.5","0.47","39.7"
"172","Michael Thomas","NO","WR","3","2022","98","76.0","10.2","225","17.9","22","7.3","19.1","0.22","16","72.7","171","57.0","19.9","1.74","7.77","10.69","30","1.88","14","0.88","3","75.0","3","3","3","2","21","25.0","0","","13","0.133","1","4.5","19","86.4","0","","5","3","60.0","1","134.7","25.6","-0.3","77.6","22.4","","","0.52","17.0","51.1","43.3","14.4","0.44","43.3"
"173","Kadarius Toney","NYG, KC","WR","9","2022","80","20.9","3.5","67","3.0","19","2.1","5.8","0.24","16","84.2","171","19.0","6.7","2.14","9.00","10.69","111","6.94","40","2.50","2","10.5","6","0","0","3","16","8.0","5","0.31","8","0.100","2","10.5","18","94.7","8","42.1","1","1","100.0","3","139.3","30.2","2.5","55.0","41.3","","3.8","0.73","6.5","58.3","39.0","4.3","0.44","35.3"
"174","K.J. Hamler","DEN","WR","7","2022","146","52.5","25.4","356","16.4","14","2.0","5.8","0.10","7","50.0","165","23.6","9.7","1.13","11.79","23.57","24","3.43","10","1.43","0","0.0","0","0","0","8","9","6.5","0","","3","0.021","0","","7","50.0","1","7.1","3","3","100.0","0","63.1","11.2","1.1","81.5","18.5","","","0.18","3.7","25.8","31.1","4.4","0.21","30.0"
"175","Khalil Shakir","BUF","WR","14","2022","114","20.8","8.4","151","4.6","18","1.3","3.8","0.16","10","55.6","161","11.5","4.5","1.41","8.94","16.10","69","6.90","39","3.90","1","3.3","0","2","0","5","15","5.1","1","0.10","7","0.061","2","11.1","13","72.2","2","11.1","3","2","66.7","1","104.2","16.5","1.0","41.2","58.8","","","0.30","2.4","34.1","31.3","2.2","0.27","31.3"
"176","Marquez Callaway","NO","WR","14","2022","183","39.2","10.6","330","12.2","31","2.2","7.2","0.17","16","51.6","158","11.3","4.7","0.86","5.10","9.88","39","2.44","30","1.88","1","4.3","5","4","1","6","23","8.4","0","","11","0.060","2","6.5","24","77.4","0","","14","6","42.9","2","50.2","19.7","-3.1","92.3","7.7","","","0.21","2.7","37.8","55.1","3.9","0.30","55.1"
"177","Brandon Powell","LA","WR","17","2022","133","21.7","-2.5","-79","-3.1","31","1.8","5.8","0.23","24","77.4","156","9.2","4.4","1.17","5.03","6.50","134","5.58","17","0.71","0","0.0","6","1","0","3","24","6.8","0","","7","0.053","1","3.2","27","87.1","15","48.4","2","1","50.0","0","87.6","26.7","-0.3","39.8","52.6","0.8","6.8","0.36","2.8","47.6","59.2","3.5","0.38","50.9"
"178","Sterling Shepard","NYG","WR","3","2022","94","77.0","10.6","233","43.3","22","7.3","23.9","0.23","13","59.1","154","51.3","27.5","1.64","7.00","11.85","56","4.31","30","2.31","1","33.3","1","0","0","4","14","29.2","1","0.08","4","0.043","2","9.1","17","77.3","0","","3","2","66.7","0","95.6","33.8","-1.1","70.2","28.7","1.1","","0.37","11.5","34.4","40.8","13.6","0.43","40.8"
"179","DeSean Jackson","BLT","WR","7","2022","72","34.3","8.8","149","128.4","17","2.4","9.7","0.24","9","52.9","153","21.9","14.3","2.13","9.00","17.00","20","2.22","1","0.11","0","0.0","2","1","0","6","11","9.5","0","","5","0.069","0","","13","76.5","0","","6","2","33.3","0","59.2","29.8","1.1","75.0","25.0","","","0.34","3.5","24.3","30.2","4.3","0.42","30.2"
"180","Connor Heyward","PIT","TE","17","2022","78","12.2","6.8","95","2.7","14","0.8","2.5","0.18","12","85.7","151","8.9","4.1","1.94","10.79","12.58","67","5.58","18","1.50","1","8.3","3","1","0","1","11","2.9","3","0.25","6","0.077","0","","12","85.7","0","","2","2","100.0","1","105.7","20.9","3.2","5.1","33.3","61.5","","0.46","2.1","35.8","26.2","1.5","0.32","25.1"
"181","MyCole Pruitt","ATL","TE","13","2022","73","19.5","5.1","107","5.7","21","1.6","6.6","0.29","16","76.2","150","11.5","7.0","2.05","7.14","9.38","76","4.75","15","0.94","4","28.6","8","3","3","1","15","6.6","0","","10","0.137","0","","16","76.2","3","14.3","1","1","100.0","0","134.9","19.8","0.1","6.8","19.2","72.6","1.4","0.75","4.2","55.0","43.1","3.3","0.59","43.1"
"182","Zach Pascal","PHI","WR","17","2022","124","19.8","0.4","8","0.3","18","1.1","3.4","0.15","15","83.3","150","8.8","3.4","1.21","8.33","10.00","89","5.93","29","1.93","1","4.0","2","0","0","0","15","3.8","3","0.20","9","0.073","0","","16","88.9","1","5.6","3","2","66.7","0","96.8","14.1","2.6","26.6","62.1","9.7","1.6","0.29","2.1","36.0","28.5","1.7","0.23","28.0"
"183","Josh Oliver","BLT","TE","17","2022","139","24.5","8.9","214","8.4","24","1.4","4.9","0.17","14","58.3","149","8.8","4.7","1.07","6.21","10.64","75","5.36","23","1.64","2","10.5","9","3","1","4","12","3.7","2","0.14","7","0.050","2","8.3","18","75.0","0","","2","0","0.0","1","104.3","17.6","-1.9","13.7","23.7","62.6","","0.29","2.4","40.9","47.7","2.8","0.34","47.7"
"184","Eric Saubert","DEN","TE","17","2022","168","25.3","7.5","172","4.4","23","1.4","4.0","0.14","15","65.2","148","8.7","3.7","0.88","6.43","9.87","79","5.27","41","2.73","1","5.6","2","2","1","3","11","3.4","4","0.27","6","0.036","2","8.7","18","78.3","0","","2","1","50.0","0","79.6","14.7","-1.7","8.3","41.7","50.0","","0.21","2.1","35.8","41.9","2.5","0.25","41.9"
"185","Braxton Berrios","NYJ","WR","17","2022","169","24.6","4.6","148","4.9","32","1.9","5.1","0.19","18","56.3","145","8.5","3.6","0.86","4.53","8.06","85","4.72","26","1.44","0","0.0","5","1","0","4","24","6.1","1","0.06","8","0.047","2","6.3","21","65.6","7","21.9","5","3","60.0","0","54.8","21.8","-2.4","39.1","59.8","0.6","0.6","0.34","3.4","57.7","67.0","3.9","0.37","63.2"
"186","O.J. Howard","HST","TE","13","2022","109","22.3","9.8","215","7.2","22","1.7","5.0","0.20","10","45.5","145","11.2","5.2","1.33","6.59","14.50","62","6.20","13","1.30","2","15.4","3","2","0","3","18","6.3","1","0.10","6","0.055","0","","12","54.5","1","4.5","6","4","66.7","0","78.8","17.6","-2.2","7.3","10.1","81.7","0.9","0.33","2.8","36.5","39.7","3.1","0.36","39.7"
"187","Dyami Brown","WAS","WR","15","2022","79","14.2","26.4","343","14.4","13","0.9","2.7","0.16","5","38.5","143","9.5","4.3","1.81","11.00","28.60","31","6.20","2","0.40","2","9.5","0","1","0","7","11","3.5","1","0.20","5","0.063","0","","7","53.8","0","","2","0","0.0","3","119.6","18.8","-0.5","69.6","30.4","","","0.42","2.2","32.8","26.3","1.8","0.33","25.8"
"188","Tom Kennedy","DET","WR","7","2022","108","46.2","9.3","130","8.7","14","2.0","6.5","0.13","8","57.1","141","20.1","8.7","1.31","10.07","17.63","75","9.38","18","2.25","0","0.0","1","1","0","1","9","6.2","0","","7","0.065","0","","10","71.4","0","","1","0","0.0","0","61.9","13.6","2.3","52.8","47.2","","","0.20","3.2","22.1","30.7","4.4","0.28","30.7"
"189","Keelan Cole","LV","WR","14","2022","231","43.3","17.2","362","10.9","21","1.5","4.3","0.09","10","47.6","141","10.1","4.2","0.61","6.71","14.10","21","2.10","15","1.50","1","4.3","3","4","1","8","16","5.4","0","","8","0.035","2","9.5","15","71.4","0","","6","1","16.7","1","85.6","10.0","-3.0","37.2","62.8","","","0.13","2.2","30.1","49.9","3.6","0.22","49.9"
"190","Johnny Mundt","MIN","TE","17","2022","132","18.0","0.0","1","0.0","21","1.2","3.1","0.16","19","90.5","140","8.2","2.9","1.06","6.67","7.37","112","5.89","51","2.68","1","3.3","3","1","1","0","15","3.2","5","0.26","9","0.068","2","9.5","21","100.0","3","14.3","0","0","0.0","0","110.3","12.5","0.9","12.9","9.1","78.0","","0.30","2.3","39.0","32.3","1.9","0.24","32.3"
"191","Mitchell Wilcox","CIN","TE","16","2022","169","24.8","2.4","43","1.4","18","1.1","3.0","0.11","17","94.4","139","8.7","3.1","0.82","7.72","8.18","78","4.59","34","2.00","1","2.9","2","0","0","0","16","4.0","1","0.06","6","0.036","0","","17","94.4","0","","2","2","100.0","0","117.4","9.6","1.2","14.8","16.0","68.0","1.2","0.22","2.3","36.9","30.0","1.9","0.18","30.0"
"192","Cedrick Wilson","MIA","WR","15","2022","129","22.8","10.6","180","5.9","17","1.1","3.3","0.13","12","70.6","136","9.1","3.2","1.05","8.00","11.33","52","4.33","15","1.25","0","0.0","0","1","0","2","14","4.1","0","","8","0.062","0","","15","88.2","1","5.9","5","2","40.0","1","94.2","14.5","-0.4","55.0","45.0","","","0.20","1.8","26.4","29.1","1.9","0.22","28.6"
"193","Byron Pringle","CHI","WR","11","2022","131","43.0","15.3","229","28.9","15","1.4","6.4","0.11","10","66.7","135","12.3","8.6","1.03","9.00","13.50","19","1.90","3","0.30","2","18.2","1","2","1","4","8","5.4","0","","8","0.061","0","","10","66.7","0","","3","3","100.0","1","106.9","14.7","-0.4","74.0","24.4","1.5","","0.27","3.2","35.5","28.9","2.6","0.22","28.9"
"194","Dan Arnold","JAX","TE","16","2022","56","9.1","6.7","74","2.6","11","0.7","2.0","0.20","9","81.8","135","8.4","3.4","2.41","12.27","15.00","79","8.78","18","2.00","0","0.0","2","0","0","0","10","2.3","0","","5","0.089","1","9.1","10","90.9","2","18.2","1","1","100.0","0","117.8","22.0","4.8","17.9","41.1","39.3","1.8","0.40","1.4","22.5","20.8","1.3","0.37","20.8"
"195","Jeff Smith","NYJ","WR","11","2022","62","14.6","12.7","140","4.7","11","1.0","2.9","0.18","8","72.7","134","12.2","5.3","2.16","12.18","16.75","42","5.25","7","0.88","0","0.0","1","1","0","3","11","4.9","1","0.13","5","0.081","0","","9","81.8","1","9.1","1","0","0.0","0","75.6","21.2","3.6","71.0","27.4","1.6","","0.35","1.9","21.4","19.1","1.7","0.31","19.1"
"196","Tanner Hudson","NYG","TE","11","2022","145","37.0","7.1","106","5.2","15","1.4","4.7","0.10","10","66.7","132","12.0","6.1","0.91","8.80","13.20","63","6.30","20","2.00","0","0.0","0","0","0","0","5","2.7","0","","8","0.055","1","6.7","14","93.3","0","","3","0","0.0","0","94.3","12.2","1.3","25.5","31.0","39.3","4.1","0.16","2.1","23.2","21.9","2.0","0.15","21.9"
"197","Zach Gentry","PIT","TE","17","2022","162","25.3","1.2","28","0.8","23","1.4","4.0","0.14","19","82.6","132","7.8","3.6","0.81","5.74","6.95","105","5.53","49","2.58","0","0.0","2","1","0","1","16","4.2","0","","6","0.037","1","4.3","21","91.3","6","26.1","5","3","60.0","0","90.6","11.9","-0.4","1.9","6.8","91.4","","0.20","1.9","32.2","41.2","2.4","0.25","41.2"
"198","Donald Parham","LAC","TE","6","2022","58","22.6","11.2","134","9.0","12","2.0","5.0","0.21","10","83.3","130","21.7","8.4","2.24","10.83","13.00","44","4.40","14","1.40","1","16.7","2","2","1","1","9","6.0","0","","5","0.086","0","","11","91.7","0","","2","1","50.0","0","139.6","18.5","2.2","22.4","37.9","37.9","1.7","0.50","4.8","29.0","23.2","3.9","0.40","23.2"
"199","Durham Smythe","MIA","TE","16","2022","133","22.9","0.9","18","0.6","19","1.2","3.5","0.14","15","78.9","129","8.1","3.0","0.97","6.79","8.60","52","3.47","20","1.33","1","3.6","3","1","1","1","10","2.8","0","","7","0.053","0","","17","89.5","0","","2","1","50.0","0","112.5","9.5","0.8","9.0","18.8","69.2","3.0","0.30","2.5","40.0","34.8","2.2","0.23","30.6"
"200","Brevin Jordan","HST","TE","11","2022","126","30.4","0.7","18","1.1","27","2.5","7.1","0.21","14","51.9","128","11.6","5.5","1.02","4.74","9.14","65","4.64","22","1.57","0","0.0","2","1","0","2","20","8.2","0","","7","0.056","1","3.7","19","70.4","1","3.7","2","1","50.0","0","34.2","21.4","-2.0","16.7","36.5","43.7","3.2","0.21","2.4","26.8","41.8","3.8","0.33","41.8"
"201","Brock Wright","DET","TE","8","2022","84","28.0","-1.9","-30","-7.8","16","2.0","5.6","0.19","11","68.8","126","15.8","5.8","1.50","7.88","11.45","84","7.64","16","1.45","3","21.4","3","0","0","0","10","5.4","0","","8","0.095","3","18.8","14","87.5","1","6.3","1","1","100.0","0","131.8","12.9","2.5","13.1","17.9","69.0","","0.50","5.2","41.6","25.7","3.2","0.31","25.7"
"202","Jack Stoll","PHI","TE","17","2022","177","28.3","-4.4","-61","-2.3","14","0.8","2.6","0.08","11","78.6","123","7.2","2.8","0.69","8.79","11.18","38","3.45","17","1.55","0","0.0","1","0","0","0","10","2.6","0","","5","0.028","0","","11","78.6","1","7.1","1","1","100.0","0","103.3","7.5","3.5","9.6","33.3","57.1","","0.13","1.4","23.3","24.5","1.4","0.14","24.5"
"203","T.Y. Hilton","DAL","WR","3","2022","35","26.9","17.0","170","17.7","10","3.3","8.8","0.29","7","70.0","121","40.3","16.0","3.46","12.10","17.29","34","4.86","23","3.29","0","0.0","0","0","0","3","7","9.0","1","0.14","5","0.143","1","10.0","9","90.0","0","","3","2","66.7","0","110.8","33.3","3.4","60.0","40.0","","","0.55","6.4","19.1","17.2","5.7","0.49","17.2"
"204","Lawrence Cager","NYG, NYJ","WR","7","2022","101","34.9","6.1","110","7.3","18","2.6","7.0","0.18","13","72.2","118","16.9","7.5","1.17","6.56","9.08","79","6.08","27","2.08","1","16.7","1","0","0","1","11","8.5","2","0.15","8","0.079","1","5.6","14","77.8","1","5.6","1","0","0.0","0","68.5","19.8","-0.9","22.8","45.5","30.7","1.0","0.30","4.4","30.8","28.8","4.1","0.29","28.8"
"205","Pharaoh Brown","HST, CLV","TE","16","2022","103","17.4","5.9","113","3.2","19","1.2","3.7","0.18","12","63.2","117","7.3","3.3","1.14","6.16","9.75","72","6.00","29","2.42","0","0.0","2","1","0","2","12","3.5","0","","6","0.058","1","5.3","13","68.4","2","10.5","3","2","66.7","1","58.4","16.1","-1.3","9.7","25.2","64.1","1.0","0.23","1.5","23.7","30.6","1.9","0.30","30.6"
"206","N'Keal Harry","CHI","WR","7","2022","66","30.4","7.8","70","18.1","9","1.3","5.2","0.14","7","77.8","116","16.6","10.8","1.76","12.89","16.57","16","2.29","6","0.86","1","11.1","1","0","0","1","7","5.9","0","","4","0.061","0","","8","88.9","1","11.1","4","3","75.0","1","155.8","17.0","5.0","77.3","22.7","","","0.37","3.5","24.6","16.7","2.4","0.25","16.7"
"207","Josiah Deguara","GB","TE","17","2022","79","13.0","0.7","10","0.3","15","0.9","2.7","0.19","13","86.7","114","6.7","2.9","1.44","7.60","8.77","64","4.92","11","0.85","0","0.0","1","0","0","1","9","2.3","1","0.08","4","0.051","1","6.7","14","93.3","4","26.7","1","1","100.0","0","98.3","15.0","1.4","12.7","44.3","27.8","15.2","0.31","1.4","24.4","21.6","1.3","0.27","21.6"
"208","Teagan Quitoriano","HST","TE","9","2022","98","29.4","3.4","44","4.6","13","1.4","4.4","0.13","7","53.8","113","12.6","5.9","1.15","8.69","16.14","55","7.86","21","3.00","2","16.7","4","3","2","2","11","5.7","0","","5","0.051","1","7.7","9","69.2","0","","1","1","100.0","0","90.7","9.8","1.5","6.1","17.3","76.5","","0.31","3.4","30.3","25.9","2.9","0.26","25.9"
"209","James Mitchell","DET","TE","14","2022","66","13.0","5.3","58","3.3","11","0.8","2.3","0.17","11","100.0","113","8.1","3.1","1.71","10.27","10.27","62","5.64","19","1.73","1","4.5","1","1","1","0","7","2.3","1","0.09","7","0.106","0","","11","100.0","0","","0","0","0.0","0","139.8","14.9","3.5","22.7","19.7","56.1","1.5","0.43","2.0","28.3","16.8","1.2","0.25","16.8"
"210","Breshad Perriman","TB","WR","11","2022","122","26.2","14.4","274","8.6","19","1.7","4.3","0.16","9","47.4","110","10.0","4.0","0.90","5.79","12.22","54","6.00","20","2.22","1","6.7","0","3","1","7","15","4.6","2","0.22","5","0.041","2","10.5","14","73.7","3","15.8","6","0","0.0","0","83.2","14.7","-2.7","70.5","29.5","","","0.20","2.2","24.3","32.6","3.0","0.26","31.5"
"211","Brycen Hopkins","LA","TE","14","2022","73","15.2","10.4","114","6.5","11","0.8","2.7","0.15","7","63.6","109","7.8","4.1","1.49","9.91","15.57","32","4.57","18","2.57","0","0.0","1","0","0","0","7","2.5","2","0.29","5","0.068","1","9.1","8","72.7","0","","1","1","100.0","0","96.4","16.2","1.5","28.8","11.0","57.5","2.7","0.25","1.3","17.9","17.5","1.3","0.24","17.5"
"212","Joe Fortson","KC","TE","13","2022","91","16.9","5.4","70","2.8","13","1.0","2.7","0.14","9","69.2","108","8.3","2.7","1.19","8.31","12.00","30","3.33","12","1.33","2","5.9","5","4","1","1","10","3.2","0","","6","0.066","0","","10","76.9","1","7.7","1","0","0.0","0","134.0","15.1","1.1","35.2","48.4","16.5","","0.34","2.4","30.8","33.3","2.6","0.37","33.3"
"213","John Bates","WAS","TE","16","2022","121","20.0","6.0","127","4.8","21","1.3","3.9","0.17","14","66.7","108","6.8","2.9","0.89","5.14","7.71","53","3.79","14","1.00","1","4.2","2","2","1","2","11","3.2","1","0.07","4","0.033","2","9.5","18","85.7","1","4.8","1","0","0.0","0","94.9","13.7","-2.0","5.0","38.8","52.1","4.1","0.25","1.9","30.8","33.9","2.1","0.28","33.9"
"214","Velus Jones","CHI","WR","12","2022","68","18.0","19.1","229","17.9","12","1.0","4.2","0.18","7","58.3","107","8.9","5.3","1.57","8.92","15.29","42","6.00","15","2.14","1","8.3","1","0","0","5","11","5.9","0","","4","0.059","1","8.3","9","75.0","4","33.3","3","1","33.3","0","115.6","26.1","-1.2","79.4","20.6","","","0.54","3.1","37.0","25.8","2.2","0.31","21.0"
"215","David Sills","NYG","WR","9","2022","114","35.4","7.9","135","25.8","17","1.9","6.7","0.15","11","64.7","106","11.8","6.6","0.93","6.24","9.64","38","3.45","23","2.09","0","0.0","2","0","0","0","11","7.1","3","0.27","7","0.061","1","5.9","12","70.6","0","","2","1","50.0","0","57.5","18.7","-1.3","82.5","16.7","0.9","","0.19","2.4","21.6","29.3","3.3","0.26","29.3"
"216","Ross Dwelley","SF","TE","10","2022","43","13.1","14.6","73","3.5","5","0.5","1.7","0.12","3","60.0","105","10.5","4.5","2.44","21.00","35.00","40","13.33","13","4.33","1","5.9","0","0","0","1","4","2.0","0","","3","0.070","0","","4","80.0","0","","2","1","50.0","0","143.8","11.6","12.3","11.6","46.5","37.2","4.7","0.45","2.0","19.5","7.8","0.8","0.18","7.8"
"217","Steven Sims","PIT","WR","12","2022","147","32.8","2.0","43","2.3","22","1.8","5.5","0.15","14","63.6","104","8.7","4.0","0.71","4.73","7.43","64","4.57","22","1.57","0","0.0","1","1","0","2","16","6.2","2","0.14","5","0.034","1","4.5","17","77.3","6","27.3","3","1","33.3","0","74.8","17.6","-1.4","25.2","73.5","1.4","","0.21","2.6","31.4","40.3","3.4","0.23","34.0"
"218","Jalen Reagor","MIN","WR","17","2022","48","6.5","8.8","115","3.1","13","0.8","1.9","0.27","8","61.5","104","6.1","2.2","2.17","8.00","13.00","26","3.25","12","1.50","1","3.3","1","0","0","2","11","2.4","2","0.25","5","0.104","0","","8","61.5","3","23.1","1","1","100.0","0","72.8","27.7","0.1","58.3","39.6","","2.1","0.56","1.6","26.9","24.5","1.4","0.48","22.9"
"219","Peyton Hendershot","DAL","TE","17","2022","98","16.3","7.1","107","3.0","15","0.9","2.7","0.15","11","73.3","103","6.1","2.6","1.05","6.87","9.36","49","4.45","13","1.18","2","7.1","2","2","2","1","13","3.4","2","0.18","8","0.082","1","6.7","13","86.7","3","20.0","2","2","100.0","0","103.6","15.0","-0.9","8.2","51.0","39.8","1.0","0.40","2.3","39.5","31.7","1.9","0.30","29.2"
"220","River Cracraft","MIA","WR","11","2022","78","17.8","-1.9","-26","-1.4","14","1.3","3.5","0.18","9","64.3","102","9.3","3.3","1.31","7.29","11.33","24","2.67","6","0.67","2","11.8","3","3","2","0","10","4.0","0","","8","0.103","0","","9","64.3","0","","1","1","100.0","0","95.8","20.3","1.4","66.7","32.1","","1.3","0.40","2.8","31.2","29.5","2.7","0.38","29.5"
"221","Anthony Firkser","ATL","TE","11","2022","83","24.8","3.2","41","2.7","13","1.2","4.5","0.16","9","69.2","100","9.1","5.1","1.20","7.69","11.11","16","1.78","9","1.00","0","0.0","1","0","0","0","11","5.3","0","","5","0.060","0","","9","69.2","0","","3","2","66.7","0","91.8","16.9","0.7","14.5","72.3","13.3","","0.23","1.7","19.0","20.9","1.9","0.25","20.9"
"222","Giovanni Ricci","CAR","TE","15","2022","50","11.0","4.7","42","1.5","9","0.6","2.2","0.18","8","88.9","100","6.7","3.5","2.00","11.11","12.50","63","7.88","24","3.00","0","0.0","0","0","0","1","6","2.3","3","0.38","3","0.060","0","","9","100.0","0","","2","1","50.0","0","113.0","13.6","4.4","6.0","22.0","62.0","10.0","0.36","1.2","18.0","14.0","0.9","0.28","14.0"
"223","Marcus Johnson","NYG","WR","14","2022","171","33.7","12.3","259","17.6","21","1.5","4.9","0.12","9","42.9","99","7.1","3.4","0.58","4.71","11.00","36","4.00","14","1.56","0","0.0","3","2","0","2","15","5.9","0","","6","0.035","3","14.3","14","66.7","1","4.8","3","1","33.3","0","57.4","14.4","-4.0","87.7","12.3","","","0.11","1.4","18.9","41.2","2.9","0.24","41.2"
"224","Albert Okwuegbunam","DEN","TE","7","2022","121","45.1","6.1","104","5.4","17","2.4","7.3","0.14","10","58.8","95","13.6","5.4","0.79","5.59","9.50","58","5.80","32","3.20","1","12.5","2","1","1","2","11","7.9","3","0.30","4","0.033","2","11.8","14","82.4","1","5.9","5","2","40.0","0","94.0","15.2","-1.2","18.2","52.1","29.8","","0.21","3.6","25.5","27.6","3.9","0.23","27.6"
"225","Brock Wright","DET","TE","9","2022","70","21.4","3.0","24","1.0","8","0.9","2.6","0.11","7","87.5","90","10.0","3.9","1.29","11.25","12.86","62","8.86","11","1.57","1","6.7","2","1","1","0","5","2.6","0","","5","0.071","0","","7","87.5","2","25.0","0","0","0.0","0","153.1","8.6","4.8","15.7","22.9","57.1","4.3","0.31","2.4","22.0","16.2","1.8","0.23","16.2"
"226","Michael Bandy","LAC","WR","10","2022","130","26.9","8.6","146","15.6","17","1.7","3.9","0.13","10","58.8","89","8.9","3.2","0.68","5.24","8.90","19","1.90","2","0.20","0","0.0","1","0","0","4","9","3.6","0","","5","0.038","0","","13","76.5","0","","3","1","33.3","0","72.9","14.3","-2.1","81.5","18.5","","","0.15","1.9","18.9","26.6","2.7","0.20","26.6"
"227","Parker Hesse","ATL","TE","17","2022","116","23.7","1.1","12","0.4","11","0.6","2.7","0.09","9","81.8","89","5.2","3.0","0.77","8.09","9.89","27","3.00","10","1.11","0","0.0","2","0","0","0","7","2.4","0","","6","0.052","0","","11","100.0","0","","2","1","50.0","0","100.4","5.7","1.7","10.3","27.6","56.9","5.2","0.15","1.1","17.9","17.9","1.1","0.15","17.9"
"228","Cam Sims","WAS","WR","17","2022","156","24.8","8.1","129","4.7","16","0.9","2.9","0.10","8","50.0","89","5.2","2.4","0.57","5.56","11.13","22","2.75","9","1.13","0","0.0","3","2","0","2","13","3.6","0","","5","0.032","0","","11","68.8","0","","4","2","50.0","0","40.9","11.0","-2.9","76.9","23.1","","","0.11","1.0","16.9","30.0","1.8","0.19","30.0"
"229","Quintin Morris","BUF","TE","14","2022","120","20.6","8.2","74","1.6","9","0.6","1.8","0.08","8","88.9","84","6.0","2.2","0.70","9.33","10.50","40","5.00","6","0.75","1","3.3","2","2","1","1","6","1.9","0","","6","0.050","0","","8","88.9","1","11.1","0","0","0.0","1","142.6","7.0","1.1","25.0","43.3","29.2","2.5","0.18","1.5","21.4","18.6","1.3","0.15","18.6"
"230","Samori Toure","GB","WR","11","2022","71","19.0","16.2","146","8.5","9","0.8","2.6","0.13","5","55.6","82","7.5","3.4","1.15","9.11","16.40","8","1.60","3","0.60","1","5.6","1","1","1","4","4","1.7","0","","2","0.028","1","11.1","7","77.8","1","11.1","1","0","0.0","0","123.4","13.6","-0.3","39.4","60.6","","","0.27","1.7","19.2","19.3","1.8","0.27","19.3"
"231","Grant Calcaterra","PHI","TE","14","2022","67","13.3","2.9","23","1.1","8","0.6","1.8","0.12","5","62.5","81","5.8","2.3","1.21","10.13","16.20","38","7.60","24","4.80","0","0.0","2","1","0","0","7","2.1","1","0.20","3","0.045","1","12.5","6","75.0","0","","0","0","0.0","0","96.4","11.1","2.0","14.9","40.3","44.8","","0.20","0.9","13.1","14.6","1.0","0.22","14.6"
"232","Kenny Golladay","NYG","WR","11","2022","131","32.5","10.2","173","9.0","17","1.5","5.1","0.13","6","35.3","81","7.4","3.8","0.62","4.76","13.50","14","2.33","7","1.17","1","8.3","1","2","1","1","8","4.6","0","","4","0.031","2","11.8","11","64.7","0","","9","4","44.4","1","71.0","14.8","-3.3","79.4","20.6","","","0.15","1.8","20.1","30.6","2.8","0.23","30.6"
"233","Ko Kieft","TB","TE","17","2022","51","6.6","-1.5","-15","-0.4","10","0.6","1.3","0.20","7","70.0","80","4.7","1.7","1.57","8.00","11.43","26","3.71","11","1.57","1","3.8","1","0","0","0","7","1.3","0","","5","0.098","3","30.0","10","100.0","0","","1","1","100.0","0","127.1","13.3","1.7","","","66.7","33.3","0.41","1.2","21.0","17.4","1.0","0.34","17.4"
"234","Eric Tomlinson","DEN","TE","17","2022","91","13.7","5.8","75","1.9","13","0.8","2.3","0.14","9","69.2","79","4.6","2.0","0.87","6.08","8.78","46","5.11","15","1.67","2","11.1","4","4","2","0","7","2.2","0","","5","0.055","0","","10","76.9","0","","1","1","100.0","1","124.7","10.1","-0.9","2.2","9.9","87.9","","0.32","1.7","28.9","28.0","1.6","0.31","28.0"
"235","Kyle Philips","TEN","WR","4","2022","46","38.3","7.2","94","12.7","13","3.3","12.6","0.28","8","61.5","78","19.5","11.0","1.70","6.00","9.75","23","2.88","15","1.88","0","0.0","0","0","0","1","10","16.4","0","","3","0.065","2","15.4","11","84.6","1","7.7","4","2","50.0","1","78.4","36.1","-1.3","37.0","58.7","","4.3","0.30","3.5","13.8","21.4","5.3","0.46","21.4"
"236","Taysom Hill","NO","TE","16","2022","119","22.8","-2.4","-29","-1.0","12","0.8","2.5","0.10","9","75.0","77","4.8","2.1","0.65","6.42","8.56","31","3.44","13","1.44","2","8.7","3","1","0","0","7","2.3","2","0.22","5","0.042","1","8.3","12","100.0","2","16.7","2","0","0.0","0","130.9","11.4","0.6","44.5","26.1","27.7","1.7","1.23","9.1","145.8","79.2","4.9","0.19","22.9"
"237","Jalen Virgil","DEN","WR","9","2022","43","12.3","18.8","75","5.2","4","0.4","1.3","0.09","2","50.0","75","8.3","3.6","1.74","18.75","37.50","43","21.50","1","0.50","1","8.3","0","1","0","2","3","1.8","0","","2","0.047","0","","2","50.0","0","","0","0","0.0","0","135.4","11.8","8.3","76.7","23.3","","","0.34","1.6","14.5","7.6","0.8","0.18","7.6"
"238","Kevin White","NO","WR","7","2022","70","27.7","18.0","90","5.3","5","0.7","2.2","0.07","2","40.0","74","10.6","4.4","1.06","14.80","37.00","68","34.00","39","19.50","0","0.0","0","0","0","2","4","2.8","1","0.50","2","0.029","1","20.0","4","80.0","0","","1","0","0.0","0","47.9","8.6","5.5","80.0","20.0","","","0.13","1.3","9.4","10.2","1.5","0.15","10.2"
"239","Freddie Swain","MIA, DEN","WR","4","2022","62","45.3","10.8","65","5.8","6","1.5","5.3","0.10","4","66.7","74","18.5","8.4","1.19","12.33","18.50","28","7.00","5","1.25","0","0.0","0","0","0","1","4","5.1","0","","3","0.048","0","","4","66.7","1","16.7","0","0","0.0","0","69.4","12.2","4.3","27.4","71.0","1.6","","0.18","2.9","11.4","10.0","2.5","0.16","10.0"
"240","Tre' McKitty","LAC","TE","17","2022","189","24.5","1.8","27","1.0","15","0.9","2.1","0.08","10","66.7","72","4.2","1.5","0.38","4.80","7.20","38","3.80","18","1.80","0","0.0","3","2","0","0","2","0.5","1","0.10","0","0.000","2","13.3","12","80.0","0","","0","0","0.0","0","77.6","6.7","-1.5","7.4","33.3","58.7","0.5","0.09","1.0","17.2","27.6","1.6","0.15","27.6"
"241","Andrew Beck","DEN","TE","13","2022","45","9.0","5.1","51","1.4","10","0.8","2.3","0.22","5","50.0","69","5.3","2.3","1.53","6.90","13.80","48","9.60","9","1.80","0","0.0","0","0","0","1","9","3.6","0","","2","0.044","1","10.0","9","90.0","1","10.0","4","1","25.0","3","72.5","21.7","-0.3","4.4","11.1","53.3","31.1","0.26","0.9","11.9","18.0","1.4","0.39","17.4"
"242","Marcedes Lewis","GB","TE","17","2022","73","12.0","4.4","31","1.0","7","0.4","1.2","0.10","6","85.7","66","3.9","1.7","0.90","9.43","11.00","17","2.83","5","0.83","2","7.4","2","2","2","1","4","1.0","0","","5","0.068","0","","6","85.7","0","","2","2","100.0","0","145.5","4.4","1.4","6.8","5.5","87.7","","0.36","1.6","26.6","17.2","1.0","0.24","17.2"
"243","Chris Myarick","NYG","TE","15","2022","56","10.4","2.8","22","1.4","8","0.5","1.8","0.14","7","87.5","65","4.3","2.2","1.16","8.13","9.29","41","5.86","13","1.86","1","6.7","2","1","1","0","3","1.2","1","0.14","5","0.089","1","12.5","8","100.0","1","12.5","2","1","50.0","0","140.1","11.0","1.7","10.7","8.9","78.6","1.8","0.35","1.3","19.5","14.7","1.0","0.26","14.7"
"244","Armani Rogers","WAS","TE","10","2022","48","12.7","1.8","11","0.5","6","0.6","1.8","0.13","5","83.3","64","6.4","3.0","1.33","10.67","12.80","57","11.40","19","3.80","0","0.0","0","0","0","0","3","1.4","1","0.20","4","0.083","0","","5","83.3","2","33.3","1","0","0.0","0","111.1","12.5","4.5","14.6","35.4","43.8","6.3","0.29","1.4","14.0","9.3","0.9","0.18","8.4"
"245","Jake Kumerow","BUF","WR","6","2022","45","16.5","10.9","76","4.0","7","1.2","3.0","0.16","4","57.1","64","10.7","3.6","1.42","9.14","16.00","20","5.00","13","3.25","0","0.0","0","0","0","2","4","2.8","0","","4","0.089","0","","4","57.1","0","","1","1","100.0","0","87.8","14.9","1.1","86.7","8.9","4.4","","0.23","1.7","10.4","10.7","1.8","0.24","10.7"
"246","Jalen Guyton","LAC","WR","3","2022","18","13.6","27.8","111","13.5","4","1.3","3.1","0.22","2","50.0","64","21.3","7.0","3.56","16.00","32.00","8","4.00","1","0.50","0","0.0","0","0","0","3","3","4.7","0","","2","0.111","0","","2","50.0","0","","2","1","50.0","0","95.8","25.0","5.3","83.3","16.7","","","0.47","2.8","8.4","9.3","3.1","0.52","9.3"
"247","James Proche","BLT","WR","15","2022","126","25.1","4.8","76","3.9","16","1.1","3.7","0.13","8","50.0","62","4.1","2.3","0.49","3.88","7.75","12","1.50","8","1.00","0","0.0","1","0","0","3","10","3.5","0","","3","0.024","1","6.3","11","68.8","0","","1","1","100.0","1","59.9","15.1","-3.1","23.0","77.0","","","0.10","0.9","13.2","27.0","1.8","0.21","27.0"
"248","Trent Taylor","CIN","WR","16","2022","68","10.0","4.4","44","1.4","10","0.6","1.6","0.15","6","60.0","62","3.9","1.4","0.91","6.20","10.33","43","7.17","27","4.50","0","0.0","0","0","0","0","6","1.5","1","0.17","1","0.015","0","","7","70.0","3","30.0","3","2","66.7","0","77.9","15.9","-0.4","14.7","85.3","","","0.19","0.8","12.7","20.1","1.3","0.24","16.5"
"249","Jamison Crowder","BUF","WR","4","2022","65","33.7","9.6","115","10.6","12","3.0","7.1","0.18","6","50.0","60","15.0","4.9","0.92","5.00","10.00","32","5.33","9","1.50","0","0.0","0","0","0","3","9","9.0","0","","4","0.062","1","8.3","8","66.7","1","8.3","4","1","25.0","0","29.9","20.7","-3.0","13.8","86.2","","","0.18","3.0","12.0","16.9","4.2","0.26","16.9"
"250","Shane Zylstra","DET","TE","13","2022","113","23.8","8.1","121","7.5","15","1.2","3.3","0.13","11","73.3","60","4.6","1.8","0.53","4.00","5.45","11","1.00","1","0.09","4","16.7","4","4","4","1","8","2.8","0","","6","0.053","0","","11","73.3","0","","2","2","100.0","0","119.4","13.3","-3.6","39.8","34.5","25.7","","0.36","3.2","41.0","32.1","2.5","0.28","32.1"
"251","Mike Strachan","IND","WR","13","2022","66","12.1","17.7","159","8.9","9","0.7","1.9","0.14","3","33.3","59","4.5","1.9","0.89","6.56","19.67","11","3.67","4","1.33","0","0.0","4","4","0","3","6","2.1","0","","3","0.045","1","11.1","4","44.4","0","","1","0","0.0","0","57.2","15.0","-3.8","92.4","7.6","","","0.13","0.7","8.9","20.8","1.6","0.31","20.8"
"252","Geoff Swaim","TEN","TE","17","2022","99","18.7","0.5","8","0.3","16","0.9","3.5","0.16","12","75.0","58","3.4","1.8","0.59","3.63","4.83","42","3.50","10","0.83","1","6.3","5","1","0","0","13","4.4","0","","4","0.040","3","18.8","15","93.8","3","18.8","0","0","0.0","0","100.5","11.1","-2.7","5.1","20.2","71.7","3.0","0.24","1.4","23.8","27.4","1.6","0.28","27.4"
"253","D'Wayne Eskridge","SEA","WR","10","2022","89","24.8","3.7","44","1.8","12","1.2","3.8","0.13","7","58.3","58","5.8","2.3","0.65","4.83","8.29","47","6.71","16","2.29","0","0.0","1","0","0","0","9","4.0","1","0.14","4","0.045","0","","9","75.0","2","16.7","1","0","0.0","0","70.8","16.2","-1.4","37.1","61.8","1.1","","0.16","1.4","13.8","20.0","2.0","0.22","19.3"
"254","Tyler Kroft","SF","TE","11","2022","55","16.6","1.8","11","2.1","6","0.5","2.0","0.11","4","66.7","57","5.2","2.3","1.04","9.50","14.25","16","4.00","2","0.50","0","0.0","0","0","0","1","4","2.0","0","","2","0.036","0","","4","66.7","1","16.7","0","0","0.0","0","97.2","9.8","2.8","20.0","18.2","60.0","1.8","0.18","0.9","9.7","12.9","1.2","0.23","12.9"
"255","Nick Vannett","NO, NYG","TE","9","2022","77","21.2","3.3","30","3.2","9","1.0","2.8","0.12","6","66.7","55","6.1","2.4","0.71","6.11","9.17","32","5.33","8","1.33","0","0.0","1","0","0","0","3","1.6","0","","1","0.013","1","11.1","8","88.9","0","","2","0","0.0","0","83.1","11.7","-0.2","16.9","23.4","58.4","1.3","0.15","1.3","11.5","16.1","1.8","0.21","16.1"
"256","Cody Hollister","TEN","WR","11","2022","44","14.1","15.8","79","3.9","5","0.5","1.8","0.11","3","60.0","54","4.9","2.5","1.23","10.80","18.00","8","2.67","2","0.67","0","0.0","1","0","0","1","3","1.7","0","","2","0.045","0","","3","60.0","0","","1","1","100.0","1","57.5","14.7","0.5","86.4","13.6","","","0.19","0.8","8.4","8.1","0.7","0.18","8.1"
"257","Gunner Olszewski","PIT","WR","16","2022","77","13.2","8.8","53","1.7","6","0.4","1.2","0.08","5","83.3","53","3.3","1.6","0.69","8.83","10.60","14","2.80","9","1.80","0","0.0","1","1","0","1","5","1.5","1","0.20","1","0.013","0","","6","100.0","1","16.7","0","0","0.0","1","103.5","8.6","1.2","19.5","77.9","2.6","","0.17","0.8","13.2","13.9","0.9","0.14","10.5"
"258","Anthony Schwartz","CLV","WR","10","2022","61","16.1","9.9","99","4.6","10","1.0","2.9","0.16","4","40.0","51","5.1","2.3","0.84","5.10","12.75","21","5.25","5","1.25","0","0.0","0","0","0","2","6","2.6","1","0.25","2","0.033","2","20.0","7","70.0","0","","2","0","0.0","0","56.7","19.2","-2.7","49.2","50.8","","","0.32","2.0","19.8","17.3","1.7","0.25","15.5"
"259","Charlie Kolar","BLT","TE","2","2022","25","34.2","8.0","48","9.4","6","3.0","9.2","0.24","4","66.7","49","24.5","11.8","1.96","8.17","12.25","22","5.50","8","2.00","0","0.0","1","1","0","0","4","9.1","0","","3","0.120","0","","5","83.3","0","","2","1","50.0","0","91.7","27.3","0.6","8.0","80.0","12.0","","0.36","4.5","8.9","10.4","5.2","0.42","10.4"
"260","Chris Conley","HST, TEN","WR","9","2022","72","24.1","12.6","88","4.6","7","0.8","2.7","0.10","4","57.1","46","5.1","3.1","0.64","6.57","11.50","5","1.25","","","0","0.0","0","0","0","2","6","3.5","0","","2","0.028","1","14.3","6","85.7","0","","3","2","66.7","1","77.1","11.5","-1.9","83.3","16.7","","","0.12","1.0","8.6","9.8","1.1","0.14","9.8"
"261","Stephen Sullivan","CAR","TE","14","2022","65","16.2","15.4","77","3.1","5","0.4","1.4","0.08","2","40.0","46","3.3","1.8","0.71","9.20","23.00","31","15.50","3","1.50","0","0.0","0","0","0","2","3","1.3","0","","2","0.031","0","","2","40.0","0","","1","0","0.0","0","34.2","9.8","-1.3","6.2","43.1","50.8","","0.10","0.5","6.6","10.6","0.8","0.16","10.6"
"262","Mike Woods","CLV","WR","10","2022","88","23.5","16.4","131","5.0","8","0.8","2.5","0.09","5","62.5","45","4.5","1.9","0.51","5.63","9.00","19","3.80","5","1.00","0","0.0","1","2","0","3","7","3.5","0","","3","0.034","0","","5","62.5","0","","0","0","0.0","0","38.0","12.3","-3.6","67.0","31.8","","1.1","0.10","0.9","9.0","17.5","1.8","0.20","17.2"
"263","Andre Baccellia","ARZ","WR","8","2022","61","17.7","8.4","84","4.1","10","1.3","3.2","0.16","7","70.0","45","5.6","2.4","0.74","4.50","6.43","13","1.86","5","0.71","0","0.0","1","1","0","1","8","3.7","0","","4","0.066","1","10.0","8","80.0","0","","1","1","100.0","0","79.2","15.9","-3.1","85.2","14.8","","","0.19","1.4","11.5","16.3","2.0","0.27","16.3"
"264","Brandon Johnson","DEN","WR","7","2022","119","45.9","15.2","152","22.4","10","1.4","4.5","0.08","6","60.0","42","6.0","2.7","0.35","4.20","7.00","12","2.00","4","0.67","1","10.0","1","2","1","3","4","3.3","1","0.17","2","0.017","0","","6","60.0","0","","1","1","100.0","0","102.9","10.8","-4.3","90.8","9.2","","","0.13","2.2","15.2","16.6","2.4","0.14","16.6"
"265","Laquon Treadwell","SEA","WR","6","2022","74","30.2","3.4","27","4.2","8","1.3","3.8","0.11","6","75.0","42","7.0","2.7","0.57","5.25","7.00","11","1.83","8","1.33","0","0.0","2","0","0","0","8","5.6","0","","3","0.041","1","12.5","7","87.5","0","","0","0","0.0","0","86.5","13.1","-1.1","70.3","29.7","","","0.14","1.7","10.2","14.6","2.4","0.20","14.6"
"266","Chris Manhertz","JAX","TE","17","2022","72","11.1","-1.9","-15","-0.5","8","0.5","1.3","0.11","6","75.0","42","2.5","1.0","0.58","5.25","7.00","37","6.17","6","1.00","0","0.0","1","0","0","0","6","1.3","1","0.17","2","0.028","1","12.5","8","100.0","2","25.0","0","0","0.0","0","86.5","6.6","-1.0","2.8","4.2","93.1","","0.14","0.6","10.2","11.6","0.7","0.16","11.6"
"267","John Brown","BUF","WR","3","2022","9","8.5","42.5","85","-24.6","2","0.7","2.2","0.22","1","50.0","42","14.0","6.7","4.67","21.00","42.00","1","1.00","","","1","16.7","0","0","0","2","2","3.2","0","","1","0.111","0","","2","100.0","0","","1","0","0.0","1","135.4","22.2","6.0","100.0","","","","1.24","3.7","11.2","3.2","1.1","0.35","3.2"
"268","Jameson Williams","DET","WR","6","2022","38","16.2","11.3","102","850.0","9","1.5","4.0","0.24","1","11.1","41","6.8","2.3","1.08","4.56","41.00","4","4.00","","","1","8.3","0","1","0","2","7","4.9","0","","1","0.026","2","22.2","4","44.4","1","11.1","1","0","0.0","0","83.1","24.3","-4.2","76.3","23.7","","","0.40","2.5","15.1","20.0","3.3","0.51","19.5"
"269","Luke Farrell","JAX","TE","16","2022","15","2.4","-7.5","-30","-1.0","4","0.3","0.7","0.27","4","100.0","40","2.5","1.0","2.67","10.00","10.00","37","9.25","16","4.00","0","0.0","0","0","0","0","4","0.9","1","0.25","3","0.200","0","","4","100.0","1","25.0","0","0","0.0","0","108.3","18.2","5.9","6.7","6.7","86.7","","0.53","0.5","8.0","5.6","0.4","0.38","5.6"
"270","Racey McMath","TEN","WR","4","2022","43","28.1","25.0","175","17.9","7","1.8","5.3","0.16","2","28.6","40","10.0","4.7","0.93","5.71","20.00","7","3.50","1","0.50","0","0.0","1","2","0","6","5","5.7","0","","1","0.023","0","","5","71.4","0","","3","0","0.0","0","11.3","21.9","-5.5","83.7","16.3","","","0.15","1.6","6.4","13.8","3.5","0.31","13.4"
"271","Mike Thomas","CIN","WR","10","2022","102","24.1","16.1","129","5.1","8","0.8","2.1","0.08","2","25.0","38","3.8","1.3","0.37","4.75","19.00","24","12.00","25","12.50","0","0.0","3","3","0","2","7","2.9","1","0.50","1","0.010","2","25.0","5","62.5","0","","3","1","33.3","0","46.9","8.8","-4.6","84.3","15.7","","","0.08","0.8","7.8","19.9","2.0","0.20","19.9"
"272","Dax Milne","WAS","WR","15","2022","34","6.1","5.1","36","0.9","7","0.5","1.4","0.21","6","85.7","37","2.5","1.1","1.09","5.29","6.17","14","2.33","8","1.33","1","5.0","3","0","0","0","4","1.3","0","","2","0.059","0","","6","85.7","0","","1","1","100.0","0","128.3","25.0","-1.1","47.1","52.9","","","0.46","1.0","15.7","12.5","0.8","0.37","12.5"
"273","Kendall Blanton","LA","TE","4","2022","7","4.2","6.0","12","1.3","2","0.5","1.3","0.29","2","100.0","35","8.8","3.3","5.00","17.50","17.50","23","11.50","5","2.50","0","0.0","0","0","0","0","1","1.0","0","","1","0.143","0","","2","100.0","0","","0","0","0.0","0","118.8","20.0","10.4","14.3","","85.7","","0.79","1.4","5.5","2.8","0.7","0.40","2.8"
"274","Cole Beasley","BUF, TB","WR","4","2022","19","11.0","3.3","23","1.8","7","1.8","4.4","0.37","6","85.7","35","8.8","3.1","1.84","5.00","5.83","17","2.83","2","0.33","0","0.0","0","0","0","0","6","5.3","0","","1","0.053","1","14.3","7","100.0","1","14.3","0","0","0.0","0","87.5","43.8","-1.0","21.1","78.9","","","0.50","2.4","9.5","10.1","2.5","0.53","10.1"
"275","Tylan Wallace","BLT","WR","8","2022","42","14.3","14.3","86","4.1","6","0.8","2.3","0.14","4","66.7","33","4.1","1.9","0.79","5.50","8.25","11","2.75","8","2.00","0","0.0","0","0","0","2","5","2.8","1","0.25","1","0.024","0","","4","66.7","0","","0","0","0.0","0","80.6","17.1","-3.1","73.8","26.2","","","0.17","0.9","7.3","10.0","1.2","0.24","10.0"
"276","Deven Thompkins","TB","WR","5","2022","33","14.2","8.3","83","5.8","10","2.0","4.4","0.30","5","50.0","32","6.4","2.3","0.97","3.20","6.40","32","6.40","19","3.80","0","0.0","0","0","0","2","9","5.7","2","0.40","1","0.030","0","","7","70.0","2","20.0","1","0","0.0","0","57.1","27.0","-4.3","84.8","12.1","","3.0","0.33","2.2","10.8","18.4","3.7","0.53","17.4"
"277","Tim Jones","JAX","WR","16","2022","43","7.0","-7.8","-31","-1.1","4","0.3","0.7","0.09","3","75.0","30","1.9","0.8","0.70","7.50","10.00","23","7.67","15","5.00","0","0.0","0","0","0","0","3","0.7","1","0.33","1","0.023","0","","4","100.0","2","50.0","1","1","100.0","0","95.8","7.8","3.1","81.4","16.3","2.3","","0.14","0.4","6.0","5.4","0.3","0.13","5.4"
"278","Kyle Rudolph","TB","TE","9","2022","28","6.4","10.0","50","5.7","5","0.6","1.2","0.18","3","60.0","28","3.1","1.1","1.00","5.60","9.33","4","1.33","2","0.67","1","8.3","2","2","1","0","4","1.4","0","","2","0.071","1","20.0","4","80.0","0","","0","0","0.0","0","115.0","13.5","-3.0","7.1","10.7","82.1","","0.42","1.3","11.8","10.2","1.1","0.36","10.2"
"279","Tyrie Cleveland","DEN","WR","5","2022","36","17.3","14.6","102","6.4","7","1.4","3.8","0.19","2","28.6","28","5.6","2.1","0.78","4.00","14.00","17","8.50","11","5.50","0","0.0","1","2","0","2","3","2.9","2","1.00","1","0.028","0","","3","42.9","0","","0","0","0.0","0","4.2","24.1","-5.0","66.7","33.3","","","0.13","1.0","4.8","14.1","2.8","0.39","14.1"
"280","Ben Ellefson","MIN","TE","4","2022","6","3.6","5.3","16","1.6","3","0.8","1.9","0.50","3","100.0","26","6.5","2.5","4.33","8.67","8.67","10","3.33","-1","-0.33","0","0.0","1","0","0","0","3","2.9","0","","2","0.333","0","","3","100.0","0","","1","1","100.0","0","102.8","17.6","1.5","16.7","","83.3","","0.93","1.4","5.6","4.5","1.1","0.75","4.5"
"281","Tyler Davis","GB","TE","17","2022","35","5.8","2.8","14","0.4","5","0.3","0.9","0.14","4","80.0","26","1.5","0.7","0.74","5.20","6.50","27","6.75","5","1.25","0","0.0","0","0","0","0","3","0.8","0","","1","0.029","0","","4","80.0","0","","0","0","0.0","0","48.8","8.5","-1.3","28.6","25.7","45.7","","0.19","0.4","6.6","7.5","0.4","0.21","7.5"
"282","Ryan Griffin","CHI","TE","15","2022","40","9.0","4.3","30","1.7","7","0.5","2.1","0.18","4","57.1","26","1.7","1.1","0.65","3.71","6.50","10","2.50","2","0.50","0","0.0","2","1","0","0","4","1.8","0","","1","0.025","0","","4","57.1","1","14.3","1","1","100.0","0","65.2","17.9","-3.0","","17.5","80.0","2.5","0.17","0.4","6.6","11.4","0.8","0.29","11.4"
"283","Jaelon Darden","TB, CLV","WR","14","2022","40","6.5","5.5","11","0.5","2","0.1","0.3","0.05","2","100.0","26","1.9","0.7","0.65","13.00","13.00","15","7.50","5","2.50","0","0.0","0","0","0","0","2","0.5","0","","1","0.025","0","","2","100.0","1","50.0","0","0","0.0","0","118.8","5.4","5.6","70.0","30.0","","","0.12","0.3","4.8","3.8","0.3","0.08","3.2"
"284","Trevon Wesco","CHI","TE","14","2022","21","5.0","5.5","22","1.4","4","0.3","1.3","0.19","2","50.0","26","1.9","1.2","1.24","6.50","13.00","12","6.00","6","3.00","0","0.0","2","0","0","0","2","0.9","1","0.50","1","0.048","1","25.0","3","75.0","0","","0","0","0.0","0","70.8","10.3","-0.8","4.8","4.8","90.5","","0.31","0.5","6.6","7.3","0.5","0.35","7.3"
"285","Daylen Baldwin","CLV","WR","1","2022","5","15.6","12.5","25","21.7","2","2.0","7.1","0.40","2","100.0","25","25.0","15.5","5.00","12.50","12.50","0","","","","0","0.0","0","0","0","0","2","9.5","0","","2","0.400","0","","2","100.0","0","","0","0","0.0","0","118.8","40.0","3.5","80.0","20.0","","","0.90","4.5","4.5","3.4","3.4","0.69","3.4"
"286","Dezmon Patmon","IND","WR","1","2022","15","42.9","13.8","69","25.8","5","5.0","16.7","0.33","2","40.0","24","24.0","12.3","1.60","4.80","12.00","8","4.00","6","3.00","0","0.0","1","1","0","1","3","15.8","0","","1","0.067","1","20.0","5","100.0","0","","3","1","33.3","0","55.4","35.7","-4.0","80.0","20.0","","","0.29","4.4","4.4","10.2","10.2","0.68","10.2"
"287","Simi Fehoko","DAL","WR","5","2022","21","13.3","12.8","51","4.4","4","0.8","2.7","0.19","3","75.0","24","4.8","2.5","1.14","6.00","8.00","10","3.33","5","1.67","0","0.0","0","0","0","1","4","3.8","0","","1","0.048","1","25.0","4","100.0","0","","1","1","100.0","0","89.6","21.1","-2.4","66.7","33.3","","","0.26","1.1","5.4","7.1","1.4","0.34","7.1"
"288","Dareke Young","SEA","WR","12","2022","29","6.2","0.0","0","0.0","2","0.2","0.5","0.07","2","100.0","24","2.0","0.8","0.83","12.00","12.00","24","12.00","12","6.00","0","0.0","0","0","0","0","2","0.7","1","0.50","2","0.069","0","","2","100.0","1","50.0","0","0","0.0","0","116.7","7.7","6.7","51.7","44.8","","3.4","0.15","0.4","4.4","7.0","0.6","0.24","7.0"
"289","Cole Turner","WAS","TE","10","2022","68","20.8","8.9","71","8.1","8","0.8","2.7","0.12","2","25.0","23","2.3","1.1","0.34","2.88","11.50","8","4.00","4","2.00","0","0.0","1","1","0","0","5","2.6","0","","1","0.015","1","12.5","5","62.5","0","","2","0","0.0","0","39.6","10.4","-5.4","17.6","51.5","30.9","","0.06","0.4","4.3","15.1","1.5","0.22","15.1"
"290","Cade Johnson","SEA","WR","3","2022","31","27.2","8.5","34","4.2","4","1.3","4.3","0.13","2","50.0","21","7.0","3.5","0.68","5.25","10.50","8","4.00","3","1.50","0","0.0","0","0","0","0","3","4.1","0","","2","0.065","0","","3","75.0","0","","1","0","0.0","0","65.6","16.7","-2.2","29.0","67.7","3.2","","0.13","1.4","4.1","6.0","2.0","0.19","6.0"
"291","Andy Isabella","BLT, ARZ","WR","5","2022","42","22.8","13.0","65","6.1","5","1.0","3.0","0.12","2","40.0","21","4.2","2.2","0.50","4.20","10.50","5","2.50","3","1.50","0","0.0","0","0","0","1","4","3.6","0","","2","0.048","0","","2","40.0","0","","0","0","0.0","0","52.9","13.5","-4.6","59.5","40.5","","","0.10","0.8","4.2","8.6","1.7","0.20","8.4"
"292","Penny Hart","SEA","WR","7","2022","21","7.7","8.0","32","1.6","4","0.6","1.6","0.19","3","75.0","20","2.9","1.1","0.95","5.00","6.67","11","3.67","8","2.67","0","0.0","0","1","0","1","4","2.5","0","","1","0.048","0","","3","75.0","1","25.0","1","1","100.0","0","85.4","21.1","-2.2","38.1","61.9","","","0.24","0.7","5.0","6.6","0.9","0.32","6.6"
"293","Blake Bell","KC","TE","3","2022","10","9.3","5.5","11","1.5","2","0.7","2.1","0.20","2","100.0","20","6.7","2.7","2.00","10.00","10.00","9","4.50","2","1.00","1","16.7","1","0","0","0","2","2.8","0","","1","0.100","0","","2","100.0","0","","0","0","0.0","0","147.9","20.0","3.0","","20.0","80.0","","1.00","3.3","10.0","2.9","1.0","0.29","2.9"
"294","Lil'Jordan Humphrey","NE","WR","5","2022","41","25.9","5.5","22","1.8","4","0.8","2.9","0.10","2","50.0","20","4.0","1.8","0.49","5.00","10.00","15","7.50","5","2.50","0","0.0","0","0","0","0","4","4.4","0","","0","0.000","0","","2","50.0","1","25.0","0","0","0.0","0","64.6","9.5","-2.0","24.4","73.2","2.4","","0.10","0.8","4.0","6.1","1.2","0.15","6.1"
"295","Keke Coutee","IND","WR","7","2022","2","0.7","10.0","10","0.6","1","0.1","0.4","0.50","1","100.0","20","2.9","1.3","10.00","20.00","20.00","10","10.00","1","1.00","0","0.0","0","0","0","0","1","0.7","0","","0","0.000","0","","1","100.0","0","","0","0","0.0","0","118.8","33.3","12.5","","100.0","","","1.00","0.3","2.0","1.5","0.2","0.76","1.5"
"296","Jesper Horsted","LV","TE","11","2022","25","5.9","6.8","27","0.8","4","0.4","1.0","0.16","3","75.0","19","1.7","0.7","0.76","4.75","6.33","5","1.67","7","2.33","0","0.0","0","0","0","0","3","1.2","0","","0","0.000","0","","4","100.0","0","","2","1","50.0","0","84.4","14.3","-2.5","20.0","40.0","40.0","","0.20","0.4","4.9","5.5","0.5","0.22","5.5"
"297","Maxx Williams","ARZ","TE","11","2022","33","6.7","4.0","12","0.4","3","0.3","0.7","0.09","3","100.0","18","1.6","0.7","0.55","6.00","6.00","6","2.00","2","0.67","0","0.0","0","0","0","0","0","0.0","0","","0","0.000","0","","3","100.0","0","","1","1","100.0","1","91.7","5.7","-0.5","3.0","6.1","81.8","9.1","0.15","0.4","4.8","4.3","0.4","0.13","4.3"
"298","Keith Kirkwood","NO","WR","5","2022","62","45.6","13.5","54","5.7","4","0.8","3.2","0.06","2","50.0","18","3.6","2.0","0.29","4.50","9.00","4","2.00","2","1.00","0","0.0","0","0","0","1","4","4.9","0","","1","0.016","1","25.0","4","100.0","0","","2","1","50.0","0","62.5","6.7","-4.9","38.7","59.7","1.6","","0.06","0.8","3.8","7.4","1.5","0.12","7.4"
"299","Stone Smartt","LAC","TE","7","2022","35","11.2","-17.4","-87","-74.4","5","0.7","1.8","0.14","4","80.0","17","2.4","0.8","0.49","3.40","4.25","6","1.50","","","0","0.0","0","0","0","0","3","1.8","0","","1","0.029","0","","4","80.0","0","","0","0","0.0","0","80.8","15.2","1.0","31.4","42.9","25.7","","0.16","0.8","5.7","6.9","1.0","0.20","6.9"
"300","Braylon Sanders","MIA","WR","3","2022","18","18.0","13.7","41","4.5","3","1.0","3.3","0.17","2","66.7","17","5.7","1.8","0.94","5.67","8.50","2","1.00","","","0","0.0","0","0","0","1","3","4.7","0","","0","0.000","0","","2","66.7","0","","0","0","0.0","0","81.3","20.0","-3.3","72.2","27.8","","","0.15","0.9","2.7","4.5","1.5","0.25","4.5"
"301","Juwann Winfree","GB","WR","3","2022","22","17.2","12.3","49","6.6","4","1.3","3.4","0.18","1","25.0","17","5.7","2.2","0.77","4.25","17.00","5","5.00","","","0","0.0","0","0","0","1","4","4.9","0","","1","0.045","1","25.0","2","50.0","0","","0","0","0.0","0","44.8","16.7","-4.1","40.9","59.1","","","0.12","0.9","2.7","8.2","2.7","0.37","8.2"
"302","Dennis Houston","DAL","WR","2","2022","44","55.7","13.8","83","15.3","6","3.0","8.2","0.14","2","33.3","16","8.0","3.7","0.36","2.67","8.00","6","3.00","6","3.00","0","0.0","0","1","0","2","5","10.0","0","","0","0.000","0","","2","33.3","0","","0","0","0.0","0","42.4","14.3","-6.2","93.2","6.8","","","0.08","1.8","3.6","12.0","6.0","0.27","12.0"
"303","Ihmir Smith-Marsette","KC, CHI","WR","8","2022","28","11.4","8.3","25","1.6","3","0.4","1.6","0.11","1","33.3","15","1.9","1.1","0.54","5.00","15.00","5","5.00","6","6.00","0","0.0","0","0","0","0","2","1.5","1","1.00","0","0.000","1","33.3","2","66.7","0","","0","0","0.0","0","50.7","15.0","-2.3","71.4","28.6","","","0.05","0.2","1.4","5.0","0.6","0.17","4.6"
"304","Bryan Edwards","ATL","WR","7","2022","44","21.2","9.0","45","3.0","5","0.7","3.0","0.11","3","60.0","15","2.1","1.2","0.34","3.00","5.00","11","3.67","8","2.67","0","0.0","3","1","0","1","4","3.3","0","","0","0.000","0","","3","60.0","1","20.0","0","0","0.0","0","25.0","12.2","-4.6","84.1","15.9","","","0.10","0.6","4.5","12.1","1.7","0.28","12.1"
"305","Ty Montgomery","NE","WR","1","2022","11","33.3","2.5","10","3.8","4","4.0","13.3","0.36","3","75.0","15","15.0","7.0","1.36","3.75","5.00","9","3.00","3","1.00","1","100.0","1","0","0","0","2","12.5","0","","1","0.091","0","","3","75.0","0","","0","0","0.0","0","119.8","26.7","-1.7","","","","100.0","0.94","10.3","10.3","7.4","7.4","0.62","6.8"
"306","Frank Darby","ATL","WR","5","2022","18","12.1","15.0","15","1.4","1","0.2","0.8","0.06","1","100.0","15","3.0","1.5","0.83","15.00","15.00","0","","","","0","0.0","0","0","0","0","0","0.0","0","","1","0.056","0","","1","100.0","0","","1","1","100.0","0","118.8","7.1","4.6","77.8","22.2","","","0.14","0.5","2.5","1.2","0.2","0.06","1.2"
"307","Quintez Cephus","DET","WR","4","2022","20","12.4","5.3","16","1.2","3","0.8","2.0","0.15","2","66.7","15","3.8","1.3","0.75","5.00","7.50","4","2.00","2","1.00","0","0.0","0","0","0","0","3","2.9","0","","1","0.050","0","","2","66.7","0","","0","0","0.0","0","78.5","13.0","-1.6","70.0","30.0","","","0.18","0.9","3.5","4.5","1.1","0.22","4.5"
"308","Nsimba Webster","CHI","WR","1","2022","8","24.2","7.7","23","15.9","3","3.0","13.6","0.38","2","66.7","14","14.0","9.2","1.75","4.67","7.00","4","2.00","1","0.50","0","0.0","0","0","0","0","2","12.5","0","","1","0.125","0","","2","66.7","0","","1","0","0.0","0","77.1","50.0","-2.5","100.0","","","","0.43","3.4","3.4","4.9","4.9","0.61","4.9"
"309","Deonte Harty","NO","WR","4","2022","18","12.5","3.0","6","0.5","2","0.5","1.6","0.11","2","100.0","13","3.3","1.4","0.72","6.50","6.50","7","3.50","2","1.00","0","0.0","0","0","0","0","2","2.2","0","","0","0.000","0","","2","100.0","1","50.0","0","0","0.0","0","93.8","12.5","0.5","66.7","33.3","","","0.13","0.6","2.3","3.1","0.8","0.17","3.1"
"310","Austin Trammell","LA","WR","6","2022","28","14.9","-13.3","-53","-50.5","4","0.7","2.6","0.14","2","50.0","13","2.2","1.3","0.46","3.25","6.50","0","","","","0","0.0","0","0","0","0","4","4.0","0","","1","0.036","0","","3","75.0","0","","1","0","0.0","1","57.3","18.2","-0.7","39.3","60.7","","","0.12","0.6","3.3","5.9","1.0","0.21","5.9"
"311","Jalen Tolbert","DAL","WR","7","2022","39","16.3","15.0","45","5.6","3","0.4","1.3","0.08","2","66.7","12","1.7","0.7","0.31","4.00","6.00","2","1.00","1","0.50","0","0.0","1","0","0","1","3","1.7","0","","0","0.000","0","","2","66.7","0","","1","1","100.0","0","74.3","8.3","-4.7","89.7","10.3","","","0.08","0.5","3.2","5.7","0.8","0.15","5.7"
"312","Miles Boykin","PIT","WR","16","2022","27","4.4","15.0","45","1.4","3","0.2","0.6","0.11","2","66.7","11","0.7","0.3","0.41","3.67","5.50","0","","-1","-0.50","0","0.0","0","0","0","1","2","0.6","0","","1","0.037","0","","2","66.7","0","","2","1","50.0","0","72.9","13.0","-6.1","70.4","29.6","","","0.11","0.2","3.1","5.5","0.3","0.20","5.5"
"313","Sean McKeon","DAL","TE","13","2022","15","3.2","1.0","2","0.1","2","0.2","0.5","0.13","2","100.0","11","0.8","0.3","0.73","5.50","5.50","9","4.50","3","1.50","0","0.0","0","0","0","0","2","0.7","0","","1","0.067","0","","2","100.0","0","","1","1","100.0","0","89.6","9.5","-0.3","6.7","","80.0","13.3","0.21","0.2","3.1","3.1","0.2","0.20","3.1"
"314","Danny Gray","SF","WR","13","2022","26","6.2","24.3","146","12.1","6","0.5","1.5","0.23","1","16.7","10","0.8","0.3","0.38","1.67","10.00","4","4.00","2","2.00","0","0.0","0","0","0","3","5","1.9","0","","1","0.038","0","","2","33.3","0","","1","0","0.0","0","39.6","24.0","-8.6","84.6","15.4","","","0.11","0.2","2.9","10.4","0.8","0.38","9.9"
"315","Stephen Anderson","ARZ","TE","14","2022","39","6.4","5.3","37","1.1","7","0.5","1.3","0.18","3","42.9","9","0.6","0.3","0.23","1.29","3.00","7","2.33","4","1.33","0","0.0","0","1","0","1","6","1.6","0","","0","0.000","3","42.9","7","100.0","1","14.3","1","1","100.0","0","50.3","16.3","-6.1","10.3","17.9","66.7","5.1","0.10","0.3","3.9","12.3","0.9","0.31","12.3"
"316","Kavontae Turpin","DAL","WR","17","2022","25","4.2","3.0","3","0.1","1","0.1","0.2","0.04","1","100.0","9","0.5","0.2","0.36","9.00","9.00","6","6.00","","","0","0.0","0","0","0","0","1","0.3","0","","0","0.000","0","","1","100.0","0","","0","0","0.0","0","104.2","5.0","3.6","20.0","80.0","","","0.06","0.1","1.6","3.1","0.2","0.05","1.4"
"317","Tyron Johnson","LV, HST","WR","4","2022","12","8.3","-2.0","-2","-0.2","1","0.3","0.8","0.08","1","100.0","8","2.0","1.0","0.67","8.00","8.00","10","10.00","-1","-1.00","0","0.0","0","0","0","0","1","1.3","0","","0","0.000","0","","1","100.0","1","100.0","0","0","0.0","0","100.0","9.1","2.5","100.0","","","","0.15","0.5","1.8","1.8","0.5","0.15","1.8"
"318","Jeremy Ruckert","NYJ","TE","5","2022","13","7.4","3.5","7","0.5","2","0.4","1.2","0.15","1","50.0","8","1.6","0.6","0.62","4.00","8.00","3","3.00","1","1.00","0","0.0","0","0","0","0","2","1.9","0","","0","0.000","1","50.0","2","100.0","1","50.0","0","0","0.0","0","60.4","15.4","-2.4","7.7","23.1","69.2","","0.14","0.4","1.8","2.8","0.6","0.22","2.8"
"319","Tommy Sweeney","BUF","TE","6","2022","16","6.9","-1.0","-1","-0.2","1","0.2","0.5","0.06","1","100.0","7","1.2","0.4","0.44","7.00","7.00","8","8.00","","","0","0.0","0","0","0","0","1","0.7","0","","1","0.063","0","","1","100.0","0","","0","0","0.0","0","95.8","4.2","2.1","6.3","18.8","56.3","18.8","0.11","0.3","1.7","1.5","0.3","0.10","1.5"
"320","Maurice Alexander","DET","WR","4","2022","1","0.7","2.0","2","0.2","1","0.3","0.7","1.00","1","100.0","7","1.8","0.6","7.00","7.00","7.00","5","5.00","2","2.00","0","0.0","0","0","0","0","1","1.0","0","","0","0.000","0","","1","100.0","0","","0","0","0.0","0","95.8","50.0","1.7","100.0","","","","1.70","0.4","1.7","1.3","0.3","1.30","1.3"
"321","Jalen Camp","HST","WR","2","2022","5","8.8","7.0","7","1.8","1","0.5","2.0","0.20","1","100.0","7","3.5","1.9","1.40","7.00","7.00","0","","","","0","0.0","0","0","0","0","1","3.0","0","","1","0.200","0","","1","100.0","0","","0","0","0.0","0","95.8","25.0","-0.1","60.0","40.0","","","0.34","0.9","1.7","1.6","0.8","0.32","1.6"
"322","Tyler Mabry","SEA","TE","2","2022","2","2.7","5.0","5","0.9","1","0.5","1.7","0.50","1","100.0","7","3.5","1.8","3.50","7.00","7.00","2","2.00","","","1","33.3","1","0","0","0","1","2.2","0","","1","0.500","0","","1","100.0","0","","0","0","0.0","0","135.4","50.0","0.5","50.0","","50.0","","3.85","3.9","7.7","2.3","1.2","1.16","2.3"
"323","Pharoh Cooper","ARZ","WR","5","2022","10","4.8","-3.5","-7","-0.5","2","0.4","1.1","0.20","2","100.0","6","1.2","0.5","0.60","3.00","3.00","13","6.50","5","2.50","0","0.0","0","0","0","0","1","0.8","0","","0","0.000","0","","2","100.0","1","50.0","0","0","0.0","0","79.2","20.0","-1.7","40.0","60.0","","","0.41","0.8","4.1","5.1","1.0","0.31","3.1"
"324","C.J. Board","TEN","WR","4","2022","8","5.6","-25.0","-25","-24.3","1","0.3","0.8","0.13","1","100.0","6","1.5","0.6","0.75","6.00","6.00","0","","","","0","0.0","0","0","0","0","1","1.1","0","","0","0.000","0","","1","100.0","0","","0","0","0.0","0","91.7","12.5","3.5","75.0","25.0","","","0.20","0.4","1.6","0.9","0.2","0.11","0.9"
"325","Mason Schreck","HST","TE","3","2022","21","21.6","3.5","7","1.1","2","0.7","2.3","0.10","2","100.0","6","2.0","1.2","0.29","3.00","3.00","-1","-0.50","-1","-0.50","0","0.0","0","0","0","0","1","1.7","0","","0","0.000","0","","2","100.0","0","","1","1","100.0","0","79.2","8.7","-3.4","4.8","4.8","90.5","","0.12","0.9","2.6","2.9","1.0","0.14","2.9"
"326","Jason Moore","LAC","WR","6","2022","30","10.6","13.0","26","1.7","2","0.3","0.8","0.07","1","50.0","5","0.8","0.3","0.17","2.50","5.00","0","","1","1.00","0","0.0","0","1","0","1","1","0.7","0","","0","0.000","0","","1","50.0","0","","0","0","0.0","0","56.3","8.3","-6.3","80.0","16.7","3.3","","0.05","0.3","1.5","4.7","0.8","0.16","4.7"
"327","Devin Asiasi","CIN","TE","12","2022","39","8.0","13.5","54","2.6","4","0.3","0.9","0.10","2","50.0","5","0.4","0.1","0.13","1.25","2.50","1","0.50","-1","-0.50","0","0.0","0","0","0","2","4","1.4","0","","0","0.000","0","","2","50.0","0","","0","0","0.0","0","56.3","8.2","-7.8","12.8","10.3","76.9","","0.06","0.2","2.5","6.6","0.6","0.17","6.6"
"328","Richard Rodgers","LAC","TE","10","2022","24","5.2","5.0","10","1.0","2","0.2","0.5","0.08","1","50.0","4","0.4","0.1","0.17","2.00","4.00","3","3.00","3","3.00","0","0.0","1","1","0","0","0","0.0","1","1.00","0","0.000","0","","1","50.0","0","","1","0","0.0","0","56.3","4.9","-4.5","29.2","12.5","58.3","","0.06","0.1","1.4","5.6","0.6","0.23","5.6"
"329","Mason Kinsey","TEN","WR","2","2022","8","14.8","3.0","3","1.0","1","0.5","2.2","0.13","1","100.0","3","1.5","0.9","0.38","3.00","3.00","0","","","","0","0.0","0","0","0","0","1","3.4","0","","0","0.000","0","","1","100.0","0","","0","0","0.0","0","79.2","14.3","-2.4","","100.0","","","0.16","0.7","1.3","1.4","0.7","0.17","1.4"
"330","Erik Ezukanma","MIA","WR","2","2022","3","3.9","-4.0","-4","-0.8","1","0.5","1.4","0.33","1","100.0","3","1.5","0.7","1.00","3.00","3.00","7","7.00","3","3.00","0","0.0","0","0","0","0","1","2.6","0","","0","0.000","0","","1","100.0","1","100.0","0","0","0.0","0","79.2","33.3","-1.5","33.3","66.7","","","0.43","0.7","1.3","1.3","0.7","0.44","1.3"
"331","Cody White","PIT","WR","1","2022","1","2.9","0.0","0","0.0","1","1.0","3.6","1.00","1","100.0","2","2.0","1.1","2.00","2.00","2.00","2","2.00","","","0","0.0","0","0","0","0","0","0.0","0","","0","0.000","0","","1","100.0","0","","0","0","0.0","0","79.2","100.0","-4.0","","100.0","","","1.20","1.2","1.2","1.4","1.4","1.36","1.4"
"332","Montrell Washington","DEN","WR","15","2022","53","9.0","11.6","104","3.0","9","0.6","1.8","0.17","4","44.4","2","0.1","0.1","0.04","0.22","0.50","14","3.50","2","0.50","0","0.0","0","1","0","3","7","2.5","1","0.25","0","0.000","0","","6","66.7","4","44.4","1","0","0.0","0","51.6","25.0","-7.8","28.3","66.0","","5.7","0.12","0.4","6.2","17.6","1.2","0.28","15.0"
"333","Drew Sample","CIN","TE","2","2022","10","9.1","-1.0","-2","-0.3","2","1.0","2.2","0.20","2","100.0","-2","-1.0","-0.4","-0.20","-1.00","-1.00","0","","","","0","0.0","1","0","0","0","2","3.3","0","","0","0.000","0","","2","100.0","1","50.0","0","0","0.0","0","79.2","13.3","-7.4","40.0","","50.0","10.0","0.18","0.9","1.8","3.2","1.6","0.32","3.2"
"334","Charlie Woerner","SF","TE","17","2022","24","4.3","19.5","39","2.0","2","0.1","0.4","0.08","0","","0","0.0","0.0","","0.00","","0","","","","0","0.0","0","0","0","1","1","0.3","0","","0","0.000","2","100.0","2","100.0","0","","0","0","0.0","0","39.6","5.0","-11.2","20.8","29.2","50.0","","0.00","","0.0","3.7","0.2","0.16","3.7"
"335","James Washington","DAL","WR","2","2022","7","9.2","6.0","6","1.0","1","0.5","1.4","0.14","0","","0","0.0","0.0","","0.00","","0","","","","0","0.0","0","0","0","0","1","2.8","0","","0","0.000","0","","1","100.0","0","","1","0","0.0","0","39.6","16.7","-6.9","100.0","","","","0.00","","0.0","1.5","0.7","0.21","1.5"
"336","Britain Covey","PHI","WR","17","2022","4","0.6","0.0","0","0.0","0","0.0","0.0","","0","","0","0.0","0.0","","0.00","","0","","","","0","0.0","0","0","0","0","0","0.0","0","","0","0.000","0","","0","","0","","0","0","0.0","0","0.0","","","50.0","50.0","","","0.00","","0.0","0.0","0.0","0.00","0.0"
"337","Josh Gordon","TEN","WR","2","2022","9","16.1","13.0","13","3.7","1","0.5","2.0","0.11","0","","0","0.0","0.0","","0.00","","0","","","","0","0.0","0","0","0","0","1","3.3","0","","0","0.000","1","100.0","1","100.0","0","","0","0","0.0","0","39.6","20.0","-8.9","66.7","33.3","","","0.00","","0.0","1.8","0.9","0.20","1.8"
"338","Feleipe Franks","ATL","TE","7","2022","14","6.7","28.0","56","7.7","2","0.3","1.2","0.14","0","","0","0.0","0.0","","0.00","","0","","","","0","0.0","0","0","0","1","2","1.5","0","","0","0.000","0","","1","50.0","0","","1","0","0.0","0","39.6","14.3","-8.4","42.9","42.9","14.3","","0.00","","0.0","3.9","0.6","0.25","3.5"
"339","Kwamie Lassiter","CIN","WR","1","2022","3","7.1","0.0","0","0.0","0","0.0","0.0","","0","","0","0.0","0.0","","0.00","","0","","","","0","0.0","0","0","0","0","0","0.0","0","","0","0.000","0","","0","","0","","0","0","0.0","0","0.0","","","100.0","","","","0.00","","0.0","0.0","0.0","0.00","0.0"
"340","Hunter Long","MIA","TE","9","2022","12","3.6","0.0","0","0.0","0","0.0","0.0","","0","","0","0.0","0.0","","0.00","","0","","","","0","0.0","0","0","0","0","0","0.0","0","","0","0.000","0","","0","","0","","0","0","0.0","0","0.0","","","16.7","8.3","75.0","","0.00","","0.0","1.4","0.2","0.12","1.4"
"341","Miller Forristall","CLV","TE","4","2022","8","5.8","0.0","0","0.0","0","0.0","0.0","","0","","0","0.0","0.0","","0.00","","0","","","","0","0.0","0","0","0","0","0","0.0","0","","0","0.000","0","","0","","0","","0","0","0.0","0","0.0","","","50.0","25.0","25.0","","0.00","","0.0","0.0","0.0","0.00","0.0"
"342","Matt Slater","NE","WR","12","2022","3","0.7","0.0","0","0.0","0","0.0","0.0","","0","","0","0.0","0.0","","0.00","","0","","","","0","0.0","0","0","0","0","0","0.0","0","","0","0.000","0","","0","","0","","0","0","0.0","0","0.0","","","33.3","66.7","","","0.00","","0.0","0.0","0.0","0.00","0.0"
"343","Tyler Johnson","HST","WR","2","2022","12","18.8","0.0","0","0.0","0","0.0","0.0","","0","","0","0.0","0.0","","0.00","","0","","","","0","0.0","0","0","0","0","0","0.0","0","","0","0.000","0","","0","","0","","0","0","0.0","0","0.0","","","8.3","91.7","","","0.00","","0.0","0.0","0.0","0.00","0.0"
"344","Javon Wims","ARZ","WR","1","2022","5","10.6","0.0","0","0.0","0","0.0","0.0","","0","","0","0.0","0.0","","0.00","","0","","","","0","0.0","0","0","0","0","0","0.0","0","","0","0.000","0","","0","","0","","0","0","0.0","0","0.0","","","80.0","20.0","","","0.00","","0.0","0.0","0.0","0.00","0.0"
"345","Tyree Jackson","PHI","TE","5","2022","13","7.0","0.0","0","0.0","0","0.0","0.0","","0","","0","0.0","0.0","","0.00","","0","","","","0","0.0","0","0","0","0","0","0.0","0","","0","0.000","0","","0","","0","","0","0","0.0","0","0.0","","","46.2","46.2","","7.7","0.00","","0.0","0.0","0.0","0.00","0.0"
"346","Jake Tonges","CHI","TE","3","2022","3","3.6","13.0","13","2.9","1","0.3","1.8","0.33","0","","0","0.0","0.0","","0.00","","0","","","","0","0.0","0","0","0","0","0","0.0","0","","0","0.000","0","","0","","0","","0","0","0.0","0","39.6","33.3","-10.0","33.3","33.3","33.3","","0.00","","0.0","1.2","0.4","0.41","1.2"
"347","Jared Bernhardt","ATL","WR","2","2022","1","1.8","0.0","0","0.0","0","0.0","0.0","","0","","0","0.0","0.0","","0.00","","0","","","","0","0.0","0","0","0","0","0","0.0","0","","0","0.000","0","","0","","0","","0","0","0.0","0","0.0","","","","","100.0","","0.00","","0.0","0.0","0.0","0.00","0.0"
"348","Tay Martin","SF","WR","2","2022","1","1.6","0.0","0","0.0","0","0.0","0.0","","0","","0","0.0","0.0","","0.00","","0","","","","0","0.0","0","0","0","0","0","0.0","0","","0","0.000","0","","0","","0","","0","0","0.0","0","0.0","","","100.0","","","","0.00","","0.0","0.0","0.0","0.00","0.0"
"349","J.P. Holtz","NO","TE","6","2022","14","6.6","0.0","0","0.0","0","0.0","0.0","","0","","0","0.0","0.0","","0.00","","0","","","","0","0.0","0","0","0","0","0","0.0","0","","0","0.000","0","","0","","0","","0","0","0.0","0","0.0","","","21.4","","64.3","14.3","0.00","","0.0","0.0","0.0","0.00","0.0"
"350","Nick Boyle","BLT","TE","10","2022","2","0.6","0.0","0","0.0","0","0.0","0.0","","0","","0","0.0","0.0","","0.00","","0","","","","0","0.0","0","0","0","0","0","0.0","0","","0","0.000","0","","0","","0","","0","0","0.0","0","0.0","","","","","100.0","","0.00","","0.0","0.0","0.0","0.00","0.0"
"351","Tanner Gentry","BUF","WR","3","2022","10","8.4","6.0","6","0.6","1","0.3","1.0","0.10","0","","0","0.0","0.0","","0.00","","0","","","","0","0.0","0","0","0","0","1","1.4","0","","0","0.000","0","","0","","0","","0","0","0.0","0","39.6","11.1","-6.9","80.0","20.0","","","0.00","","0.0","1.5","0.5","0.15","1.5"
"352","Jacob Hollister","MIN, LV","TE","3","2022","3","3.2","0.0","0","0.0","0","0.0","0.0","","0","","0","0.0","0.0","","0.00","","0","","","","0","0.0","0","0","0","0","0","0.0","0","","0","0.000","0","","0","","0","","0","0","0.0","0","0.0","","","","","100.0","","0.00","","0.0","0.0","0.0","0.00","0.0"
"353","Noah Togiai","PHI","TE","2","2022","2","2.4","3.0","3","0.7","1","0.5","1.6","0.50","0","","0","0.0","0.0","","0.00","","0","","","","0","0.0","0","0","0","0","0","0.0","0","","0","0.000","1","100.0","1","100.0","0","","0","0","0.0","0","39.6","50.0","-6.3","","","100.0","","0.00","","0.0","1.5","0.7","0.75","1.5"
"354","Scotty Washington","NE","TE","1","2022","6","16.2","0.0","0","0.0","0","0.0","0.0","","0","","0","0.0","0.0","","0.00","","0","","","","0","0.0","0","0","0","0","0","0.0","0","","0","0.000","0","","0","","0","","0","0","0.0","0","0.0","","","","50.0","50.0","","0.00","","0.0","0.0","0.0","0.00","0.0"
"355","Dez Fitzpatrick","TEN","WR","1","2022","2","6.5","0.0","0","0.0","0","0.0","0.0","","0","","0","0.0","0.0","","0.00","","0","","","","0","0.0","0","0","0","0","0","0.0","0","","0","0.000","0","","0","","0","","0","0","0.0","0","0.0","","","100.0","","","","0.00","","0.0","0.0","0.0","0.00","0.0"
"356","Stanley Morgan","CIN","WR","14","2022","11","1.8","0.0","0","0.0","1","0.1","0.2","0.09","0","","0","0.0","0.0","","0.00","","0","","","","0","0.0","1","0","0","0","1","0.3","0","","0","0.000","0","","1","100.0","1","100.0","1","0","0.0","0","39.6","7.7","-6.0","81.8","9.1","9.1","","0.00","","0.0","4.1","0.3","0.37","4.1"
"357","Trinity Benson","DET","WR","1","2022","4","13.3","0.0","0","0.0","0","0.0","0.0","","0","","0","0.0","0.0","","0.00","","0","","","","0","0.0","0","0","0","0","0","0.0","0","","0","0.000","0","","0","","0","","0","0","0.0","0","0.0","","","50.0","50.0","","","0.00","","0.0","0.0","0.0","0.00","0.0"
"358","Kirk Merritt","NO","WR","3","2022","7","9.0","0.0","0","0.0","0","0.0","0.0","","0","","0","0.0","0.0","","0.00","","0","","","","0","0.0","0","0","0","0","0","0.0","0","","0","0.000","0","","0","","0","","0","0","0.0","0","0.0","","","57.1","42.9","","","0.00","","0.0","0.0","0.0","0.00","0.0"
"359","Kyric Mcgowan","WAS","WR","1","2022","4","10.5","0.0","0","0.0","0","0.0","0.0","","0","","0","0.0","0.0","","0.00","","0","","","","0","0.0","0","0","0","0","0","0.0","0","","0","0.000","0","","0","","0","","0","0","0.0","0","0.0","","","50.0","50.0","","","0.00","","0.0","0.0","0.0","0.00","0.0"
"360","Kaylon Geiger","TB","WR","2","2022","1","1.0","0.0","0","0.0","0","0.0","0.0","","0","","0","0.0","0.0","","0.00","","0","","","","0","0.0","0","0","0","0","0","0.0","0","","0","0.000","0","","0","","0","","0","0","0.0","0","0.0","","","100.0","","","","0.00","","0.0","0.0","0.0","0.00","0.0"
"361","Cornell Powell","KC","WR","1","2022","2","4.3","0.0","0","0.0","0","0.0","0.0","","0","","0","0.0","0.0","","0.00","","0","","","","0","0.0","0","0","0","0","0","0.0","0","","0","0.000","0","","0","","0","","0","0","0.0","0","0.0","","","100.0","","","","0.00","","0.0","0.0","0.0","0.00","0.0"
"362","Johnny Johnson","HST","WR","1","2022","5","11.9","0.0","0","0.0","0","0.0","0.0","","0","","0","0.0","0.0","","0.00","","0","","","","0","0.0","0","0","0","0","0","0.0","0","","0","0.000","0","","0","","0","","0","0","0.0","0","0.0","","","60.0","40.0","","","0.00","","0.0","0.0","0.0","0.00","0.0"
"363","Kevin Rader","TEN","TE","14","2022","10","2.3","0.0","0","0.0","0","0.0","0.0","","0","","0","0.0","0.0","","0.00","","0","","","","0","0.0","0","0","0","0","0","0.0","0","","0","0.000","0","","0","","0","","0","0","0.0","0","0.0","","","10.0","20.0","30.0","40.0","0.00","","0.0","0.0","0.0","0.00","0.0"
"364","Jesse James","CLV","TE","2","2022","8","11.4","0.0","0","0.0","0","0.0","0.0","","0","","0","0.0","0.0","","0.00","","0","","","","0","0.0","0","0","0","0","0","0.0","0","","0","0.000","0","","0","","0","","0","0","0.0","0","0.0","","","37.5","25.0","37.5","","0.00","","0.0","0.0","0.0","0.00","0.0"
"365","Stanley Berryhill","DET","WR","2","2022","1","1.8","0.0","0","0.0","0","0.0","0.0","","0","","0","0.0","0.0","","0.00","","0","","","","0","0.0","0","0","0","0","0","0.0","0","","0","0.000","0","","0","","0","","0","0","0.0","0","0.0","","","100.0","","","","0.00","","0.0","0.0","0.0","0.00","0.0"
"366","Ethan Fernea","IND","WR","1","2022","1","2.1","0.0","0","0.0","0","0.0","0.0","","0","","0","0.0","0.0","","0.00","","0","","","","0","0.0","0","0","0","0","0","0.0","0","","0","0.000","0","","0","","0","","0","0","0.0","0","0.0","","","","100.0","","","0.00","","0.0","0.0","0.0","0.00","0.0"
"367","Josh Ali","ATL","WR","2","2022","5","7.9","45.0","45","9.4","1","0.5","1.8","0.20","0","","0","0.0","0.0","","0.00","","0","","","","0","0.0","0","0","0","1","1","2.8","0","","0","0.000","0","","0","","0","","0","0","0.0","0","39.6","25.0","-15.0","20.0","80.0","","","0.00","","0.0","1.8","0.9","0.36","1.8"
"368","Preston Williams","CAR","WR","1","2022","1","5.0","0.0","0","0.0","0","0.0","0.0","","0","","0","0.0","0.0","","0.00","","0","","","","0","0.0","0","0","0","0","0","0.0","0","","0","0.000","0","","0","","0","","0","0","0.0","0","0.0","","","","100.0","","","0.00","","0.0","0.0","0.0","0.00","0.0"
"369","Tanner Conner","MIA","WR","7","2022","12","4.3","6.0","12","1.5","2","0.3","0.8","0.17","0","","0","0.0","0.0","","0.00","","0","","","","0","0.0","0","0","0","0","2","1.2","0","","0","0.000","1","50.0","1","50.0","0","","1","0","0.0","0","39.6","16.7","-6.8","25.0","25.0","50.0","","0.00","","0.0","2.7","0.4","0.23","2.7"
"370","Lance McCutcheon","LA","WR","9","2022","26","8.3","14.8","59","3.3","4","0.4","1.5","0.15","0","","0","0.0","0.0","","0.00","","0","","","","0","0.0","1","0","0","2","3","1.8","0","","0","0.000","1","25.0","2","50.0","0","","1","0","0.0","0","39.6","20.0","-9.1","84.6","15.4","","","0.00","","0.0","7.3","0.8","0.28","7.3"
"371","Marcus Kemp","KC","WR","3","2022","3","2.0","0.0","0","0.0","0","0.0","0.0","","0","","0","0.0","0.0","","0.00","","0","","","","0","0.0","0","0","0","0","0","0.0","0","","0","0.000","0","","0","","0","","0","0","0.0","0","0.0","","","100.0","","","","0.00","","0.0","0.0","0.0","0.00","0.0"
"372","D.J. Turner","LV","WR","8","2022","6","2.2","-3.0","-3","-0.3","1","0.1","0.4","0.17","0","","0","0.0","0.0","","0.00","","0","","","","0","0.0","1","0","0","0","1","0.6","0","","0","0.000","1","100.0","1","100.0","1","100.0","0","0","0.0","0","39.6","14.3","-4.9","50.0","50.0","","","0.43","0.3","2.6","4.4","0.5","0.40","2.4"
"373","Willie Snead","SF","WR","4","2022","15","12.0","0.0","0","0.0","0","0.0","0.0","","0","","0","0.0","0.0","","0.00","","0","","","","0","0.0","0","0","0","0","0","0.0","0","","0","0.000","0","","0","","0","","0","0","0.0","0","0.0","","","60.0","40.0","","","0.00","","0.0","0.0","0.0","0.00","0.0"
"374","Kenny Yeboah","NYJ","TE","8","2022","4","1.3","0.0","0","0.0","0","0.0","0.0","","0","","0","0.0","0.0","","0.00","","0","","","","0","0.0","0","0","0","0","0","0.0","0","","0","0.000","0","","0","","0","","0","0","0.0","0","0.0","","","","","100.0","","0.00","","0.0","0.0","0.0","0.00","0.0"
"375","Lucas Krull","NO","TE","1","2022","5","15.6","0.0","0","0.0","0","0.0","0.0","","0","","0","0.0","0.0","","0.00","","0","","","","0","0.0","0","0","0","0","0","0.0","0","","0","0.000","0","","0","","0","","0","0","0.0","0","0.0","","","40.0","40.0","20.0","","0.00","","0.0","0.0","0.0","0.00","0.0"
"376","Garrett Griffin","DET","TE","1","2022","3","6.5","0.0","0","0.0","0","0.0","0.0","","0","","0","0.0","0.0","","0.00","","0","","","","0","0.0","0","0","0","0","0","0.0","0","","0","0.000","0","","0","","0","","0","0","0.0","0","0.0","","","66.7","33.3","","","0.00","","0.0","0.0","0.0","0.00","0.0"
"377","Rashard Higgins","CAR","WR","2","2022","3","4.5","0.0","0","0.0","0","0.0","0.0","","0","","0","0.0","0.0","","0.00","","0","","","","0","0.0","0","0","0","0","0","0.0","0","","0","0.000","0","","0","","0","","0","0","0.0","0","0.0","","","66.7","33.3","","","0.00","","0.0","0.0","0.0","0.00","0.0"
"378","Nikola Kalinic","IND","TE","7","2022","3","1.2","0.0","0","0.0","0","0.0","0.0","","0","","0","0.0","0.0","","0.00","","0","","","","0","0.0","0","0","0","0","0","0.0","0","","0","0.000","0","","0","","0","","0","0","0.0","0","0.0","","","33.3","","33.3","33.3","0.00","","0.0","0.0","0.0","0.00","0.0"