"Rank","Name","Team","POS","G","Season","RTE","RTE %","aDOT","AY","AY Share","TGT","TGT/G","TGT %","TPRR","REC","CR %","YDS","RecYDS/G","TM YDS %","YPRR","YPT","YPR","YAC","YAC/REC","YACO","YACO/REC","TD","TM TD %","i20 TGT","EZTGT","EZTD","DP TGT","1READ","1READ %","MTF","MTF/REC","1D","1D/RR","DRP","DRP %","CTGT","CTGT %","DESIGN","DESIGN %","CT","CC","CC %","HERO","RATE","THREAT","YPTOE","WIDE RTE %","SLOT RTE %","INLINE RTE %","BACK RTE %","FP/RR","FP/G","FP","XFP","XFP/G","XFP/RR","RecXFP"
"1","Cooper Kupp","LA","WR","17","2021","589","91.0","6.0","1110","29.7","186","10.9","30.6","0.32","145","78.0","1947","114.5","39.8","3.31","10.47","13.43","821","5.66","345","2.38","16","39.0","38","13","7","24","159","35.0","23","0.16","89","0.151","5","2.7","160","86.0","22","11.8","20","11","55.0","5","130.0","32.5","3.2","33.3","64.2","","2.5","0.75","25.9","439.5","348.9","20.5","0.59","346.3"
"2","Justin Jefferson","MIN","WR","17","2021","608","93.5","10.0","1640","49.0","164","9.6","27.2","0.27","108","65.9","1616","95.1","36.3","2.66","9.85","14.96","454","4.20","194","1.80","10","29.4","22","18","7","35","147","35.3","6","0.06","75","0.123","8","4.9","132","80.5","21","12.8","27","17","63.0","2","113.3","30.6","1.5","68.6","30.8","","0.7","0.55","19.5","331.4","302.3","17.8","0.49","299.4"
"3","Davante Adams","GB","WR","16","2021","530","87.0","7.6","1252","41.6","165","10.3","29.7","0.31","123","74.5","1553","97.1","35.8","2.93","9.41","12.63","602","4.89","201","1.63","11","29.7","26","10","7","24","150","38.1","15","0.12","84","0.158","2","1.2","132","80.0","25","15.2","24","10","41.7","3","118.1","35.0","1.9","66.8","33.0","0.2","","0.65","21.5","344.3","307.8","19.2","0.58","307.8"
"4","Ja'Marr Chase","CIN","WR","17","2021","564","89.5","13.4","1611","37.4","120","7.1","21.6","0.21","81","67.5","1455","85.6","30.3","2.58","12.13","17.96","676","8.35","311","3.84","13","36.1","14","12","6","33","108","26.9","22","0.27","56","0.099","14","11.7","103","85.8","10","8.3","21","9","42.9","5","127.6","24.9","3.5","82.1","17.2","0.2","0.5","0.54","18.0","305.6","243.8","14.3","0.43","240.2"
"5","Deebo Samuel","SF","WR","16","2021","456","85.4","6.5","760","26.1","117","7.3","24.2","0.26","77","65.8","1405","87.8","34.0","3.08","12.01","18.25","729","9.47","336","4.36","6","25.0","9","2","0","14","101","28.9","26","0.34","51","0.112","12","10.3","94","80.3","21","17.9","18","9","50.0","7","109.8","28.8","4.6","67.8","30.5","0.2","1.5","0.75","21.3","341.0","235.3","14.7","0.44","200.3"
"6","Mark Andrews","BLT","TE","17","2021","602","81.0","8.7","1318","35.4","151","8.9","24.7","0.25","107","70.9","1361","80.1","31.9","2.26","9.01","12.72","453","4.23","267","2.50","9","42.9","22","12","8","20","116","28.2","9","0.08","75","0.125","2","1.3","118","78.1","5","3.3","19","13","68.4","8","93.7","31.6","1.1","15.1","64.3","20.3","0.3","0.50","17.7","301.1","274.6","16.2","0.46","274.2"
"7","Tyreek Hill","KC","WR","17","2021","566","75.4","8.8","1396","45.5","159","9.4","23.6","0.28","111","69.8","1239","72.9","25.1","2.19","7.79","11.16","416","3.75","131","1.18","9","24.3","24","9","5","22","131","29.0","18","0.16","75","0.133","6","3.8","128","80.5","15","9.4","13","7","53.8","4","103.7","32.2","0.1","44.7","54.8","0.5","","0.53","17.5","297.5","300.7","17.7","0.52","296.0"
"8","Stefon Diggs","BUF","WR","17","2021","617","84.6","8.4","1309","31.4","156","9.2","23.8","0.25","103","66.0","1225","72.1","27.5","1.99","7.85","11.89","300","2.91","160","1.55","10","27.8","32","20","7","23","126","29.4","22","0.21","66","0.107","6","3.8","121","77.6","11","7.1","25","14","56.0","5","97.8","29.8","0.2","78.3","21.4","","0.3","0.46","16.8","285.5","295.0","17.4","0.48","295.0"
"9","Tyler Lockett","SEA","WR","16","2021","473","88.6","11.3","1160","47.0","103","6.4","22.2","0.22","73","70.9","1175","73.4","32.1","2.48","11.41","16.10","291","3.99","85","1.16","8","26.7","7","7","3","33","78","25.3","4","0.05","41","0.087","0","","80","77.7","8","7.8","11","9","81.8","5","122.4","25.6","3.2","58.1","41.6","0.2","","0.51","15.1","241.4","204.9","12.8","0.43","203.9"
"10","Diontae Johnson","PIT","WR","16","2021","598","92.7","5.0","824","38.0","166","10.4","27.4","0.28","107","64.5","1161","72.6","31.4","1.94","6.99","10.85","507","4.74","142","1.33","8","36.4","21","7","2","21","143","33.6","23","0.21","59","0.099","8","4.8","124","74.7","16","9.6","18","9","50.0","5","93.5","29.9","0.0","93.1","6.9","","","0.46","17.3","276.4","316.1","19.8","0.52","313.2"
"11","D.J. Moore","CAR","WR","17","2021","599","88.0","9.0","1426","44.7","158","9.3","26.4","0.26","93","58.9","1157","68.1","32.4","1.93","7.32","12.44","453","4.87","161","1.73","4","28.6","13","10","4","23","143","35.1","12","0.13","60","0.100","8","5.1","115","72.8","16","10.1","24","14","58.3","3","74.3","31.3","-0.6","80.0","19.0","","1.0","0.40","14.0","238.5","279.6","16.4","0.46","275.5"
"12","Mike Williams","LAC","WR","16","2021","557","79.5","10.9","1355","36.7","124","7.8","19.4","0.22","76","61.3","1146","71.6","24.5","2.06","9.24","15.08","410","5.39","174","2.29","9","24.3","22","12","3","27","105","23.2","7","0.09","51","0.092","3","2.4","98","79.0","7","5.6","30","15","50.0","5","112.5","24.8","1.0","83.1","16.9","","","0.44","15.4","246.6","238.4","14.9","0.43","238.4"
"13","Keenan Allen","LAC","WR","16","2021","612","86.7","5.7","844","22.9","148","9.3","23.0","0.24","106","71.6","1138","71.1","24.0","1.86","7.69","10.74","332","3.13","120","1.13","6","17.1","24","9","5","13","128","28.3","4","0.04","66","0.108","8","5.4","127","85.8","13","8.8","18","9","50.0","5","98.9","27.0","0.5","35.0","64.2","0.7","0.2","0.42","16.1","257.8","267.3","16.7","0.44","267.3"
"14","Travis Kelce","KC","TE","16","2021","581","80.8","4.2","550","19.5","130","8.1","20.2","0.22","92","70.8","1125","70.3","24.0","1.94","8.65","12.23","518","5.63","244","2.65","9","26.5","15","4","4","4","103","23.7","20","0.22","62","0.107","4","3.1","103","79.2","9","6.9","12","8","66.7","1","107.4","25.0","1.6","27.2","48.5","24.1","0.2","0.45","16.5","263.8","246.9","15.4","0.42","242.7"
"15","Chris Godwin","TB","WR","14","2021","525","81.9","4.9","603","17.4","123","8.8","20.1","0.23","98","79.7","1103","78.8","25.0","2.10","8.97","11.26","575","5.87","222","2.27","5","13.9","25","7","3","10","111","24.4","11","0.11","55","0.105","5","4.1","107","87.0","36","29.3","14","11","78.6","2","110.8","23.9","1.9","29.7","70.1","","0.2","0.47","17.5","244.4","225.1","16.1","0.42","221.2"
"16","CeeDee Lamb","DAL","WR","16","2021","513","78.7","9.5","1098","29.6","116","7.3","19.3","0.23","79","68.1","1102","68.9","24.0","2.15","9.50","13.95","396","5.01","192","2.43","6","15.8","11","5","1","24","95","21.9","16","0.20","54","0.105","6","5.2","92","79.3","15","12.9","18","11","61.1","1","94.1","24.5","1.4","56.5","42.5","","1.0","0.45","14.6","232.8","221.1","13.8","0.42","215.9"
"17","Tee Higgins","CIN","WR","14","2021","466","85.5","12.3","1325","35.2","108","7.7","22.7","0.23","74","68.5","1091","77.9","26.3","2.34","10.10","14.74","293","3.96","152","2.05","6","20.0","13","11","6","19","95","27.9","10","0.14","53","0.114","3","2.8","91","84.3","3","2.8","23","13","56.5","5","112.1","27.7","1.6","79.0","20.6","0.4","","0.47","15.7","220.1","211.2","15.1","0.45","211.2"
"18","Michael Pittman","IND","WR","17","2021","528","91.2","8.6","1060","36.6","123","7.2","23.6","0.23","88","71.5","1082","63.6","30.2","2.05","8.80","12.30","342","3.89","149","1.69","6","22.2","15","7","3","18","97","27.1","9","0.10","54","0.102","4","3.3","97","78.9","9","7.3","25","18","72.0","5","104.5","26.4","1.0","81.6","18.4","","","0.45","14.0","238.6","223.7","13.2","0.42","220.9"
"19","Darnell Mooney","CHI","WR","17","2021","593","90.1","11.5","1518","35.3","132","7.8","24.4","0.22","81","61.4","1055","62.1","29.0","1.78","7.99","13.02","398","4.91","170","2.10","4","25.0","11","9","3","23","118","32.8","10","0.12","49","0.083","5","3.8","104","78.8","13","9.8","26","7","26.9","4","80.8","28.3","-0.5","54.6","44.7","","0.7","0.37","12.9","219.7","237.1","13.9","0.39","233.7"
"20","Terry McLaurin","WAS","WR","17","2021","566","89.1","11.2","1390","47.1","124","7.3","22.5","0.22","77","62.1","1053","61.9","28.1","1.86","8.49","13.68","292","3.79","158","2.05","5","23.8","9","11","5","30","101","28.6","8","0.10","47","0.083","2","1.6","94","75.8","9","7.3","34","22","64.7","9","89.2","26.4","0.0","71.7","28.3","","","0.38","12.6","213.5","223.2","13.1","0.39","222.7"
"21","Hunter Renfrow","LV","WR","17","2021","517","75.4","4.8","602","16.3","126","7.4","20.1","0.24","103","81.7","1038","61.1","21.6","2.01","8.24","10.08","451","4.38","200","1.94","9","39.1","25","8","5","7","89","23.0","16","0.16","51","0.099","1","0.8","107","84.9","8","6.3","11","8","72.7","7","121.5","27.3","1.6","35.4","64.4","","0.2","0.50","15.3","260.1","230.8","13.6","0.44","229.4"
"22","Brandin Cooks","HST","WR","16","2021","517","88.1","11.0","1414","39.2","129","8.1","24.9","0.25","90","69.8","1037","64.8","30.7","2.01","8.04","11.52","351","3.90","91","1.01","6","31.6","10","7","2","24","105","29.6","7","0.08","45","0.087","3","2.3","105","81.4","14","10.9","27","15","55.6","1","102.8","30.1","0.0","64.0","35.2","","0.8","0.45","14.5","231.8","234.4","14.6","0.45","233.5"
"23","Mike Evans","TB","WR","16","2021","586","80.1","11.9","1332","31.5","112","7.0","16.0","0.19","74","66.1","1035","64.7","20.1","1.77","9.24","13.99","221","2.99","103","1.39","14","33.3","19","11","9","22","100","18.9","8","0.11","56","0.096","6","5.4","85","75.9","5","4.5","16","13","81.3","7","124.1","19.5","0.6","66.0","34.0","","","0.45","16.4","262.5","224.9","14.1","0.38","224.4"
"24","Kyle Pitts","ATL","TE","17","2021","495","78.6","7.6","802","27.2","105","6.2","18.3","0.21","68","64.8","1026","60.4","25.7","2.07","9.77","15.09","324","4.76","174","2.56","1","5.0","14","5","1","11","88","22.8","8","0.12","43","0.087","5","4.8","85","81.0","1","1.0","32","18","56.3","5","80.1","24.0","2.0","34.7","44.8","20.2","0.2","0.36","10.4","176.6","192.7","11.3","0.39","192.7"
"25","Jaylen Waddle","MIA","WR","16","2021","566","86.3","5.1","709","24.6","139","8.7","23.6","0.25","104","74.8","1015","63.4","27.1","1.79","7.30","9.76","467","4.49","153","1.47","6","31.6","15","3","2","9","123","29.1","11","0.11","59","0.104","7","5.0","116","83.5","20","14.4","17","10","58.8","3","91.3","28.0","0.6","37.3","61.5","","1.2","0.44","15.4","246.8","247.5","15.5","0.43","243.6"
"26","Marquise Brown","BLT","WR","16","2021","613","87.7","8.7","1224","34.5","141","8.8","24.5","0.23","91","64.5","1008","63.0","24.9","1.64","7.15","11.08","365","4.01","108","1.19","6","28.6","16","12","4","27","120","30.8","10","0.11","41","0.067","6","4.3","107","75.9","13","9.2","15","7","46.7","6","91.0","29.6","-0.6","68.8","31.0","","0.2","0.37","14.2","227.3","256.8","16.0","0.42","256.3"
"27","Christian Kirk","ARZ","WR","17","2021","516","77.9","8.0","808","26.9","101","5.9","17.1","0.20","77","76.2","982","57.8","21.3","1.90","9.72","12.75","245","3.18","94","1.22","5","18.5","9","7","5","23","84","20.8","5","0.06","44","0.085","5","5.0","88","87.1","12","11.9","19","14","73.7","3","114.4","22.2","1.9","19.8","80.2","","","0.40","12.2","207.6","176.7","10.4","0.34","176.2"
"28","DK Metcalf","SEA","WR","17","2021","487","85.7","10.3","1317","46.6","128","7.5","25.9","0.26","75","58.6","967","56.9","25.3","1.99","7.55","12.89","333","4.44","182","2.43","12","40.0","20","11","6","28","102","30.9","11","0.15","48","0.099","5","3.9","90","70.3","10","7.8","22","11","50.0","4","107.1","31.1","-0.6","80.7","19.1","0.2","","0.50","14.4","244.3","243.5","14.3","0.50","242.8"
"29","DeVonta Smith","PHI","WR","17","2021","466","80.5","13.0","1315","41.4","101","5.9","20.4","0.22","64","63.4","916","53.9","25.6","1.97","9.07","14.31","190","2.97","92","1.44","5","25.0","8","9","3","28","81","25.4","4","0.06","43","0.092","3","3.0","77","76.2","4","4.0","22","8","36.4","9","105.1","25.3","0.2","86.9","12.2","0.2","0.6","0.40","11.0","186.6","202.7","11.9","0.43","202.7"
"30","Amon-Ra St. Brown","DET","WR","17","2021","497","77.4","4.1","471","17.4","115","6.8","19.4","0.23","90","78.3","912","53.6","23.5","1.84","7.93","10.13","397","4.41","143","1.59","5","21.7","15","4","3","8","99","24.8","8","0.09","48","0.097","3","2.6","97","84.3","12","10.4","11","7","63.6","2","107.0","25.6","1.2","20.9","76.7","0.4","2.0","0.46","13.4","227.3","201.4","11.8","0.40","198.0"
"31","George Kittle","SF","TE","14","2021","372","78.6","5.8","542","22.6","94","6.7","21.9","0.25","71","75.5","910","65.0","24.3","2.45","9.68","12.82","452","6.37","248","3.49","6","24.0","9","5","3","9","78","24.9","17","0.24","42","0.113","2","2.1","79","84.0","10","10.6","15","6","40.0","8","100.0","24.0","2.4","8.9","32.5","55.6","3.0","0.53","14.2","199.0","161.2","11.5","0.43","159.8"
"32","A.J. Brown","TEN","WR","13","2021","334","75.4","10.9","1113","50.8","102","7.8","25.4","0.31","63","61.8","869","66.8","28.9","2.60","8.52","13.79","237","3.76","127","2.02","5","25.0","11","8","3","11","88","32.5","6","0.10","45","0.135","10","9.8","80","78.4","4","3.9","20","10","50.0","1","97.2","34.5","0.2","64.4","34.7","0.6","0.3","0.54","13.9","180.9","178.0","13.7","0.53","177.1"
"33","Jakobi Meyers","NE","WR","17","2021","518","89.6","8.4","1032","30.7","123","7.2","23.0","0.24","83","67.5","866","50.9","21.1","1.67","7.04","10.43","222","2.67","65","0.78","2","8.3","14","5","1","14","97","25.5","2","0.02","42","0.081","3","2.4","96","78.0","3","2.4","21","14","66.7","5","82.9","25.7","-0.5","32.0","67.8","","0.2","0.36","11.0","187.3","217.8","12.8","0.42","217.2"
"34","Amari Cooper","DAL","WR","15","2021","488","80.8","10.1","1023","30.1","101","6.7","18.1","0.21","68","67.3","865","57.7","19.8","1.77","8.56","12.72","218","3.21","107","1.57","8","21.1","19","9","7","19","86","21.4","11","0.16","45","0.092","4","4.0","83","82.2","6","5.9","19","10","52.6","6","120.3","22.1","0.5","71.1","28.7","0.2","","0.41","13.5","202.5","200.4","13.4","0.41","200.4"
"35","Chase Claypool","PIT","WR","15","2021","478","77.9","11.3","1140","30.7","101","6.7","17.6","0.21","59","58.4","860","57.3","24.3","1.80","8.51","14.58","310","5.25","137","2.32","2","9.5","12","8","1","19","82","21.0","10","0.17","36","0.075","6","5.9","79","78.2","6","5.9","23","13","56.5","7","84.6","22.3","0.3","80.1","19.5","0.4","","0.35","11.1","166.6","212.8","14.2","0.43","204.1"
"36","A.J. Green","ARZ","WR","16","2021","497","78.6","10.3","927","32.1","90","5.6","16.0","0.18","54","60.0","848","53.0","19.6","1.71","9.42","15.70","197","3.65","111","2.06","3","11.5","16","10","1","18","73","19.2","9","0.17","37","0.074","3","3.3","67","74.4","6","6.7","13","8","61.5","4","93.2","20.5","1.2","91.1","8.9","","","0.32","9.8","156.8","171.4","10.7","0.34","171.4"
"37","Marvin Jones","JAX","WR","17","2021","591","88.5","9.8","1145","36.2","117","6.9","19.4","0.20","73","62.4","832","48.9","22.6","1.41","7.11","11.40","129","1.77","46","0.63","4","33.3","17","16","4","20","99","24.8","2","0.03","42","0.071","4","3.4","89","76.1","2","1.7","32","19","59.4","4","84.4","22.2","-1.0","71.6","28.3","0.2","","0.30","10.6","180.2","227.7","13.4","0.39","227.7"
"38","Dallas Goedert","PHI","TE","15","2021","311","61.5","7.0","503","18.4","72","4.8","16.6","0.23","56","77.8","830","55.3","25.3","2.67","11.53","14.82","387","6.91","153","2.73","4","23.5","7","2","2","5","56","20.1","12","0.21","42","0.135","7","9.7","64","88.9","13","18.1","11","9","81.8","6","127.4","24.2","3.8","11.6","45.0","42.4","1.0","0.53","11.0","165.0","127.0","8.5","0.41","127.0"
"39","Tyler Boyd","CIN","WR","16","2021","507","84.9","8.0","709","17.1","89","5.6","16.9","0.18","67","75.3","828","51.8","17.7","1.63","9.30","12.36","392","5.85","113","1.69","5","14.3","7","4","2","7","70","18.7","9","0.13","37","0.073","0","","70","78.7","9","10.1","9","6","66.7","1","108.3","20.3","1.9","9.9","90.1","","","0.36","11.5","183.8","154.9","9.7","0.30","154.0"
"40","Brandon Aiyuk","SF","WR","17","2021","458","81.1","8.5","713","22.8","84","4.9","16.3","0.18","56","66.7","826","48.6","18.6","1.80","9.83","14.75","366","6.54","178","3.18","5","19.2","10","10","4","7","74","20.0","14","0.25","37","0.081","4","4.8","67","79.8","6","7.1","19","9","47.4","4","113.5","20.1","1.9","74.5","25.3","0.2","","0.37","10.1","171.3","157.0","9.2","0.34","154.7"
"41","Dalton Schultz","DAL","TE","17","2021","513","73.2","6.3","644","15.9","102","6.0","15.8","0.20","78","76.5","808","47.5","16.3","1.58","7.92","10.36","356","4.56","168","2.15","8","20.0","14","4","2","4","80","17.2","11","0.14","43","0.084","3","2.9","89","87.3","7","6.9","13","7","53.8","0","120.9","19.0","0.7","12.3","48.9","37.6","1.2","0.41","12.3","208.8","173.8","10.2","0.34","173.8"
"42","Van Jefferson","LA","WR","17","2021","517","79.9","10.8","952","25.5","88","5.2","14.5","0.17","50","56.8","802","47.2","16.4","1.55","9.11","16.04","210","4.20","118","2.36","6","14.6","15","9","3","16","69","15.2","3","0.06","32","0.062","7","8.0","64","72.7","8","9.1","14","6","42.9","1","105.4","17.6","0.7","65.6","34.2","0.2","","0.33","9.9","168.2","171.7","10.1","0.33","170.8"
"43","Rob Gronkowski","TB","TE","12","2021","373","67.0","10.4","911","22.7","88","7.3","16.6","0.24","55","62.5","802","66.8","20.5","2.15","9.11","14.58","372","6.76","185","3.36","6","20.0","12","9","3","10","73","18.3","12","0.22","34","0.091","5","5.7","67","76.1","2","2.3","15","8","53.3","3","110.1","23.1","0.7","14.7","28.4","55.5","1.3","0.46","14.3","171.2","158.9","13.2","0.43","158.9"
"44","Kendrick Bourne","NE","WR","17","2021","390","67.5","6.0","408","12.1","68","4.0","12.7","0.17","55","80.9","800","47.1","19.5","2.05","11.76","14.55","342","6.22","149","2.71","5","20.8","7","2","1","5","57","15.0","13","0.24","27","0.069","2","2.9","59","86.8","8","11.8","9","6","66.7","2","134.1","19.2","4.6","62.6","36.9","","0.5","0.47","10.7","181.5","126.0","7.4","0.31","119.3"
"45","Mike Gesicki","MIA","TE","17","2021","502","73.1","6.5","711","22.7","109","6.4","17.7","0.22","73","67.0","780","45.9","19.8","1.55","7.16","10.68","249","3.41","111","1.52","2","9.5","11","4","1","6","82","18.3","3","0.04","39","0.078","4","3.7","91","83.5","2","1.8","26","14","53.8","5","82.4","23.2","-0.5","27.7","65.1","6.4","0.8","0.33","9.7","165.0","188.0","11.1","0.37","188.0"
"46","Courtland Sutton","DEN","WR","17","2021","529","87.7","14.5","1419","41.5","98","5.8","18.1","0.19","58","59.2","776","45.6","20.1","1.47","7.92","13.38","139","2.40","71","1.22","2","10.0","13","4","0","27","81","22.1","4","0.07","35","0.066","2","2.0","71","72.4","2","2.0","16","7","43.8","4","78.4","21.8","-1.0","86.6","13.2","0.2","","0.28","8.8","150.2","199.4","11.7","0.38","199.4"
"47","Russell Gage","ATL","WR","14","2021","383","76.4","8.4","769","37.7","92","6.6","20.5","0.24","66","71.7","770","55.0","24.7","2.01","8.37","11.67","272","4.12","139","2.11","4","33.3","14","7","2","11","79","27.0","14","0.21","37","0.097","5","5.4","74","80.4","9","9.8","11","7","63.6","3","93.1","28.2","0.7","49.9","49.6","0.3","0.3","0.43","11.8","165.0","155.4","11.1","0.41","155.4"
"48","Zach Ertz","ARZ, PHI","TE","17","2021","474","68.6","5.6","617","20.1","111","6.5","18.3","0.23","74","66.7","763","44.9","17.5","1.61","6.87","10.31","344","4.65","127","1.72","5","23.8","19","8","1","6","92","21.7","4","0.05","40","0.084","4","3.6","85","76.6","8","7.2","19","8","42.1","5","86.3","25.4","-0.5","9.3","59.5","29.3","1.9","0.38","10.6","180.7","203.8","12.0","0.43","202.3"
"49","Tim Patrick","DEN","WR","16","2021","485","84.8","10.2","839","26.2","82","5.1","16.0","0.17","53","64.6","734","45.9","20.3","1.51","8.95","13.85","205","3.87","100","1.89","5","26.3","11","7","1","16","68","19.8","5","0.09","39","0.080","4","4.9","65","79.3","0","","9","4","44.4","2","108.5","19.7","0.8","73.0","25.4","1.6","","0.32","9.8","156.4","155.9","9.7","0.32","155.9"
"50","Adam Thielen","MIN","WR","13","2021","432","82.9","6.8","619","27.4","91","7.0","18.6","0.21","67","73.6","726","55.8","19.6","1.68","7.98","10.84","224","3.34","69","1.03","10","38.5","15","8","7","15","80","24.0","5","0.07","37","0.086","1","1.1","72","79.1","11","12.1","13","10","76.9","7","124.2","23.8","0.5","75.0","24.3","0.2","0.5","0.46","15.4","199.8","170.5","13.1","0.39","169.6"
"51","Marquez Callaway","NO","WR","17","2021","442","76.3","11.1","908","37.6","82","4.8","16.3","0.19","46","56.1","698","41.1","20.3","1.58","8.51","15.17","144","3.13","86","1.87","6","20.7","9","7","4","16","72","22.3","1","0.02","32","0.072","2","2.4","58","70.7","1","1.2","15","9","60.0","4","103.6","22.9","0.2","79.9","19.5","0.7","","0.34","8.9","151.8","146.8","8.6","0.33","146.8"
"52","Mecole Hardman","KC","WR","17","2021","417","55.5","6.1","488","15.9","80","4.7","11.9","0.19","59","73.8","693","40.8","14.0","1.66","8.66","11.75","478","8.10","168","2.85","2","5.4","16","3","0","12","66","14.6","16","0.27","33","0.079","2","2.5","66","82.5","22","27.5","5","1","20.0","1","108.0","22.7","1.8","46.5","52.5","0.2","0.7","0.34","8.4","142.9","157.2","9.2","0.36","151.9"
"53","Cole Beasley","BUF","WR","16","2021","485","71.3","5.1","540","13.9","106","6.6","17.4","0.22","82","77.4","693","43.3","16.8","1.43","6.54","8.45","312","3.80","93","1.13","1","3.0","13","3","1","2","90","22.4","4","0.05","34","0.070","4","3.8","90","84.9","16","15.1","3","1","33.3","3","85.1","26.2","-0.2","10.9","88.5","","0.6","0.33","10.0","159.3","175.2","10.9","0.36","175.2"
"54","Noah Fant","DEN","TE","16","2021","431","75.5","4.0","356","11.0","88","5.5","17.2","0.20","68","77.3","670","41.9","18.6","1.55","7.61","9.85","296","4.35","107","1.57","4","21.1","15","5","3","5","62","17.9","6","0.09","29","0.067","1","1.1","75","85.2","4","4.5","10","6","60.0","1","113.4","22.0","0.7","8.4","24.6","65.9","1.2","0.37","9.9","159.0","143.6","9.0","0.33","143.6"
"55","Darren Waller","LV","TE","11","2021","376","82.5","7.7","697","31.7","90","8.2","21.6","0.24","55","61.1","665","60.5","20.3","1.77","7.39","12.09","248","4.51","99","1.80","2","11.8","15","8","1","12","76","29.9","3","0.05","31","0.082","6","6.7","70","77.8","8","8.9","10","6","60.0","3","81.9","26.9","-0.4","21.8","31.4","46.8","","0.36","12.1","133.5","165.6","15.1","0.44","165.6"
"56","K.J. Osborn","MIN","WR","17","2021","480","73.8","10.8","807","24.1","75","4.4","12.4","0.16","50","66.7","655","38.5","14.7","1.36","8.73","13.10","180","3.60","90","1.80","7","20.6","9","6","3","14","60","14.4","3","0.06","26","0.054","1","1.3","59","78.7","1","1.3","15","9","60.0","6","108.5","17.2","0.7","50.4","49.4","","0.2","0.33","9.3","158.5","151.3","8.9","0.31","150.9"
"57","Quez Watkins","PHI","WR","17","2021","370","63.9","9.1","536","16.9","59","3.5","11.9","0.16","43","72.9","647","38.1","18.0","1.75","10.97","15.05","252","5.86","99","2.30","1","5.0","8","2","0","14","45","14.1","7","0.16","25","0.068","2","3.4","48","81.4","14","23.7","9","6","66.7","5","93.0","18.6","3.3","27.3","69.5","3.2","","0.31","6.8","116.0","104.3","6.1","0.28","103.8"
"58","Emmanuel Sanders","BUF","WR","14","2021","472","77.6","13.9","961","29.8","69","4.9","12.6","0.15","42","60.9","626","44.7","16.2","1.33","9.07","14.90","94","2.24","37","0.88","4","12.9","10","11","4","16","44","12.3","1","0.02","31","0.066","3","4.3","49","71.0","2","2.9","13","7","53.8","4","103.9","16.7","-0.1","82.0","18.0","","","0.28","9.4","131.7","151.2","10.8","0.32","150.3"
"59","Laviska Shenault","JAX","WR","16","2021","445","71.2","2.9","280","10.0","97","6.1","17.2","0.22","63","64.9","619","38.7","18.2","1.39","6.38","9.83","397","6.30","200","3.17","0","0.0","10","4","0","4","78","20.9","15","0.24","30","0.067","7","7.2","78","80.4","19","19.6","9","1","11.1","2","74.2","25.2","0.0","38.4","59.6","0.2","1.8","0.29","8.0","128.0","167.9","10.5","0.37","162.6"
"60","Cole Kmet","CHI","TE","17","2021","473","71.9","7.8","685","15.9","88","5.2","16.2","0.19","60","68.2","612","36.0","16.8","1.29","6.95","10.20","270","4.50","137","2.28","0","0.0","13","6","0","7","62","17.2","6","0.10","29","0.061","4","4.5","72","81.8","4","4.5","23","16","69.6","1","78.4","20.0","-0.8","15.6","54.8","27.5","2.1","0.26","7.1","121.2","157.6","9.3","0.33","154.5"
"61","Hunter Henry","NE","TE","17","2021","398","68.9","8.6","619","18.4","72","4.2","13.5","0.18","50","69.4","603","35.5","14.7","1.52","8.38","12.06","157","3.14","69","1.38","9","37.5","17","12","7","3","51","13.4","1","0.02","34","0.085","0","","54","75.0","0","","14","10","71.4","5","128.6","18.4","0.3","12.8","60.1","26.9","0.3","0.41","9.7","164.3","144.5","8.5","0.36","144.5"
"62","Cedrick Wilson","DAL","WR","16","2021","334","50.6","9.7","579","15.6","60","3.8","9.9","0.18","45","75.0","602","37.6","12.7","1.80","10.03","13.38","278","6.18","90","2.00","6","15.4","9","4","2","10","46","10.6","9","0.20","27","0.081","2","3.3","55","91.7","4","6.7","5","2","40.0","2","132.8","19.6","2.1","9.9","90.1","","","0.44","9.2","147.8","107.9","6.7","0.32","106.8"
"63","Donovan Peoples-Jones","CLV","WR","14","2021","400","80.8","11.4","664","28.2","58","4.1","13.6","0.15","34","58.6","597","42.6","19.8","1.49","10.29","17.56","159","4.68","74","2.18","3","15.8","3","2","1","15","51","16.4","4","0.12","26","0.065","4","6.9","44","75.9","0","","16","12","75.0","5","89.5","18.0","1.6","81.0","18.8","0.3","","0.28","7.9","110.7","106.0","7.6","0.26","106.0"
"64","Tyler Conklin","MIN","TE","17","2021","457","70.3","4.1","347","10.4","84","4.9","13.9","0.18","61","72.6","593","34.9","13.3","1.30","7.06","9.72","332","5.44","104","1.70","3","8.8","16","6","2","3","55","13.2","3","0.05","26","0.057","2","2.4","71","84.5","7","8.3","14","8","57.1","2","103.9","17.4","0.2","7.0","10.9","81.6","0.4","0.30","8.1","138.3","144.5","8.5","0.32","144.5"
"65","Dawson Knox","BUF","TE","15","2021","464","73.8","6.7","462","12.7","69","4.6","12.2","0.15","49","71.0","587","39.1","14.9","1.27","8.51","11.98","285","5.82","104","2.12","9","26.5","18","10","5","9","48","12.8","7","0.14","31","0.067","4","5.8","59","85.5","7","10.1","12","8","66.7","4","130.3","15.3","1.2","13.8","45.0","35.1","6.0","0.35","10.9","164.1","150.9","10.1","0.32","149.7"
"66","T.J. Hockenson","DET","TE","12","2021","379","81.3","7.2","592","37.8","82","6.8","19.3","0.22","61","74.4","583","48.6","21.8","1.54","7.11","9.56","220","3.61","86","1.41","4","30.8","10","5","2","5","69","25.8","5","0.08","32","0.084","4","4.9","66","80.5","6","7.3","10","8","80.0","2","94.7","23.4","-0.2","11.1","56.2","32.5","0.3","0.38","12.1","145.3","141.7","11.8","0.37","141.7"
"67","Kalif Raymond","DET","WR","16","2021","450","74.5","6.3","438","17.8","70","4.4","12.6","0.16","48","68.6","576","36.0","15.9","1.28","8.23","12.00","264","5.50","46","0.96","4","19.0","6","1","0","10","56","15.1","5","0.10","28","0.062","3","4.3","57","81.4","10","14.3","7","3","42.9","5","106.6","17.3","0.9","66.2","33.3","0.2","0.2","0.29","8.3","132.4","119.6","7.5","0.26","117.8"
"68","DeAndre Hopkins","ARZ","WR","10","2021","307","84.1","12.9","786","31.3","61","6.1","19.1","0.20","42","68.9","572","57.2","20.6","1.86","9.38","13.62","147","3.50","57","1.36","8","42.1","14","12","6","16","44","20.9","6","0.14","32","0.104","1","1.6","51","83.6","4","6.6","7","3","42.9","4","138.1","22.8","0.8","85.0","15.0","","","0.48","14.7","147.2","131.0","13.1","0.43","131.0"
"69","Bryan Edwards","LV","WR","16","2021","491","74.7","11.8","670","18.8","57","3.6","9.5","0.12","34","59.6","571","35.7","12.4","1.16","10.02","16.79","170","5.00","106","3.12","3","13.6","8","7","1","13","44","11.9","7","0.21","26","0.053","3","5.3","43","75.4","1","1.8","17","10","58.8","5","111.1","12.9","1.3","72.3","27.3","","0.4","0.22","6.8","109.1","121.6","7.6","0.25","121.2"
"70","Deonte Harris","NO","WR","13","2021","207","45.9","7.8","446","25.9","57","4.4","14.2","0.28","36","63.2","570","43.8","20.7","2.75","10.00","15.83","227","6.31","116","3.22","3","10.7","6","0","0","10","48","18.8","9","0.25","23","0.111","4","7.0","41","71.9","8","14.0","3","2","66.7","3","77.4","34.1","2.5","61.4","34.3","","4.3","0.55","8.8","114.1","101.2","7.8","0.48","98.8"
"71","Jarvis Landry","CLV","WR","12","2021","316","75.4","6.8","545","32.8","80","6.7","22.0","0.25","52","65.0","570","47.5","22.6","1.80","7.13","10.96","267","5.13","101","1.94","2","13.3","9","2","0","7","69","25.1","7","0.13","29","0.092","2","2.5","58","72.5","8","10.0","8","8","100.0","1","68.2","30.8","-0.2","37.0","60.4","0.3","2.2","0.43","11.3","135.0","142.6","11.9","0.44","137.5"
"72","Byron Pringle","KC","WR","17","2021","371","49.4","7.8","455","14.8","58","3.4","8.6","0.16","42","72.4","568","33.4","11.5","1.53","9.79","13.52","177","4.21","83","1.98","5","13.5","6","2","2","11","42","9.3","6","0.14","32","0.086","4","6.9","49","84.5","2","3.4","6","5","83.3","5","132.0","18.2","2.3","36.1","62.0","1.9","","0.34","7.5","127.8","97.9","5.8","0.26","97.9"
"73","Jared Cook","LAC","TE","16","2021","463","65.3","8.0","639","17.0","80","5.0","12.4","0.17","48","60.0","564","35.3","11.8","1.22","7.05","11.75","250","5.21","85","1.77","4","11.1","12","9","4","6","63","13.9","3","0.06","31","0.067","3","3.8","64","80.0","0","","15","6","40.0","4","77.3","18.9","-0.7","19.0","55.7","25.1","0.2","0.29","8.3","132.4","149.1","9.3","0.32","149.1"
"74","Tyler Higbee","LA","TE","15","2021","473","81.4","4.2","337","10.3","81","5.4","14.8","0.17","61","75.3","560","37.3","12.8","1.18","6.91","9.18","289","4.74","84","1.38","5","13.9","19","8","3","2","71","17.5","3","0.05","33","0.070","2","2.5","67","82.7","15","18.5","9","7","77.8","4","103.9","16.5","-0.1","24.5","26.4","48.6","0.4","0.31","9.8","147.0","139.6","9.3","0.30","139.6"
"75","Robert Woods","LA","WR","9","2021","297","86.1","8.4","543","20.7","65","7.2","20.0","0.22","45","69.2","556","61.8","20.0","1.87","8.55","12.36","215","4.78","102","2.27","4","17.4","13","5","3","2","50","20.7","4","0.09","34","0.114","6","9.2","52","80.0","8","12.3","6","4","66.7","2","109.5","22.1","0.8","56.2","43.4","","0.3","0.46","15.2","137.2","126.6","14.1","0.41","122.0"
"76","Gabriel Davis","BUF","WR","16","2021","313","46.0","11.9","736","19.0","62","3.9","10.2","0.20","35","56.5","549","34.3","13.3","1.75","8.85","15.69","133","3.80","56","1.60","6","18.2","17","12","4","14","47","11.7","3","0.09","29","0.093","3","4.8","43","69.4","5","8.1","7","6","85.7","4","111.6","22.9","0.3","67.7","31.9","0.3","","0.40","7.9","125.9","130.5","8.2","0.42","130.5"
"77","Zay Jones","LV","WR","17","2021","374","54.5","12.1","844","22.8","70","4.1","11.1","0.19","47","67.1","546","32.1","11.4","1.46","7.80","11.62","181","3.85","59","1.26","1","4.3","4","5","0","16","54","14.0","6","0.13","29","0.078","0","","54","77.1","1","1.4","7","2","28.6","2","65.5","21.0","-0.4","72.2","27.8","","","0.29","6.3","106.9","133.9","7.9","0.36","133.0"
"78","Antonio Brown","TB","WR","7","2021","184","59.9","12.0","732","27.5","61","8.7","20.6","0.33","42","68.9","545","77.9","23.5","2.96","8.93","12.98","195","4.64","49","1.17","4","20.0","3","4","1","15","51","22.4","9","0.21","29","0.158","2","3.3","47","77.0","9","14.8","4","3","75.0","2","111.7","34.5","0.3","81.0","19.0","","","0.66","17.3","121.1","108.9","15.6","0.59","108.5"
"79","Elijah Moore","NYJ","WR","11","2021","297","63.6","8.8","648","45.8","74","6.7","17.3","0.25","43","58.1","538","48.9","18.8","1.81","7.27","12.51","198","4.60","52","1.21","5","33.3","8","3","2","17","64","22.5","4","0.09","24","0.081","2","2.7","50","67.6","12","16.2","11","6","54.5","5","80.8","28.2","-0.5","70.4","29.0","0.3","0.3","0.47","12.6","138.2","142.1","12.9","0.47","139.8"
"80","Odell Beckham","LA, CLV","WR","14","2021","400","76.2","12.0","983","36.6","82","5.9","17.3","0.21","44","53.7","537","38.4","15.4","1.34","6.55","12.20","164","3.73","52","1.18","5","20.8","12","8","3","18","69","19.7","3","0.07","27","0.068","4","4.9","55","67.1","7","8.5","18","10","55.6","4","79.2","22.9","-1.8","80.8","19.3","","","0.32","9.2","129.1","156.8","11.2","0.39","155.9"
"81","Kenny Golladay","NYG","WR","14","2021","392","73.3","13.8","1021","31.0","74","5.3","15.6","0.19","37","50.0","521","37.2","18.9","1.33","7.04","14.08","124","3.35","83","2.24","0","0.0","9","9","0","13","69","20.1","4","0.11","27","0.069","0","","50","67.6","0","","32","14","43.8","4","56.2","22.2","-1.8","80.1","19.9","","","0.23","6.4","89.1","141.5","10.1","0.36","141.5"
"82","Robby Anderson","CAR","WR","17","2021","597","87.7","9.6","998","31.3","104","6.1","17.4","0.17","53","51.0","519","30.5","14.5","0.87","4.99","9.79","134","2.53","65","1.23","5","35.7","6","5","3","19","86","21.1","5","0.09","27","0.045","6","5.8","74","71.2","11","10.6","17","3","17.6","2","57.3","20.9","-3.0","62.0","38.0","","","0.23","8.1","138.5","188.1","11.1","0.31","186.2"
"83","Rashod Bateman","BLT","WR","12","2021","398","73.3","4.4","281","13.6","64","5.3","14.4","0.16","46","71.9","515","42.9","18.7","1.29","8.05","11.20","143","3.11","43","0.93","1","7.7","6","2","1","8","53","17.3","2","0.04","29","0.073","3","4.7","53","82.8","0","","11","7","63.6","1","81.2","20.6","1.1","82.7","17.3","","","0.26","8.6","103.5","105.3","8.8","0.26","105.3"
"84","DeVante Parker","MIA","WR","10","2021","329","83.7","12.0","825","34.0","69","6.9","20.1","0.21","40","58.0","515","51.5","26.3","1.57","7.46","12.88","125","3.13","67","1.68","2","22.2","6","6","1","8","61","23.7","3","0.08","29","0.088","4","5.8","55","79.7","0","","25","15","60.0","7","91.2","24.2","-1.0","86.9","13.1","","","0.31","10.4","103.5","126.4","12.6","0.38","126.4"
"85","Allen Lazard","GB","WR","15","2021","392","68.5","7.2","422","15.4","59","3.9","11.3","0.15","40","67.8","513","34.2","13.0","1.31","8.69","12.83","207","5.18","87","2.18","8","24.2","15","11","4","9","49","13.1","3","0.08","28","0.071","0","","49","83.1","6","10.2","18","10","55.6","2","134.4","15.6","1.1","51.3","46.2","2.6","","0.36","9.5","142.5","116.5","7.8","0.29","115.2"
"86","Pat Freiermuth","PIT","TE","16","2021","347","52.4","2.3","180","8.0","78","4.9","12.6","0.22","60","76.9","497","31.1","13.0","1.43","6.37","8.28","246","4.10","118","1.97","7","31.8","19","7","4","1","58","13.6","11","0.18","34","0.098","3","3.8","67","85.9","6","7.7","14","9","64.3","4","122.6","20.8","-0.2","8.4","35.4","56.2","","0.44","9.5","152.7","135.0","8.4","0.39","135.0"
"87","C.J. Uzomah","CIN","TE","16","2021","441","73.9","4.7","290","7.0","62","3.9","11.8","0.14","49","79.0","493","30.8","10.6","1.12","7.95","10.06","300","6.12","151","3.08","5","14.3","7","3","1","2","42","11.2","12","0.24","24","0.054","3","4.8","56","90.3","5","8.1","5","2","40.0","0","120.0","15.0","1.3","14.7","25.9","56.5","2.9","0.29","8.0","128.3","98.7","6.2","0.22","98.7"
"88","Corey Davis","NYJ","WR","9","2021","272","74.1","7.3","428","41.0","59","6.6","17.5","0.22","34","57.6","492","54.7","22.5","1.81","8.34","14.47","94","2.76","68","2.00","4","40.0","5","4","3","9","46","21.7","5","0.15","23","0.085","5","8.5","46","78.0","1","1.7","11","5","45.5","6","72.1","24.2","0.7","74.3","24.6","1.1","","0.39","11.8","106.2","103.0","11.4","0.38","103.0"
"89","Gerald Everett","SEA","TE","15","2021","334","66.5","-0.1","-6","-0.2","60","4.0","13.7","0.18","48","80.0","478","31.9","14.1","1.43","7.97","9.96","212","4.42","104","2.17","4","15.4","8","4","1","4","49","16.9","6","0.13","26","0.078","3","5.0","51","85.0","9","15.0","3","3","100.0","1","115.1","19.2","1.4","18.6","36.8","42.8","1.8","0.36","8.0","119.8","113.4","7.6","0.34","112.0"
"90","Nick Westbrook-Ikhine","TEN","WR","16","2021","322","56.0","9.8","531","18.1","54","3.4","10.5","0.17","38","70.4","476","29.8","13.4","1.48","8.81","12.53","159","4.18","63","1.66","4","19.0","10","3","1","9","43","11.9","4","0.11","23","0.071","2","3.7","43","79.6","2","3.7","6","4","66.7","0","122.1","19.6","0.8","61.2","37.6","1.2","","0.34","6.8","108.6","102.0","6.4","0.32","102.0"
"91","David Njoku","CLV","TE","16","2021","297","52.6","6.5","344","12.2","53","3.3","10.9","0.18","36","67.9","475","29.7","13.9","1.60","8.96","13.19","248","6.89","138","3.83","4","21.1","8","7","3","10","43","11.8","4","0.11","17","0.057","2","3.8","44","83.0","7","13.2","13","7","53.8","1","113.3","18.5","1.2","12.5","37.4","50.2","","0.36","6.7","107.6","100.7","6.3","0.34","100.3"
"92","Nelson Agholor","NE","WR","15","2021","399","78.7","13.1","784","27.9","60","4.0","12.8","0.15","37","61.7","473","31.5","12.9","1.19","7.88","12.78","92","2.49","37","1.00","3","14.3","6","3","0","17","52","15.4","3","0.08","23","0.058","1","1.7","45","75.0","2","3.3","12","6","50.0","3","82.2","16.6","-0.9","92.2","7.8","","","0.26","6.9","103.4","118.8","7.9","0.29","117.4"
"93","Henry Ruggs","LV","WR","7","2021","209","71.8","16.2","568","25.8","35","5.0","13.2","0.17","24","68.6","469","67.0","20.7","2.24","13.40","19.54","120","5.00","38","1.58","2","16.7","1","0","0","11","29","17.3","5","0.21","16","0.077","1","2.9","27","77.1","1","2.9","4","3","75.0","4","130.4","18.3","4.3","56.5","43.5","","","0.40","12.1","84.5","58.7","8.4","0.28","57.6"
"94","Jerry Jeudy","DEN","WR","10","2021","249","75.5","5.4","296","23.2","55","5.5","18.5","0.22","38","69.1","467","46.7","22.7","1.88","8.49","12.29","178","4.68","47","1.24","0","0.0","3","0","0","5","46","23.5","4","0.11","22","0.088","5","9.1","45","81.8","3","5.5","4","2","50.0","0","87.5","25.6","1.1","22.5","77.1","0.4","","0.34","8.5","85.0","96.5","9.7","0.38","95.6"
"95","DeSean Jackson","LV, LA","WR","16","2021","190","31.6","17.0","579","17.1","34","2.1","6.1","0.18","20","58.8","454","28.4","10.3","2.39","13.35","22.70","172","8.60","36","1.80","2","6.9","0","0","0","12","27","7.3","2","0.10","12","0.063","1","2.9","23","67.6","2","5.9","2","1","50.0","0","98.3","19.3","3.7","73.2","26.8","","","0.40","4.8","76.8","65.1","4.1","0.34","64.6"
"96","Keelan Cole","NYJ","WR","15","2021","325","54.8","9.7","456","24.8","47","3.1","8.9","0.14","28","59.6","449","29.9","12.9","1.38","9.55","16.04","83","2.96","22","0.79","1","6.3","5","0","0","8","45","12.4","0","","20","0.062","3","6.4","34","72.3","0","","8","3","37.5","1","80.9","16.9","1.4","83.4","16.3","0.3","","0.24","5.3","78.9","88.1","5.9","0.27","88.1"
"97","Jalen Guyton","LAC","WR","16","2021","409","58.3","9.5","448","12.1","47","2.9","7.4","0.11","31","66.0","448","28.0","9.6","1.10","9.53","14.45","153","4.94","76","2.45","3","8.1","7","5","2","5","35","7.7","7","0.23","21","0.051","3","6.4","37","78.7","0","","8","4","50.0","0","118.0","12.4","1.7","74.8","25.2","","","0.24","6.1","97.2","86.6","5.4","0.20","83.4"
"98","Jamison Crowder","NYJ","WR","12","2021","374","75.7","3.7","261","19.7","71","5.9","16.0","0.19","51","71.8","447","37.3","14.9","1.20","6.30","8.76","213","4.18","86","1.69","2","12.5","12","2","2","2","58","18.5","6","0.12","22","0.059","3","4.2","58","81.7","7","9.9","7","5","71.4","2","85.8","21.6","-0.1","20.3","79.4","0.3","","0.30","9.2","110.7","115.4","9.6","0.31","115.4"
"99","Nico Collins","HST","WR","14","2021","353","67.1","11.4","664","20.6","58","4.1","12.4","0.16","33","56.9","446","31.9","14.6","1.26","7.69","13.52","125","3.79","49","1.48","1","5.9","5","5","0","7","51","15.6","1","0.03","22","0.062","1","1.7","40","69.0","0","","15","6","40.0","3","80.1","19.0","-0.9","83.3","16.7","","","0.24","6.0","83.6","106.6","7.6","0.30","106.6"
"100","Michael Gallup","DAL","WR","9","2021","308","74.8","9.2","553","33.8","60","6.7","15.8","0.19","35","58.3","445","49.4","16.9","1.44","7.42","12.71","125","3.57","63","1.80","2","11.1","8","6","1","8","49","18.0","3","0.09","23","0.075","3","5.0","48","80.0","7","11.7","20","12","60.0","5","92.7","20.9","-0.6","93.5","6.5","","","0.30","10.2","91.5","119.7","13.3","0.39","119.7"
"101","Rondale Moore","ARZ","WR","14","2021","250","47.3","-1.8","-115","-5.3","65","4.6","13.8","0.26","54","83.1","435","31.1","11.3","1.74","6.69","8.06","447","8.28","116","2.15","1","4.3","8","1","0","3","48","14.7","19","0.35","18","0.072","2","3.1","60","92.3","32","49.2","1","0","0.0","1","86.9","28.5","1.4","18.4","77.2","","4.4","0.44","7.9","110.1","116.3","8.3","0.42","105.2"
"102","Laquon Treadwell","JAX","WR","12","2021","272","59.8","11.2","572","32.1","51","4.3","12.5","0.19","33","64.7","434","36.2","18.0","1.60","8.51","13.15","121","3.67","72","2.18","1","16.7","6","4","0","7","41","15.2","3","0.09","22","0.081","3","5.9","42","82.4","3","5.9","14","8","57.1","3","89.8","20.5","0.1","77.6","22.1","0.4","","0.30","6.9","82.4","97.1","8.1","0.36","97.1"
"103","Julio Jones","TEN","WR","10","2021","239","67.9","12.5","576","26.0","46","4.6","14.7","0.19","31","67.4","434","43.4","19.4","1.82","9.43","14.00","115","3.71","63","2.03","1","8.3","7","5","1","8","36","15.8","7","0.23","19","0.079","4","8.7","37","80.4","3","6.5","7","6","85.7","1","86.7","23.1","0.9","78.7","20.9","0.4","","0.34","8.0","80.4","83.5","8.4","0.35","83.5"
"104","Braxton Berrios","NYJ","WR","16","2021","253","39.2","3.2","204","8.4","64","4.0","11.0","0.25","46","71.9","431","26.9","11.1","1.70","6.73","9.37","245","5.33","88","1.91","2","10.5","8","2","1","3","49","12.4","5","0.11","22","0.087","1","1.6","48","75.0","16","25.0","6","5","83.3","2","93.9","29.4","0.4","24.5","73.9","0.4","1.2","0.46","7.3","116.1","111.0","6.9","0.41","102.6"
"105","Marquez Valdes-Scantling","GB","WR","11","2021","280","65.7","14.6","791","42.6","54","4.9","13.9","0.19","26","48.1","430","39.1","14.0","1.54","7.96","16.54","135","5.19","39","1.50","3","12.0","8","5","1","21","46","16.3","0","","18","0.064","0","","29","53.7","3","5.6","7","1","14.3","0","86.2","20.9","-0.8","68.2","30.0","1.8","","0.31","7.9","87.0","102.4","9.3","0.37","102.4"
"106","Kadarius Toney","NYG","WR","10","2021","188","44.9","6.2","333","13.2","54","5.4","14.6","0.29","39","72.2","420","42.0","17.8","2.23","7.78","10.77","253","6.49","144","3.69","0","0.0","4","2","0","4","46","17.6","19","0.49","21","0.112","3","5.6","46","85.2","10","18.5","8","6","75.0","4","87.0","32.1","0.8","37.2","61.7","1.1","","0.44","8.2","82.4","97.0","9.7","0.50","94.8"
"107","Allen Robinson","CHI","WR","12","2021","349","78.4","12.3","813","28.2","66","5.5","18.6","0.19","38","57.6","410","34.2","18.0","1.17","6.21","10.79","103","2.71","49","1.29","1","11.1","6","6","0","14","53","22.8","3","0.08","22","0.063","2","3.0","49","74.2","1","1.5","23","11","47.8","4","55.7","24.3","-2.2","63.6","36.1","0.3","","0.25","7.3","87.0","130.4","10.9","0.37","130.4"
"108","Evan Engram","NYG","TE","15","2021","422","72.3","5.5","379","11.7","69","4.6","13.2","0.16","46","66.7","408","27.2","13.8","0.97","5.91","8.87","203","4.41","71","1.54","3","23.1","4","2","1","4","56","14.7","1","0.02","21","0.050","5","7.2","55","79.7","8","11.6","15","9","60.0","4","84.7","18.0","-1.3","9.2","72.3","18.2","0.2","0.25","6.9","103.5","116.5","7.8","0.27","114.0"
"109","Dan Arnold","CAR, JAX","TE","11","2021","244","57.1","0.4","21","1.4","49","4.5","12.6","0.20","35","71.4","408","37.1","15.6","1.67","8.33","11.66","170","4.86","74","2.11","0","0.0","4","2","0","1","37","13.8","2","0.06","20","0.082","3","6.1","41","83.7","2","4.1","4","1","25.0","2","96.3","22.1","2.0","13.9","66.4","19.3","0.4","0.31","7.0","76.8","83.5","7.6","0.34","83.5"
"110","Olamide Zaccheaus","ATL","WR","17","2021","364","57.8","5.2","259","8.8","50","2.9","8.7","0.14","31","62.0","406","23.9","10.2","1.12","8.12","13.10","98","3.16","48","1.55","3","15.0","8","5","3","4","39","10.1","0","","22","0.060","4","8.0","43","86.0","1","2.0","15","7","46.7","2","90.9","16.1","1.0","55.8","43.1","0.8","0.3","0.25","5.3","89.8","93.8","5.5","0.26","93.4"
"111","Josh Reynolds","DET, TEN","WR","12","2021","266","62.1","14.1","692","24.5","49","4.1","12.4","0.18","29","59.2","396","33.0","13.8","1.49","8.08","13.66","115","3.97","64","2.21","2","10.0","6","7","1","12","45","15.7","5","0.17","21","0.079","3","6.1","36","73.5","2","4.1","10","6","60.0","5","90.2","20.3","-1.0","84.6","15.4","","","0.30","6.7","80.6","90.1","7.5","0.34","90.1"
"112","Sammy Watkins","BLT","WR","12","2021","263","51.3","10.0","469","22.4","47","3.9","11.2","0.18","27","57.4","394","32.8","13.1","1.50","8.38","14.59","115","4.26","36","1.33","1","8.3","3","2","1","8","35","12.5","2","0.07","17","0.065","4","8.5","39","83.0","0","","5","2","40.0","1","83.1","22.5","0.4","85.9","14.1","","","0.27","6.0","71.4","79.9","6.7","0.30","79.9"
"113","Zach Pascal","IND","WR","16","2021","458","83.6","9.2","632","23.4","69","4.3","14.0","0.15","38","55.1","384","24.0","11.4","0.84","5.57","10.11","122","3.21","51","1.34","3","12.0","13","7","3","11","57","17.0","1","0.03","15","0.033","2","2.9","50","72.5","8","11.6","12","3","25.0","1","79.6","16.7","-2.1","20.3","77.9","1.7","","0.21","6.0","95.5","130.9","8.2","0.28","130.2"
"114","Adam Humphries","WAS","WR","17","2021","431","67.9","6.9","420","14.2","61","3.6","11.1","0.14","41","67.2","383","22.5","10.2","0.89","6.28","9.34","161","3.93","58","1.41","0","0.0","6","3","0","4","41","11.6","3","0.07","23","0.053","1","1.6","44","72.1","5","8.2","7","5","71.4","2","63.8","17.0","-0.8","24.4","75.6","","","0.18","4.7","79.3","106.7","6.3","0.25","106.7"
"115","Tre'Quan Smith","NO","WR","11","2021","295","72.8","5.6","270","22.5","48","4.4","13.5","0.16","32","66.7","377","34.3","16.3","1.28","7.85","11.78","101","3.16","64","2.00","3","18.8","9","4","1","6","35","15.5","6","0.19","18","0.061","2","4.2","39","81.3","1","2.1","5","4","80.0","3","111.2","19.7","0.8","47.8","50.8","1.4","","0.30","8.0","87.7","97.7","8.9","0.33","97.7"
"116","Randall Cobb","GB","WR","12","2021","225","49.7","5.1","192","9.5","38","3.2","9.2","0.17","28","73.7","375","31.3","12.0","1.67","9.87","13.39","127","4.54","43","1.54","5","20.8","13","7","3","3","27","9.4","3","0.11","21","0.093","1","2.6","31","81.6","2","5.3","11","6","54.5","3","144.2","17.9","2.7","19.6","77.3","2.7","0.4","0.42","7.9","94.6","77.7","6.5","0.34","77.1"
"117","Foster Moreau","LV","TE","17","2021","325","47.4","7.5","323","8.7","43","2.5","6.8","0.13","30","69.8","373","21.9","7.8","1.15","8.67","12.43","198","6.60","80","2.67","3","13.0","6","4","3","5","29","7.5","6","0.20","16","0.049","2","4.7","37","86.0","4","9.3","5","2","40.0","2","100.2","12.3","0.8","18.2","26.5","54.5","0.9","0.26","5.0","85.3","77.7","4.6","0.24","77.7"
"118","Sterling Shepard","NYG","WR","7","2021","218","74.1","7.4","379","20.5","51","7.3","19.5","0.23","36","70.6","366","52.3","22.4","1.68","7.18","10.17","125","3.47","84","2.33","1","16.7","9","1","0","3","42","22.0","5","0.14","19","0.087","3","5.9","41","80.4","6","11.8","11","6","54.5","1","72.8","27.1","-0.3","28.4","71.6","","","0.36","11.1","77.7","90.5","12.9","0.41","90.0"
"119","Tyler Johnson","TB","WR","17","2021","363","47.5","4.6","243","5.4","53","3.1","7.3","0.15","36","67.9","360","21.2","6.7","0.99","6.79","10.00","126","3.50","71","1.97","0","0.0","7","2","0","5","44","7.9","4","0.11","14","0.039","4","7.5","40","75.5","3","5.7","6","3","50.0","2","87.0","14.7","-0.1","62.5","37.5","","","0.20","4.2","72.0","86.9","5.1","0.24","86.9"
"120","Durham Smythe","MIA","TE","17","2021","230","33.5","5.7","229","7.3","40","2.4","6.5","0.17","34","85.0","357","21.0","9.1","1.55","8.93","10.50","151","4.44","44","1.29","0","0.0","7","2","0","2","32","7.1","0","","15","0.065","0","","36","90.0","1","2.5","2","1","50.0","3","93.4","12.9","1.5","15.7","30.4","50.9","3.0","0.30","4.1","70.0","73.9","4.3","0.32","72.8"
"121","Josh Palmer","LAC","WR","17","2021","283","38.2","7.6","374","9.5","49","2.9","7.3","0.17","33","67.3","353","20.8","7.0","1.25","7.20","10.70","95","2.88","43","1.30","4","10.5","8","4","3","7","44","9.2","1","0.03","18","0.064","1","2.0","38","77.6","3","6.1","6","3","50.0","2","98.4","19.2","-0.3","60.8","37.8","1.4","","0.33","5.5","92.9","83.0","4.9","0.29","82.6"
"122","Austin Hooper","CLV","TE","16","2021","305","53.5","2.6","148","5.3","58","3.6","11.8","0.19","38","65.5","345","21.6","9.9","1.13","5.95","9.08","200","5.26","64","1.68","3","15.0","12","4","3","1","48","13.3","3","0.08","18","0.059","5","8.6","48","82.8","4","6.9","10","8","80.0","2","91.5","19.1","-0.6","8.5","36.4","53.8","1.3","0.30","5.8","92.5","106.5","6.7","0.35","106.5"
"123","Freddie Swain","SEA","WR","17","2021","345","60.7","4.3","168","5.9","39","2.3","7.9","0.11","25","64.1","343","20.2","9.0","0.99","8.79","13.72","204","8.16","63","2.52","4","13.3","4","2","1","5","29","8.8","3","0.12","12","0.035","1","2.6","30","76.9","8","20.5","2","1","50.0","0","126.3","12.9","2.1","34.8","65.2","","","0.25","5.1","86.5","74.9","4.4","0.21","72.7"
"124","Darius Slayton","NYG","WR","13","2021","349","68.6","13.0","713","25.0","55","4.2","12.2","0.16","26","47.3","339","26.1","13.6","0.97","6.16","13.04","65","2.50","29","1.12","2","16.7","2","3","1","10","49","14.9","0","","14","0.040","3","5.5","40","72.7","3","5.5","8","2","25.0","0","56.6","19.4","-2.6","81.7","17.8","0.6","","0.20","5.4","69.6","103.7","8.0","0.30","103.2"
"125","T.Y. Hilton","IND","WR","10","2021","214","67.3","5.8","214","16.7","37","3.7","12.9","0.17","23","62.2","331","33.1","18.2","1.55","8.95","14.39","70","3.04","28","1.22","3","20.0","4","4","2","7","30","15.1","2","0.09","15","0.070","1","2.7","27","73.0","1","2.7","10","6","60.0","3","118.2","19.7","1.6","78.5","21.5","","","0.35","7.4","74.1","69.3","6.9","0.32","69.3"
"126","Albert Okwuegbunam","DEN","TE","14","2021","164","34.8","2.7","107","4.4","40","2.9","9.5","0.24","33","82.5","330","23.6","10.8","2.01","8.25","10.00","189","5.73","91","2.76","2","15.4","5","0","0","4","26","9.2","4","0.12","15","0.091","3","7.5","36","90.0","0","","1","1","100.0","0","117.7","24.0","1.9","8.5","21.3","70.1","","0.47","5.5","77.0","71.2","5.1","0.43","71.2"
"127","Damiere Byrd","CHI","WR","17","2021","365","55.5","8.8","324","7.5","37","2.2","6.8","0.10","26","70.3","329","19.4","9.1","0.90","8.89","12.65","116","4.46","16","0.62","1","6.3","4","2","0","4","29","8.1","1","0.04","18","0.049","2","5.4","31","83.8","2","5.4","2","1","50.0","0","95.4","12.6","1.1","52.1","46.3","","1.6","0.18","3.9","65.9","63.6","3.7","0.17","63.6"
"128","Chris Conley","HST","WR","16","2021","295","51.1","9.5","333","9.7","35","2.2","6.8","0.12","22","62.9","323","20.2","9.7","1.09","9.23","14.68","136","6.18","61","2.77","2","11.1","1","1","0","6","30","8.4","3","0.14","15","0.051","2","5.7","26","74.3","4","11.4","8","4","50.0","2","100.1","12.8","1.3","67.8","32.2","","","0.22","4.1","65.6","57.7","3.6","0.19","57.3"
"129","Mo Alie-Cox","IND","TE","17","2021","237","40.9","9.5","400","13.8","42","2.5","8.1","0.18","24","57.1","316","18.6","8.8","1.33","7.52","13.17","161","6.71","80","3.33","4","14.8","9","6","2","6","29","8.1","4","0.17","14","0.059","1","2.4","29","69.0","2","4.8","7","3","42.9","2","102.9","17.9","-0.9","8.0","44.3","47.7","","0.34","4.7","79.6","81.2","4.8","0.34","81.2"
"130","Marquise Goodwin","CHI","WR","14","2021","245","46.8","12.7","481","13.4","38","2.7","8.9","0.16","20","52.6","313","22.4","10.8","1.28","8.24","15.65","86","4.30","28","1.40","1","9.1","3","2","0","7","32","11.0","1","0.05","12","0.049","2","5.3","25","65.8","1","2.6","7","4","57.1","1","78.1","20.0","-0.4","86.1","13.5","","0.4","0.23","4.1","57.2","76.6","5.5","0.31","75.0"
"131","Jack Doyle","IND","TE","17","2021","255","44.0","2.6","112","3.9","43","2.5","8.3","0.17","29","67.4","302","17.8","8.4","1.18","7.02","10.41","105","3.62","34","1.17","3","11.1","8","1","0","3","34","9.5","0","","18","0.071","2","4.7","35","81.4","2","4.7","9","5","55.6","1","91.4","16.9","0.1","9.0","41.6","48.6","0.8","0.31","4.7","79.2","75.7","4.5","0.30","75.7"
"132","Chester Rogers","TEN","WR","16","2021","301","52.8","6.6","270","9.5","41","2.6","8.1","0.14","30","73.2","301","18.8","8.7","1.00","7.34","10.03","107","3.57","53","1.77","1","5.0","3","1","1","3","32","9.3","3","0.10","12","0.040","2","4.9","33","80.5","6","14.6","4","3","75.0","0","91.6","16.4","0.2","21.3","78.4","","0.3","0.22","4.1","66.0","78.7","4.9","0.26","78.2"
"133","Jalen Reagor","PHI","WR","17","2021","403","69.6","8.5","475","15.0","56","3.3","11.3","0.14","33","58.9","299","17.6","8.3","0.74","5.34","9.06","149","4.52","55","1.67","2","10.0","4","0","0","9","41","12.9","6","0.18","13","0.032","4","7.1","44","78.6","14","25.0","7","2","28.6","4","70.5","16.4","-2.4","78.9","20.6","","0.5","0.19","4.6","78.1","107.4","6.3","0.25","102.7"
"134","DeAndre Carter","WAS","WR","17","2021","249","39.2","7.2","288","9.8","40","2.4","7.3","0.16","24","60.0","296","17.4","7.9","1.19","7.40","12.33","78","3.25","21","0.88","3","14.3","4","3","2","8","37","10.5","2","0.08","17","0.068","2","5.0","28","70.0","5","12.5","3","2","66.7","0","97.5","19.7","-0.1","63.5","36.5","","","0.32","4.7","80.5","79.0","4.6","0.30","74.0"
"135","Jonnu Smith","NE","TE","16","2021","150","27.3","5.3","240","6.1","45","2.8","8.8","0.30","28","62.2","294","18.4","7.7","1.96","6.53","10.50","247","8.82","79","2.82","1","5.0","10","1","1","4","33","9.2","4","0.14","15","0.100","2","4.4","34","75.6","10","22.2","3","1","33.3","1","70.0","24.9","-0.7","14.7","34.7","46.7","4.0","0.45","4.2","67.4","89.3","5.6","0.56","84.4"
"136","Anthony Firkser","TEN","TE","15","2021","246","46.8","5.2","219","8.7","42","2.8","9.0","0.17","34","81.0","291","19.4","9.1","1.18","6.93","8.56","114","3.35","48","1.41","2","10.5","6","3","2","2","28","8.5","0","","15","0.061","3","7.1","40","95.2","1","2.4","6","4","66.7","0","101.5","19.9","-0.2","24.0","60.6","14.6","0.8","0.30","4.9","74.1","69.8","4.7","0.28","69.8"
"137","James Washington","PIT","WR","15","2021","318","49.9","9.2","386","19.2","42","2.8","7.1","0.13","24","57.1","285","19.0","8.1","0.90","6.79","11.88","76","3.17","18","0.75","2","10.0","7","2","0","11","33","8.1","1","0.04","9","0.028","1","2.4","28","66.7","3","7.1","6","4","66.7","2","83.9","14.0","-1.0","59.4","40.6","","","0.21","4.4","65.8","79.5","5.3","0.25","78.9"
"138","Jauan Jennings","SF","WR","16","2021","183","34.5","6.5","241","8.4","37","2.3","7.6","0.20","24","64.9","282","17.6","6.6","1.54","7.62","11.75","111","4.63","62","2.58","5","19.2","7","4","3","6","29","8.3","6","0.25","15","0.082","6","16.2","31","83.8","2","5.4","3","3","100.0","2","116.2","21.8","0.4","40.4","59.0","","0.5","0.45","5.1","82.2","62.0","3.9","0.34","62.0"
"139","Calvin Ridley","ATL","WR","5","2021","193","90.2","10.0","519","40.4","52","10.4","25.9","0.27","31","59.6","281","56.2","21.2","1.46","5.40","9.06","96","3.10","48","1.55","2","20.0","11","3","2","7","44","33.6","5","0.16","16","0.083","2","3.8","42","80.8","2","3.8","11","3","27.3","2","79.1","29.9","-2.4","79.3","20.7","","","0.37","14.2","71.1","96.7","19.3","0.50","96.7"
"140","Ray-Ray McCloud","PIT","WR","16","2021","325","48.9","-0.9","-56","-2.6","63","3.9","10.1","0.19","39","61.9","277","17.3","7.4","0.85","4.40","7.10","126","3.23","43","1.10","0","0.0","10","1","0","4","52","12.0","4","0.10","17","0.052","4","6.3","47","74.6","9","14.3","8","4","50.0","0","58.8","20.5","-1.5","9.2","89.5","0.9","0.3","0.21","4.2","67.2","99.9","6.2","0.30","98.9"
"141","Rashard Higgins","CLV","WR","15","2021","286","53.8","11.3","507","19.2","45","3.0","9.8","0.16","24","53.3","275","18.3","8.6","0.96","6.11","11.46","36","1.50","5","0.21","1","5.6","4","1","0","4","37","10.8","0","","16","0.056","2","4.4","30","66.7","0","","7","4","57.1","1","70.1","19.0","-2.5","60.5","39.2","0.3","","0.20","3.8","57.5","81.5","5.4","0.28","81.5"
"142","Devin Duvernay","BLT","WR","16","2021","371","52.9","3.6","160","4.6","44","2.8","7.7","0.12","33","75.0","272","17.0","6.9","0.73","6.18","8.24","141","4.27","48","1.45","2","10.5","9","3","1","2","35","9.2","2","0.06","14","0.038","0","","34","77.3","8","18.2","5","3","60.0","2","105.5","14.7","-0.2","39.6","59.3","0.8","0.3","0.21","4.8","77.2","82.1","5.1","0.21","78.7"
"143","Ricky Seals-Jones","WAS","TE","13","2021","273","52.9","3.7","172","7.9","47","3.6","10.6","0.17","30","63.8","271","20.8","9.0","0.99","5.77","9.03","134","4.47","43","1.43","2","13.3","12","6","1","4","28","10.0","3","0.10","14","0.051","4","8.5","37","78.7","2","4.3","5","2","40.0","3","93.5","19.0","-1.3","13.9","62.3","18.7","5.1","0.25","5.3","69.1","86.7","6.7","0.32","86.7"
"144","Demarcus Robinson","KC","WR","17","2021","440","58.6","7.3","286","9.3","39","2.3","5.8","0.09","25","64.1","264","15.5","5.3","0.60","6.77","10.56","47","1.88","16","0.64","3","8.1","4","4","2","6","28","6.2","2","0.08","13","0.030","1","2.6","27","69.2","2","5.1","1","1","100.0","1","109.3","10.2","-0.8","85.5","13.9","0.7","","0.16","4.1","69.4","73.5","4.3","0.17","73.5"
"145","Adam Trautman","NO","TE","13","2021","243","55.0","0.3","13","0.7","40","3.1","10.2","0.16","27","67.5","263","20.2","9.7","1.08","6.58","9.74","93","3.44","24","0.89","2","7.7","7","2","1","3","28","11.3","0","","13","0.053","2","5.0","33","82.5","7","17.5","12","8","66.7","2","92.0","16.4","-0.1","14.8","35.4","49.0","0.8","0.26","4.9","64.3","67.1","5.2","0.28","67.1"
"146","Ryan Griffin","NYJ","TE","14","2021","253","43.2","3.6","147","6.9","41","2.9","7.8","0.16","27","65.9","261","18.6","7.4","1.03","6.37","9.67","144","5.33","39","1.44","2","11.8","6","4","2","1","21","5.9","1","0.04","14","0.055","3","7.3","32","78.0","1","2.4","5","3","60.0","0","79.4","14.6","-0.4","6.3","29.6","58.5","5.5","0.26","4.7","65.1","72.8","5.2","0.29","72.8"
"147","Kyle Rudolph","NYG","TE","16","2021","201","31.8","6.4","236","6.3","37","2.3","6.6","0.18","26","70.3","257","16.1","7.9","1.28","6.95","9.88","143","5.50","91","3.50","1","7.1","7","3","1","1","33","8.1","3","0.12","12","0.060","0","","28","75.7","2","5.4","7","4","57.1","0","98.6","16.7","-0.4","13.4","51.7","34.8","","0.30","3.7","59.7","67.2","4.2","0.33","67.2"
"148","Brandon Zylstra","CAR","WR","13","2021","169","32.8","7.0","169","7.5","24","1.8","5.3","0.14","18","75.0","250","19.2","8.7","1.48","10.42","13.89","117","6.50","41","2.28","1","7.1","3","1","0","4","22","6.8","2","0.11","10","0.059","0","","21","87.5","3","12.5","6","4","66.7","0","121.9","16.6","3.1","48.5","49.7","1.8","","0.29","3.8","49.0","39.5","3.0","0.23","39.5"
"149","John Bates","WAS","TE","17","2021","201","31.7","1.3","30","1.0","23","1.4","4.2","0.11","20","87.0","249","14.6","6.6","1.24","10.83","12.45","135","6.75","59","2.95","1","4.8","2","0","0","0","19","5.4","4","0.20","11","0.055","0","","22","95.7","2","8.7","2","2","100.0","0","108.2","11.6","4.2","8.0","53.2","36.8","2.0","0.25","3.0","50.9","40.6","2.4","0.20","40.6"
"150","Lil'Jordan Humphrey","NO","WR","10","2021","123","36.6","10.8","194","9.8","18","1.8","6.3","0.15","13","72.2","249","24.9","13.7","2.02","13.83","19.15","102","7.85","33","2.54","2","12.5","1","1","1","0","12","7.1","2","0.15","9","0.073","0","","14","77.8","0","","1","1","100.0","2","128.2","18.4","5.4","43.9","56.1","","","0.41","5.0","49.9","33.0","3.3","0.27","33.0"
"151","Danny Amendola","HST","WR","8","2021","151","50.8","8.5","307","15.6","36","4.5","13.8","0.24","24","66.7","248","31.0","14.0","1.64","6.89","10.33","106","4.42","18","0.75","3","27.3","3","2","1","5","26","14.4","0","","10","0.066","0","","26","72.2","3","8.3","4","3","75.0","0","102.5","29.3","-0.7","26.5","72.8","","0.7","0.46","8.6","68.8","60.9","7.6","0.40","60.9"
"152","Josiah Deguara","GB","TE","16","2021","186","30.2","2.3","75","2.5","32","2.0","5.7","0.17","25","78.1","245","15.3","5.7","1.32","7.66","9.80","198","7.92","114","4.56","2","5.7","7","4","1","2","23","5.7","2","0.08","9","0.048","2","6.3","28","87.5","6","18.8","1","0","0.0","0","106.4","16.8","1.0","21.0","40.3","34.4","4.3","0.33","3.8","61.5","57.8","3.6","0.31","57.8"
"153","Cameron Brate","TB","TE","17","2021","282","36.9","6.8","340","7.6","50","2.9","6.8","0.18","30","60.0","245","14.4","4.6","0.87","4.90","8.17","88","2.93","26","0.87","4","9.3","17","6","3","2","43","7.7","0","","15","0.053","4","8.0","38","76.0","3","6.0","7","4","57.1","1","99.2","17.4","-2.6","21.3","37.9","35.5","5.3","0.28","4.6","78.5","95.0","5.6","0.34","95.0"
"154","James O'Shaughnessy","JAX","TE","7","2021","177","60.2","6.3","215","9.6","34","4.9","12.5","0.19","24","70.6","244","34.9","15.9","1.38","7.18","10.17","122","5.08","40","1.67","0","0.0","0","0","0","2","25","13.6","3","0.13","10","0.056","3","8.8","30","88.2","3","8.8","3","0","0.0","0","90.8","19.4","-0.2","11.3","53.1","35.6","","0.28","7.2","50.4","57.0","8.1","0.32","57.0"
"155","Harrison Bryant","CLV","TE","16","2021","152","26.9","7.6","205","7.3","27","1.7","5.5","0.18","21","77.8","233","14.6","6.8","1.53","8.63","11.10","73","3.48","20","0.95","3","15.8","5","4","3","4","20","5.5","0","","14","0.092","0","","24","88.9","0","","5","5","100.0","1","124.2","18.6","1.3","20.4","30.3","44.1","5.3","0.41","3.9","62.3","52.0","3.3","0.34","52.0"
"156","Will Dissly","SEA","TE","15","2021","182","35.7","1.2","30","1.3","26","1.7","5.9","0.14","21","80.8","231","15.4","6.8","1.27","8.88","11.00","119","5.67","57","2.71","1","4.0","3","0","0","0","19","6.4","2","0.10","11","0.060","2","7.7","25","96.2","2","7.7","3","2","66.7","0","116.5","13.4","2.6","17.6","36.8","44.0","1.6","0.28","3.3","50.1","45.1","3.0","0.25","45.1"
"157","Tajae Sharpe","ATL","WR","15","2021","309","53.9","8.5","289","11.1","34","2.3","6.5","0.11","25","73.5","230","15.3","6.4","0.74","6.76","9.20","71","2.84","32","1.28","0","0.0","3","1","0","4","28","7.8","0","","14","0.045","1","2.9","31","91.2","1","2.9","8","5","62.5","0","91.5","12.3","-0.8","70.2","29.1","0.6","","0.16","3.2","48.0","55.8","3.7","0.18","55.8"
"158","Jamal Agnew","JAX","WR","10","2021","173","43.8","1.4","52","3.8","36","3.6","10.1","0.21","24","66.7","229","22.9","10.5","1.32","6.36","9.54","128","5.33","56","2.33","1","12.5","3","2","1","3","27","11.3","1","0.04","14","0.081","3","8.3","29","80.6","5","13.9","3","2","66.7","1","93.4","24.3","0.1","29.5","70.5","","","0.40","7.0","70.0","65.1","6.5","0.36","61.7"
"159","Chris Moore","HST","WR","12","2021","130","30.0","4.3","94","3.5","22","1.8","5.8","0.17","21","95.5","227","18.9","9.0","1.75","10.32","10.81","147","7.00","35","1.67","2","13.3","2","0","0","2","17","6.3","2","0.10","6","0.046","0","","21","95.5","10","45.5","2","2","100.0","3","140.0","19.3","3.7","35.4","63.1","1.5","","0.43","4.6","55.7","39.3","3.3","0.30","39.3"
"160","John Ross","NYG","WR","10","2021","140","34.9","16.2","307","13.2","19","1.9","5.2","0.14","11","57.9","224","22.4","9.9","1.60","11.79","20.36","46","4.18","29","2.64","1","9.1","1","1","0","4","16","6.0","3","0.27","8","0.057","0","","12","63.2","0","","3","3","100.0","1","117.0","14.7","2.3","80.7","17.1","2.1","","0.29","4.1","41.0","34.2","3.4","0.24","33.8"
"161","Mack Hollins","MIA","WR","17","2021","207","30.1","15.6","437","14.0","28","1.6","4.6","0.14","14","50.0","223","13.1","5.7","1.08","7.96","15.93","47","3.36","18","1.29","4","19.0","8","5","3","5","19","4.2","1","0.07","11","0.053","2","7.1","20","71.4","0","","1","0","0.0","1","101.6","15.1","-1.4","80.7","19.3","","","0.29","3.5","60.3","59.1","3.5","0.29","59.1"
"162","Hayden Hurst","ATL","TE","13","2021","219","45.1","7.6","242","10.8","32","2.5","7.1","0.15","26","81.3","221","17.0","7.0","1.01","6.91","8.50","99","3.81","33","1.27","3","15.8","7","2","1","3","25","8.3","4","0.15","11","0.050","0","","29","90.6","2","6.3","2","0","0.0","1","113.7","14.2","-0.1","16.4","42.9","40.2","0.5","0.30","5.0","65.1","57.8","4.4","0.26","57.8"
"163","Marcedes Lewis","GB","TE","17","2021","112","17.3","2.5","69","2.2","28","1.6","4.7","0.25","23","82.1","214","12.6","4.7","1.91","7.64","9.30","145","6.30","75","3.26","0","0.0","7","3","0","1","14","3.3","6","0.26","10","0.089","0","","25","89.3","5","17.9","2","0","0.0","0","98.5","16.3","1.0","6.3","3.6","90.2","","0.40","2.6","44.4","48.8","2.9","0.44","48.8"
"164","Jordan Akins","HST","TE","13","2021","184","38.3","6.6","211","7.1","32","2.5","7.3","0.17","24","75.0","214","16.5","7.2","1.16","6.69","8.92","82","3.42","39","1.63","0","0.0","5","3","0","1","25","8.1","4","0.17","11","0.060","2","6.3","28","87.5","2","6.3","4","3","75.0","1","79.4","18.6","-0.8","10.9","26.6","62.0","0.5","0.24","3.4","43.7","54.7","4.2","0.29","54.3"
"165","Albert Wilson","MIA","WR","14","2021","207","37.2","0.4","13","0.6","37","2.6","7.4","0.18","25","67.6","213","15.2","6.4","1.03","5.76","8.52","85","3.40","36","1.44","0","0.0","2","1","0","2","31","8.4","7","0.28","10","0.048","2","5.4","29","78.4","8","21.6","2","1","50.0","0","82.4","20.0","-0.1","55.6","44.0","","0.5","0.23","3.4","48.0","64.0","4.6","0.30","62.0"
"166","Tavon Austin","JAX","WR","13","2021","195","38.6","9.4","347","18.0","37","2.8","8.1","0.19","24","64.9","213","16.4","7.7","1.09","5.76","8.88","67","2.79","35","1.46","1","20.0","3","3","1","5","29","9.5","4","0.17","11","0.056","2","5.4","27","73.0","4","10.8","5","3","60.0","0","55.3","22.6","-2.1","46.2","52.8","","1.0","0.27","4.0","52.4","60.7","4.7","0.30","59.4"
"167","Cyril Grayson","TB","WR","5","2021","68","33.0","16.0","208","12.4","13","2.6","6.5","0.19","10","76.9","212","42.4","13.5","3.12","16.31","21.20","70","7.00","13","1.30","2","13.3","1","0","0","6","13","7.9","0","","8","0.118","0","","11","84.6","1","7.7","2","0","0.0","0","157.9","19.1","7.2","76.5","23.5","","","0.66","8.9","44.6","21.1","4.2","0.30","20.3"
"168","Cam Sims","WAS","WR","14","2021","160","31.9","8.9","205","10.1","23","1.6","5.3","0.14","15","65.2","211","15.1","6.9","1.32","9.17","14.07","41","2.73","14","0.93","2","10.5","5","4","2","3","15","5.5","1","0.07","11","0.069","1","4.3","17","73.9","0","","7","6","85.7","1","105.5","16.9","0.8","81.9","18.1","","","0.31","3.5","48.8","48.2","3.4","0.30","47.7"
"169","Geoff Swaim","TEN","TE","16","2021","185","33.8","-0.9","-36","-1.4","38","2.4","7.9","0.21","31","81.6","210","13.1","6.1","1.14","5.53","6.77","131","4.23","55","1.77","3","14.3","8","5","3","0","27","8.1","3","0.10","12","0.065","2","5.3","36","94.7","3","7.9","4","2","50.0","1","116.0","16.2","-0.2","7.0","23.2","67.0","2.7","0.38","4.4","70.0","69.9","4.4","0.38","69.9"
"170","Antoine Wesley","ARZ","WR","15","2021","236","40.3","9.7","292","11.8","30","2.0","5.7","0.13","19","63.3","208","13.9","5.3","0.88","6.93","10.95","62","3.26","50","2.63","3","15.0","6","4","2","6","23","6.3","3","0.16","9","0.038","0","","24","80.0","2","6.7","6","3","50.0","2","103.2","14.0","-0.9","91.9","8.1","","","0.24","3.9","57.8","64.4","4.3","0.27","64.4"
"171","Robert Tonyan","GB","TE","8","2021","172","58.9","9.7","253","12.3","26","3.3","9.8","0.15","18","69.2","204","25.5","10.4","1.19","7.85","11.33","109","6.06","41","2.28","2","11.8","6","2","1","6","17","9.3","2","0.11","10","0.058","1","3.8","19","73.1","5","19.2","5","3","60.0","2","118.1","15.2","-0.2","18.6","47.7","33.7","","0.29","6.3","50.4","56.6","7.1","0.33","56.6"
"172","Quintez Cephus","DET","WR","5","2021","124","56.9","11.8","259","20.9","22","4.4","11.2","0.18","15","68.2","204","40.8","15.7","1.65","9.27","13.60","99","6.60","43","2.87","2","28.6","3","2","2","6","13","10.3","5","0.33","9","0.073","0","","19","86.4","0","","5","2","40.0","0","127.8","20.2","1.0","87.1","12.9","","","0.40","9.9","49.4","44.7","8.9","0.36","44.7"
"173","James Proche","BLT","WR","14","2021","153","25.0","9.3","185","4.3","20","1.4","4.0","0.13","16","80.0","202","14.4","5.5","1.32","10.10","12.63","65","4.06","13","0.81","0","0.0","1","0","0","2","13","4.0","0","","10","0.065","0","","17","85.0","0","","2","2","100.0","2","87.9","16.3","2.5","10.5","88.9","0.7","","0.24","2.6","36.2","30.9","2.2","0.20","30.9"
"174","Logan Thomas","WAS","TE","6","2021","143","66.2","9.8","244","18.5","25","4.2","13.2","0.17","18","72.0","196","32.7","14.1","1.37","7.84","10.89","70","3.89","19","1.06","3","27.3","5","4","3","3","18","14.8","2","0.11","10","0.070","1","4.0","21","84.0","1","4.0","4","3","75.0","2","117.7","18.0","-0.4","10.5","67.8","17.5","4.2","0.38","9.1","54.6","48.8","8.1","0.34","48.8"
"175","Maxx Williams","ARZ","TE","5","2021","95","51.4","4.9","83","7.1","17","3.4","10.3","0.18","16","94.1","193","38.6","12.8","2.03","11.35","12.06","135","8.44","58","3.63","1","10.0","1","1","1","2","9","9.1","4","0.25","9","0.095","0","","16","94.1","2","11.8","1","1","100.0","0","133.6","17.2","4.3","5.3","34.7","50.5","9.5","0.43","8.3","41.3","27.5","5.5","0.29","27.5"
"176","Donald Parham","LAC","TE","14","2021","140","23.3","3.5","90","3.1","26","1.9","4.8","0.19","20","76.9","190","13.6","4.7","1.36","7.31","9.50","126","6.30","52","2.60","3","9.4","6","4","1","1","22","5.7","6","0.30","13","0.093","2","7.7","24","92.3","6","23.1","4","2","50.0","0","135.1","15.8","0.8","5.0","28.6","65.7","0.7","0.42","4.2","59.0","53.5","3.8","0.38","53.5"
"177","Ian Thomas","CAR","TE","17","2021","272","39.9","5.9","172","5.4","29","1.7","4.8","0.11","18","62.1","188","11.1","5.3","0.69","6.48","10.44","89","4.94","32","1.78","0","0.0","4","1","0","2","23","5.7","0","","6","0.022","2","6.9","24","82.8","3","10.3","5","3","60.0","0","41.2","9.4","-0.5","15.8","39.7","44.5","","0.14","2.2","36.8","48.5","2.9","0.18","48.5"
"178","Noah Brown","DAL","WR","13","2021","146","28.9","7.8","187","6.7","24","1.8","5.1","0.16","16","66.7","184","14.2","4.9","1.26","7.67","11.50","58","3.63","25","1.56","0","0.0","2","0","0","3","16","4.8","1","0.06","6","0.041","2","8.3","20","83.3","0","","3","2","66.7","1","89.6","17.4","0.1","82.9","17.1","","","0.24","2.6","34.4","41.6","3.2","0.28","41.6"
"179","N'Keal Harry","NE","WR","12","2021","133","33.8","12.0","265","12.7","22","1.8","6.1","0.17","12","54.5","184","15.3","6.3","1.38","8.36","15.33","24","2.00","15","1.25","0","0.0","1","1","0","5","22","8.3","0","","7","0.053","1","4.5","15","68.2","2","9.1","3","2","66.7","2","63.4","17.6","-0.5","90.2","9.8","","","0.22","2.5","29.4","44.1","3.7","0.33","43.6"
"180","Tommy Tremble","CAR","TE","16","2021","242","37.4","8.4","259","8.4","31","1.9","5.4","0.13","20","64.5","180","11.3","5.2","0.74","5.81","9.00","73","3.65","46","2.30","1","7.1","4","1","1","3","24","6.2","2","0.10","10","0.041","3","9.7","25","80.6","2","6.5","2","1","50.0","0","90.8","12.9","-1.6","16.5","46.3","37.2","","0.22","3.3","53.1","58.7","3.7","0.23","55.3"
"181","Isaiah McKenzie","BUF","WR","15","2021","137","20.8","2.3","61","1.7","26","1.7","4.4","0.19","20","76.9","178","11.9","4.4","1.30","6.85","8.90","77","3.85","33","1.65","1","3.2","5","1","1","2","18","4.6","2","0.10","13","0.095","1","3.8","22","84.6","6","23.1","3","3","100.0","2","107.5","20.8","0.3","28.5","67.2","","4.4","0.39","3.6","53.5","49.6","3.3","0.32","43.6"
"182","Brevin Jordan","HST","TE","9","2021","139","40.1","6.2","168","8.4","27","3.0","9.0","0.19","20","74.1","178","19.8","9.1","1.28","6.59","8.90","106","5.30","49","2.45","3","27.3","4","2","2","2","18","8.6","5","0.25","10","0.072","0","","23","85.2","1","3.7","6","3","50.0","0","128.3","21.6","-0.9","4.3","20.9","73.4","1.4","0.40","6.2","55.8","46.5","5.2","0.33","46.5"
"183","Mohamed Sanu","SF","WR","8","2021","158","54.3","10.3","227","11.6","22","2.8","8.4","0.14","15","68.2","177","22.1","8.4","1.12","8.05","11.80","55","3.67","19","1.27","0","0.0","4","0","0","3","18","9.3","1","0.07","12","0.076","1","4.5","18","81.8","0","","5","2","40.0","1","92.4","16.1","0.0","26.6","72.8","","0.6","0.21","4.1","32.7","44.7","5.6","0.28","44.7"
"184","Kendall Hinton","DEN","WR","16","2021","145","25.8","8.2","180","5.8","22","1.4","4.4","0.15","15","68.2","175","10.9","4.9","1.21","7.95","11.67","58","3.87","20","1.33","1","5.6","2","1","1","2","19","5.6","1","0.07","10","0.069","1","4.5","17","77.3","0","","2","1","50.0","1","88.3","17.5","0.5","29.0","71.0","","","0.27","2.4","38.5","42.8","2.7","0.30","42.8"
"185","Tyler Kroft","NYJ","TE","9","2021","182","51.1","6.1","152","7.1","25","2.8","8.2","0.14","16","64.0","173","19.2","8.2","0.95","6.92","10.81","80","5.00","54","3.38","1","7.7","2","1","1","2","18","8.7","5","0.31","9","0.049","3","12.0","21","84.0","2","8.0","4","2","50.0","2","97.6","14.3","-0.7","9.9","27.5","58.2","4.4","0.22","4.4","39.3","44.3","4.9","0.24","44.3"
"186","Ashton Dulin","IND","WR","17","2021","97","16.8","12.2","256","8.8","21","1.2","4.0","0.22","13","61.9","173","10.2","4.8","1.78","8.24","13.31","37","2.85","21","1.62","2","7.4","2","3","1","5","17","4.7","1","0.08","9","0.093","1","4.8","18","85.7","4","19.0","4","2","50.0","0","119.7","21.9","-0.3","78.4","20.6","1.0","","0.47","2.7","45.5","52.1","3.1","0.52","50.7"
"187","Pharaoh Brown","HST","TE","15","2021","175","33.7","4.4","140","4.3","32","2.1","6.9","0.18","23","71.9","171","11.4","5.6","0.98","5.34","7.43","118","5.13","70","3.04","0","0.0","0","0","0","1","26","8.1","4","0.17","6","0.034","2","6.3","28","87.5","3","9.4","2","0","0.0","1","71.2","14.6","-0.9","2.3","16.0","80.0","1.7","0.22","2.6","39.1","52.5","3.5","0.30","52.5"
"188","Jimmy Graham","CHI","TE","15","2021","114","19.8","8.4","194","5.0","23","1.5","4.8","0.20","14","60.9","167","11.1","5.1","1.46","7.26","11.93","59","4.21","26","1.86","3","20.0","8","6","2","2","14","4.4","1","0.07","10","0.088","1","4.3","17","73.9","0","","4","2","50.0","0","122.6","22.5","-1.0","30.7","42.1","26.3","0.9","0.44","3.4","50.7","50.6","3.4","0.44","50.6"
"189","Breshad Perriman","TB","WR","6","2021","113","40.9","9.2","156","20.3","17","2.8","6.3","0.15","11","64.7","167","27.8","8.3","1.48","9.82","15.18","104","9.45","57","5.18","1","6.3","3","2","0","3","11","5.3","3","0.27","5","0.044","1","5.9","13","76.5","1","5.9","1","0","0.0","1","116.5","15.3","1.7","81.4","18.6","","","0.30","5.6","33.4","30.6","5.1","0.27","30.1"
"190","Zach Gentry","PIT","TE","17","2021","139","19.6","3.4","81","3.3","24","1.4","3.6","0.17","19","79.2","167","9.8","4.2","1.20","6.96","8.79","131","6.89","52","2.74","0","0.0","5","2","0","1","14","3.1","2","0.11","11","0.079","0","","20","83.3","3","12.5","2","1","50.0","0","95.7","13.4","0.1","2.9","7.9","89.2","","0.26","2.1","35.7","39.9","2.3","0.29","39.9"
"191","Stephen Anderson","LAC","TE","17","2021","101","13.6","3.3","62","1.6","19","1.1","2.8","0.19","16","84.2","165","9.7","3.3","1.63","8.68","10.31","119","7.44","30","1.88","1","2.6","2","1","1","0","15","3.2","0","","9","0.089","0","","16","84.2","3","15.8","0","0","0.0","0","98.5","16.1","2.1","9.9","19.8","48.5","21.8","0.38","2.3","38.5","33.5","2.0","0.33","33.5"
"192","Dyami Brown","WAS","WR","15","2021","189","34.9","15.2","364","15.9","24","1.6","5.1","0.13","12","50.0","165","11.0","5.1","0.87","6.88","13.75","35","2.92","21","1.75","0","0.0","3","3","0","7","19","6.3","1","0.08","6","0.032","1","4.2","17","70.8","0","","6","3","50.0","2","72.4","14.4","-2.3","71.4","28.6","","","0.15","1.9","28.1","51.1","3.4","0.27","50.5"
"193","Parris Campbell","IND","WR","6","2021","111","51.4","17.6","316","22.6","18","3.0","9.4","0.16","10","55.6","162","27.0","10.9","1.46","9.00","16.20","20","2.00","7","0.70","1","11.1","1","0","0","7","17","14.2","0","","7","0.063","1","5.6","14","77.8","0","","4","1","25.0","0","104.4","18.0","-0.3","86.5","13.5","","","0.29","5.4","32.2","38.1","6.4","0.34","38.1"
"194","Isaiah Ford","MIA","WR","13","2021","81","15.8","-3.5","-56","-2.6","16","1.2","3.4","0.20","12","75.0","161","12.4","5.1","1.99","10.06","13.42","31","2.58","16","1.33","2","11.1","3","2","1","1","14","4.0","0","","7","0.086","0","","13","81.3","0","","2","1","50.0","0","146.1","21.6","4.7","61.7","35.8","1.2","1.2","0.50","3.1","40.1","31.2","2.4","0.39","31.2"
"195","Marcus Johnson","TEN","WR","7","2021","90","38.0","-1.7","-29","-4.2","17","2.4","7.8","0.19","9","52.9","160","22.9","9.8","1.78","9.41","17.78","33","3.67","23","2.56","0","0.0","3","1","0","2","9","6.0","0","","7","0.078","0","","11","64.7","1","5.9","2","0","0.0","0","60.9","21.3","3.4","85.6","14.4","","","0.28","3.5","24.8","29.3","4.2","0.31","28.1"
"196","Juwan Johnson","NO","TE","14","2021","158","34.1","3.5","70","4.0","20","1.4","5.0","0.13","13","65.0","159","11.4","5.7","1.01","7.95","12.23","41","3.15","13","1.00","4","16.7","7","3","3","3","15","5.8","1","0.08","12","0.076","2","10.0","18","90.0","1","5.0","8","5","62.5","3","129.0","14.7","0.4","21.5","55.7","22.8","","0.33","3.8","52.9","41.1","2.9","0.26","41.1"
"197","KhaDarel Hodge","DET","WR","13","2021","147","30.1","10.8","280","14.8","26","2.0","5.8","0.18","13","50.0","157","12.1","5.2","1.07","6.04","12.08","44","3.38","11","0.85","0","0.0","5","2","0","4","22","7.2","1","0.08","7","0.048","2","7.7","16","61.5","3","11.5","4","2","50.0","2","36.9","19.4","-2.2","93.9","4.8","1.4","","0.21","2.4","30.7","53.5","4.1","0.36","53.5"
"198","D.J. Chark","JAX","WR","4","2021","105","68.2","17.0","323","25.7","19","4.8","13.4","0.18","7","36.8","154","38.5","17.6","1.47","8.11","22.00","27","3.86","13","1.86","2","40.0","1","1","1","4","12","12.6","0","","7","0.067","2","10.5","10","52.6","0","","2","0","0.0","0","79.7","19.6","-2.0","89.5","10.5","","","0.33","8.6","34.4","40.8","10.2","0.39","40.8"
"199","Malik Turner","DAL","WR","12","2021","61","12.4","8.1","130","4.8","16","1.3","3.5","0.26","12","75.0","149","12.4","4.3","2.44","9.31","12.42","69","5.75","68","5.67","3","10.3","6","3","2","2","12","3.7","3","0.25","8","0.131","0","","13","81.3","0","","0","0","0.0","0","116.9","27.1","1.6","37.7","62.3","","","0.74","3.7","44.9","35.0","2.9","0.57","35.0"
"200","MyCole Pruitt","TEN","TE","16","2021","135","23.8","6.9","125","4.6","18","1.1","3.6","0.13","14","77.8","145","9.1","4.2","1.07","8.06","10.36","68","4.86","20","1.43","3","16.7","6","3","1","0","9","2.6","0","","10","0.074","0","","17","94.4","1","5.6","2","1","50.0","0","116.7","11.0","0.3","13.3","24.4","61.5","0.7","0.36","3.0","48.5","39.9","2.5","0.30","39.9"
"201","Terrace Marshall","CAR","WR","13","2021","267","51.3","4.3","128","5.9","30","2.3","6.5","0.11","17","56.7","138","10.6","4.8","0.52","4.60","8.12","64","3.76","18","1.06","0","0.0","3","1","0","1","24","7.7","1","0.06","7","0.026","1","3.3","22","73.3","6","20.0","2","0","0.0","0","40.7","13.5","-2.1","37.5","61.8","0.7","","0.12","2.5","32.8","53.7","4.1","0.20","53.7"
"202","Anthony Schwartz","CLV","WR","14","2021","161","32.8","14.7","323","14.2","22","1.6","5.2","0.14","10","45.5","135","9.6","4.5","0.84","6.14","13.50","15","1.50","6","0.60","1","5.9","2","2","1","6","19","6.0","0","","6","0.037","2","9.1","15","68.2","0","","3","1","33.3","0","61.7","16.5","-3.0","75.2","24.8","","","0.21","2.4","33.4","44.7","3.2","0.26","41.3"
"203","O.J. Howard","TB","TE","17","2021","135","17.7","6.4","135","3.0","21","1.2","2.9","0.16","14","66.7","135","7.9","2.5","1.00","6.43","9.64","91","6.50","55","3.93","1","2.3","2","2","1","0","15","2.7","4","0.29","10","0.074","0","","14","66.7","3","14.3","1","1","100.0","0","100.3","12.9","-1.2","8.9","19.3","68.1","3.7","0.25","2.0","33.5","41.6","2.4","0.31","41.6"
"204","Ben Skowronek","LA","WR","13","2021","91","18.1","2.6","47","1.9","18","1.4","3.8","0.20","11","61.1","133","10.2","3.6","1.46","7.39","12.09","52","4.73","23","2.09","0","0.0","1","0","0","2","17","4.9","1","0.09","7","0.077","2","11.1","14","77.8","1","5.6","1","1","100.0","0","60.6","20.0","0.6","41.8","58.2","","","0.27","1.9","24.3","36.2","2.8","0.40","36.2"
"205","Denzel Mims","NYJ","WR","11","2021","178","40.0","12.7","242","9.0","19","1.7","4.8","0.11","8","42.1","133","12.1","5.1","0.75","7.00","16.63","44","5.50","12","1.50","0","0.0","2","2","0","4","14","5.2","1","0.13","5","0.028","2","10.5","14","73.7","0","","2","1","50.0","0","66.3","12.4","-1.8","78.7","19.7","1.7","","0.12","1.9","21.3","37.4","3.4","0.21","37.4"
"206","Nick Vannett","NO","TE","7","2021","84","35.7","5.7","86","6.7","15","2.1","7.4","0.18","9","60.0","133","19.0","10.4","1.58","8.87","14.78","94","10.44","28","3.11","1","11.1","3","1","1","1","11","8.2","1","0.11","7","0.083","2","13.3","12","80.0","3","20.0","2","1","50.0","0","111.3","18.3","1.6","14.3","31.0","54.8","","0.34","4.0","28.3","21.7","3.1","0.26","21.7"
"207","Jakeem Grant","MIA, CHI","WR","15","2021","88","14.4","4.5","76","1.8","17","1.1","3.3","0.19","11","64.7","132","8.8","4.1","1.50","7.76","12.00","107","9.73","61","5.55","2","12.5","2","0","0","0","13","3.8","3","0.27","7","0.080","0","","14","82.4","4","23.5","4","3","75.0","0","103.1","25.0","1.2","36.4","51.1","","12.5","0.41","2.4","36.5","33.4","2.2","0.35","31.1"
"208","JuJu Smith-Schuster","PIT","WR","5","2021","138","66.3","7.0","181","14.0","26","5.2","13.3","0.19","15","57.7","129","25.8","10.0","0.93","4.96","8.60","71","4.73","38","2.53","0","0.0","0","0","0","2","20","15.7","3","0.20","6","0.043","0","","17","65.4","2","7.7","8","4","50.0","0","54.8","19.5","-2.4","21.0","78.3","0.7","","0.25","7.0","34.8","41.4","8.3","0.28","38.4"
"209","Brock Wright","DET","TE","10","2021","81","23.7","1.5","26","2.6","17","1.7","5.4","0.21","12","70.6","117","11.7","5.5","1.44","6.88","9.75","69","5.75","11","0.92","2","14.3","2","1","0","1","16","7.1","0","","6","0.074","2","11.8","15","88.2","2","11.8","2","1","50.0","1","104.3","16.8","0.5","9.9","29.6","60.5","","0.44","3.6","35.7","28.1","2.8","0.35","28.1"
"210","Ihmir Smith-Marsette","MIN","WR","8","2021","65","22.0","21.3","128","6.7","6","0.8","2.2","0.09","5","83.3","116","14.5","6.2","1.78","19.33","23.20","18","3.60","5","1.00","2","11.8","1","1","1","3","4","2.1","0","","4","0.062","0","","6","100.0","0","","2","1","50.0","1","158.3","11.8","8.5","55.4","44.6","","","0.44","3.6","28.6","11.2","1.4","0.17","11.2"
"211","Jeff Smith","NYJ","WR","12","2021","122","25.5","12.8","205","15.4","16","1.3","3.7","0.13","8","50.0","113","9.4","4.0","0.93","7.06","14.13","14","1.75","3","0.38","0","0.0","0","0","0","2","13","4.4","0","","6","0.049","1","6.3","9","56.3","1","6.3","2","1","50.0","1","73.2","15.4","-1.8","66.4","33.6","","","0.16","1.6","19.2","28.8","2.4","0.23","28.4"
"212","Adam Shaheen","MIA","TE","12","2021","140","28.1","2.2","35","1.8","16","1.3","3.6","0.11","12","75.0","110","9.2","4.1","0.79","6.88","9.17","37","3.08","20","1.67","0","0.0","6","1","0","0","12","3.9","1","0.08","5","0.036","1","6.3","14","87.5","1","6.3","2","2","100.0","1","93.2","9.6","0.2","13.6","43.6","42.1","0.7","0.16","1.9","23.0","31.9","2.7","0.23","31.9"
"213","Phillip Dorsett","JAX, HST, SEA","WR","6","2021","63","27.9","14.8","207","15.6","14","2.3","6.8","0.22","7","50.0","110","18.3","7.3","1.75","7.86","15.71","30","4.29","10","1.43","0","0.0","1","0","0","5","11","8.3","0","","3","0.048","0","","10","71.4","0","","5","1","20.0","1","76.5","25.0","-1.4","63.5","36.5","","","0.29","3.0","18.0","23.4","3.9","0.36","23.0"
"214","Kylen Granson","IND","TE","17","2021","91","15.7","0.5","8","0.3","15","0.9","2.9","0.16","11","73.3","106","6.2","3.0","1.16","7.07","9.64","66","6.00","23","2.09","0","0.0","4","0","0","0","15","4.2","2","0.18","4","0.044","0","","13","86.7","2","13.3","3","1","33.3","0","92.6","19.7","0.7","20.9","44.0","35.2","","0.24","1.3","21.6","26.1","1.5","0.29","26.1"
"215","Collin Johnson","NYG","WR","12","2021","123","25.8","8.3","165","6.0","20","1.7","4.6","0.16","11","55.0","105","8.8","4.0","0.85","5.25","9.55","19","1.73","12","1.09","0","0.0","1","0","0","1","18","5.8","2","0.18","6","0.049","0","","12","60.0","0","","3","2","66.7","0","49.0","18.2","-2.3","86.2","11.4","1.6","0.8","0.17","1.8","21.5","33.2","2.8","0.27","33.2"
"216","Shi Smith","CAR","WR","6","2021","63","25.6","7.0","77","4.8","11","1.8","5.3","0.17","6","54.5","104","17.3","10.0","1.65","9.45","17.33","71","11.83","11","1.83","0","0.0","1","0","0","2","10","7.3","0","","3","0.048","0","","6","54.5","4","36.4","1","0","0.0","0","49.1","21.2","2.1","30.2","68.3","","1.6","0.26","2.7","16.1","18.1","3.0","0.28","17.6"
"217","Trinity Benson","DET","WR","8","2021","167","51.2","3.1","68","7.6","22","2.8","7.5","0.13","10","45.5","103","12.9","5.4","0.62","4.68","10.30","43","4.30","15","1.50","0","0.0","1","2","0","3","16","8.2","0","","4","0.024","3","13.6","14","63.6","3","13.6","3","0","0.0","0","40.5","15.1","-1.8","79.6","20.4","","","0.12","2.5","20.3","37.1","4.6","0.22","37.1"
"218","Equanimeous St. Brown","GB","WR","13","2021","132","26.3","11.9","215","6.7","18","1.4","3.9","0.14","9","50.0","98","7.5","2.8","0.74","5.44","10.89","58","6.44","25","2.78","0","0.0","4","1","0","4","17","5.2","3","0.33","6","0.045","0","","14","77.8","2","11.1","6","1","16.7","0","43.3","12.9","-2.7","62.1","34.1","3.8","","0.15","1.6","20.2","34.8","2.7","0.25","33.4"
"219","Blake Jarwin","DAL","TE","8","2021","108","35.1","8.9","152","6.7","17","2.1","5.9","0.16","11","64.7","96","12.0","3.8","0.89","5.65","8.73","38","3.45","16","1.45","2","8.7","6","4","1","1","15","7.0","1","0.09","5","0.046","1","5.9","12","70.6","0","","1","1","100.0","0","94.2","14.7","-2.6","14.8","39.8","45.4","","0.30","4.1","32.6","38.4","4.8","0.36","38.4"
"220","Ty Montgomery","NO","WR","14","2021","160","34.3","2.4","55","3.2","23","1.6","5.8","0.14","16","69.6","95","6.8","3.4","0.59","4.13","5.94","91","5.69","24","1.50","0","0.0","2","0","0","2","14","5.5","0","","5","0.031","3","13.0","19","82.6","5","21.7","2","2","100.0","0","77.3","16.7","-1.9","28.1","40.0","2.5","29.4","0.19","2.1","29.9","44.5","3.2","0.24","37.6"
"221","Greg Ward","PHI","WR","16","2021","132","24.0","9.8","98","3.2","10","0.6","2.1","0.08","7","70.0","95","5.9","2.8","0.72","9.50","13.57","15","2.14","6","0.86","3","16.7","6","6","3","1","8","2.6","1","0.14","4","0.030","2","20.0","10","100.0","1","10.0","2","2","100.0","1","139.6","10.0","1.3","12.9","87.1","","","0.26","2.2","34.6","26.5","1.7","0.20","26.5"
"222","Blake Bell","KC","TE","16","2021","65","9.3","2.7","30","1.1","11","0.7","1.8","0.17","9","81.8","87","5.4","1.9","1.34","7.91","9.67","70","7.78","21","2.33","0","0.0","1","0","0","0","10","2.4","0","","4","0.062","1","9.1","10","90.9","3","27.3","0","0","0.0","0","99.6","10.5","1.2","4.6","7.7","87.7","","0.29","1.2","18.7","20.2","1.3","0.28","18.3"
"223","Dante Pettis","NYG","WR","3","2021","66","50.8","6.5","104","17.3","16","5.3","13.6","0.24","10","62.5","87","29.0","12.4","1.32","5.44","8.70","39","3.90","12","1.20","1","33.3","2","0","0","0","12","14.0","0","","5","0.076","2","12.5","12","75.0","1","6.3","1","1","100.0","0","71.6","28.6","-1.6","50.0","50.0","","","0.38","8.4","25.3","26.5","8.8","0.40","26.5"
"224","Trent Sherfield","SF","WR","17","2021","102","18.1","9.6","163","5.2","17","1.0","3.3","0.17","9","52.9","87","5.1","2.0","0.85","5.12","9.67","23","2.56","11","1.22","1","3.8","3","1","0","1","12","3.2","1","0.11","7","0.069","1","5.9","14","82.4","0","","7","3","42.9","1","87.1","16.7","-2.8","84.3","15.7","","","0.23","1.4","23.7","31.6","1.9","0.31","31.6"
"225","Eric Ebron","PIT","TE","8","2021","155","44.5","1.1","18","5.0","17","2.1","5.2","0.11","12","70.6","84","10.5","4.1","0.54","4.94","7.00","19","1.58","10","0.83","1","9.1","3","2","0","0","10","4.6","0","","6","0.039","3","17.6","15","88.2","0","","4","4","100.0","2","101.1","10.4","-1.7","5.8","20.6","73.5","","0.21","4.1","32.5","32.1","4.0","0.19","28.8"
"226","Dax Milne","WAS","WR","13","2021","85","17.5","-0.1","-1","-0.1","13","1.0","3.1","0.15","9","69.2","83","6.4","2.9","0.98","6.38","9.22","32","3.56","3","0.33","0","0.0","1","1","0","0","9","3.5","0","","4","0.047","0","","11","84.6","0","","3","1","33.3","1","86.4","20.3","0.0","67.1","30.6","2.4","","0.19","1.3","16.4","21.3","1.6","0.24","20.6"
"227","Drew Sample","CIN","TE","17","2021","102","16.2","1.9","27","0.6","14","0.8","2.5","0.14","11","78.6","81","4.8","1.7","0.79","5.79","7.36","83","7.55","18","1.64","0","0.0","0","0","0","0","10","2.5","1","0.09","3","0.029","1","7.1","14","100.0","2","14.3","2","0","0.0","1","90.8","10.8","-0.4","18.6","7.8","67.6","5.9","0.19","1.1","19.1","21.2","1.2","0.21","21.2"
"228","K.J. Hamler","DEN","WR","3","2021","58","53.7","19.2","192","22.5","10","3.3","10.5","0.17","5","50.0","74","24.7","8.9","1.28","7.40","14.80","17","3.40","5","1.00","0","0.0","1","0","0","6","9","14.8","0","","4","0.069","1","10.0","8","80.0","0","","2","0","0.0","1","74.6","19.2","-2.8","46.6","53.4","","","0.21","4.1","12.4","18.9","6.3","0.33","18.9"
"229","Chris Manhertz","JAX","TE","17","2021","85","12.7","7.2","65","2.1","9","0.5","1.5","0.11","6","66.7","71","4.2","1.9","0.84","7.89","11.83","31","5.17","10","1.67","1","8.3","0","0","0","0","6","1.5","0","","4","0.047","0","","6","66.7","0","","1","1","100.0","0","127.5","7.0","0.5","10.6","12.9","75.3","1.2","0.22","1.1","19.1","13.7","0.8","0.16","13.7"
"230","Preston Williams","MIA","WR","8","2021","92","28.5","9.0","144","21.9","16","2.0","5.5","0.17","6","37.5","71","8.9","3.5","0.77","4.44","11.83","38","6.33","14","2.33","0","0.0","4","2","0","2","14","6.3","3","0.50","3","0.033","1","6.3","13","81.3","0","","4","2","50.0","1","51.8","17.4","-3.1","83.7","13.0","","3.3","0.15","1.7","13.8","34.5","4.3","0.37","34.0"
"231","Dede Westbrook","MIN","WR","15","2021","159","27.4","8.6","138","4.7","16","1.1","2.9","0.10","10","62.5","68","4.5","1.6","0.43","4.25","6.80","20","2.00","10","1.00","0","0.0","1","2","0","3","8","2.1","0","","3","0.019","0","","12","75.0","1","6.3","3","2","66.7","1","71.9","11.3","-3.3","39.6","59.7","","0.6","0.11","1.1","16.8","27.3","1.8","0.17","27.3"
"232","Kenny Stills","NO","WR","13","2021","147","31.3","20.5","430","24.9","21","1.6","5.1","0.14","6","28.6","68","5.2","2.4","0.46","3.24","11.33","14","2.33","7","1.17","1","4.8","2","3","0","8","18","6.7","0","","4","0.027","1","4.8","11","52.4","0","","4","2","50.0","0","36.6","17.4","-7.1","72.8","27.2","","","0.13","1.5","18.9","41.5","3.2","0.28","41.1"
"233","Josh Oliver","BLT","TE","13","2021","81","14.0","5.9","89","3.3","15","1.2","3.2","0.19","9","60.0","66","5.1","2.0","0.81","4.40","7.33","26","2.89","12","1.33","0","0.0","2","1","0","1","11","3.6","0","","4","0.049","2","13.3","12","80.0","0","","3","1","33.3","0","70.4","22.4","-2.8","16.0","50.6","33.3","","0.19","1.2","15.6","23.1","1.8","0.29","23.1"
"234","Lee Smith","ATL","TE","16","2021","39","6.5","4.6","51","1.4","11","0.7","2.0","0.28","9","81.8","65","4.1","1.7","1.67","5.91","7.22","32","3.56","7","0.78","1","5.0","2","2","1","0","7","1.9","0","","3","0.077","0","","10","90.9","0","","1","0","0.0","1","121.6","12.4","-0.6","2.6","7.7","89.7","","0.55","1.3","21.5","18.9","1.2","0.49","18.9"
"235","D'Wayne Eskridge","SEA","WR","10","2021","102","30.4","11.4","216","15.2","19","1.9","6.4","0.19","10","52.6","64","6.4","2.9","0.63","3.37","6.40","30","3.00","10","1.00","1","5.3","4","3","0","5","13","6.5","2","0.20","4","0.039","0","","12","63.2","4","21.1","3","0","0.0","0","77.5","20.9","-4.8","39.2","60.8","","","0.28","2.8","28.3","40.0","4.0","0.37","38.0"
"236","Ja'Marcus Bradley","CLV","WR","4","2021","39","26.2","11.3","45","4.9","4","1.0","3.1","0.10","4","100.0","64","16.0","8.2","1.64","16.00","16.00","19","4.75","2","0.50","0","0.0","0","0","0","1","2","2.2","0","","2","0.051","0","","4","100.0","0","","1","1","100.0","0","118.8","14.3","8.3","89.7","10.3","","","0.27","2.6","10.4","6.2","1.6","0.16","6.2"
"237","Jesse James","CHI","TE","14","2021","85","15.5","7.0","56","1.5","8","0.6","1.8","0.09","7","87.5","62","4.4","2.1","0.73","7.75","8.86","22","3.14","12","1.71","1","7.7","2","2","1","0","4","1.3","2","0.29","3","0.035","0","","7","87.5","0","","0","0","0.0","1","138.5","8.4","0.0","11.8","30.6","57.6","","0.23","1.4","19.2","16.3","1.2","0.19","16.3"
"238","Penny Hart","SEA","WR","16","2021","55","10.3","2.6","31","1.2","12","0.8","2.6","0.22","7","58.3","59","3.7","1.7","1.07","4.92","8.43","39","5.57","5","0.71","0","0.0","1","1","0","1","9","2.9","0","","3","0.055","1","8.3","8","66.7","3","25.0","0","0","0.0","1","71.2","24.0","-1.6","65.5","34.5","","","0.23","0.8","12.9","22.8","1.4","0.41","22.8"
"239","Juwann Winfree","GB","WR","6","2021","63","27.3","6.3","82","5.9","13","2.2","6.1","0.21","8","61.5","58","9.7","3.6","0.92","4.46","7.25","30","3.75","14","1.75","0","0.0","3","1","0","0","10","6.3","0","","5","0.079","1","7.7","10","76.9","2","15.4","0","0","0.0","0","72.0","20.3","-2.5","71.4","28.6","","","0.20","2.1","12.8","20.0","3.3","0.32","20.0"
"240","Jason Moore","LAC","WR","2","2021","29","38.7","14.3","57","12.0","4","2.0","6.1","0.14","3","75.0","56","28.0","9.2","1.93","14.00","18.67","27","9.00","6","2.00","0","0.0","0","0","0","2","4","8.7","0","","3","0.103","0","","3","75.0","0","","0","0","0.0","0","116.7","17.4","5.4","96.6","3.4","","","0.30","4.3","8.6","7.1","3.5","0.24","7.1"
"241","Luke Farrell","JAX","TE","14","2021","85","15.8","6.7","67","3.0","10","0.7","2.1","0.12","7","70.0","56","4.0","1.9","0.66","5.60","8.00","28","4.00","14","2.00","0","0.0","1","0","0","1","7","2.2","0","","3","0.035","1","10.0","8","80.0","0","","1","1","100.0","1","44.2","10.8","-1.8","8.2","42.4","43.5","5.9","0.15","0.9","12.6","16.3","1.2","0.19","16.3"
"242","Alex Erickson","CAR","WR","17","2021","22","3.2","8.0","32","1.0","4","0.2","0.7","0.18","3","75.0","55","3.2","1.5","2.50","13.75","18.33","30","10.00","7","2.33","0","0.0","0","0","0","0","3","0.7","0","","2","0.091","0","","3","75.0","0","","0","0","0.0","0","116.7","15.4","6.2","59.1","40.9","","","0.39","0.5","8.5","9.8","0.6","0.44","9.8"
"243","Jacob Hollister","JAX","TE","7","2021","87","32.3","5.4","70","3.9","13","1.9","5.4","0.15","9","69.2","55","7.9","3.2","0.63","4.23","6.11","36","4.00","20","2.22","1","20.0","4","1","1","0","10","7.1","1","0.11","2","0.023","0","","10","76.9","0","","1","0","0.0","0","63.5","17.1","-2.6","9.2","52.9","32.2","5.7","0.24","2.9","20.5","23.8","3.4","0.27","23.8"
"244","Tom Kennedy","DET","WR","12","2021","89","20.5","7.9","79","3.2","10","0.8","2.5","0.11","6","60.0","54","4.5","2.0","0.61","5.40","9.00","16","2.67","10","1.67","0","0.0","1","1","0","1","7","2.5","2","0.33","2","0.022","0","","7","70.0","0","","1","0","0.0","0","35.0","11.8","-1.8","42.7","57.3","","","0.21","1.5","18.4","18.3","1.5","0.21","18.3"
"245","Charlie Woerner","SF","TE","17","2021","52","9.2","8.0","48","1.5","6","0.4","1.2","0.12","5","83.3","52","3.1","1.2","1.00","8.67","10.40","13","2.60","5","1.00","0","0.0","0","0","0","1","6","1.6","0","","3","0.058","0","","5","83.3","0","","1","0","0.0","0","102.8","8.1","1.1","7.7","19.2","73.1","","0.20","0.6","10.2","12.0","0.7","0.23","12.0"
"246","Mike Thomas","CIN","WR","11","2021","65","17.6","10.2","112","4.7","11","1.0","3.4","0.17","5","45.5","52","4.7","2.0","0.80","4.73","10.40","12","2.40","4","0.80","0","0.0","0","1","0","2","11","4.6","0","","3","0.046","0","","6","54.5","1","9.1","2","0","0.0","0","59.7","19.6","-3.5","78.5","21.5","","","0.16","0.9","10.2","17.2","1.6","0.26","17.2"
"247","Taysom Hill","NO","TE","7","2021","46","20.5","-7.8","-47","-11.0","6","0.9","3.0","0.13","4","66.7","52","7.4","3.5","1.13","8.67","13.00","37","9.25","10","2.50","0","0.0","0","0","0","1","5","3.8","1","0.25","4","0.087","0","","5","83.3","0","","0","0","0.0","0","54.2","14.0","4.0","30.4","41.3","23.9","4.3","0.84","5.5","38.8","29.5","4.2","0.24","11.3"
"248","C.J. Board","NYG","WR","6","2021","39","14.8","17.8","89","4.7","5","0.8","2.1","0.13","4","80.0","51","8.5","3.0","1.31","10.20","12.75","12","3.00","23","5.75","0","0.0","1","0","0","2","5","3.0","0","","3","0.077","0","","4","80.0","2","40.0","1","1","100.0","0","69.6","14.7","0.8","74.4","25.6","","","0.25","1.6","9.7","12.9","2.1","0.32","12.4"
"249","Ross Dwelley","SF","TE","16","2021","62","11.5","11.0","66","2.2","6","0.4","1.2","0.10","4","66.7","51","3.2","1.2","0.82","8.50","12.75","4","1.00","2","0.50","1","4.0","1","2","1","1","4","1.1","0","","2","0.032","0","","4","66.7","0","","1","1","100.0","0","132.6","9.1","0.2","12.9","43.5","41.9","1.6","0.24","0.9","15.1","14.0","0.9","0.23","14.0"
"250","Dez Fitzpatrick","TEN","WR","4","2021","54","41.9","12.9","103","119.8","8","2.0","6.8","0.15","5","62.5","49","12.3","6.5","0.91","6.13","9.80","2","0.40","2","0.40","1","20.0","2","1","1","3","7","9.3","0","","4","0.074","0","","5","62.5","1","12.5","1","1","100.0","0","79.7","16.7","-2.7","92.6","7.4","","","0.29","4.0","15.9","15.3","3.8","0.28","15.3"
"251","Eric Saubert","DEN","TE","17","2021","66","10.9","3.7","41","1.2","11","0.6","2.0","0.17","8","72.7","47","2.8","1.2","0.71","4.27","5.88","28","3.50","11","1.38","1","5.0","1","1","1","0","9","2.5","0","","2","0.030","2","18.2","10","90.9","0","","0","0","0.0","0","72.9","13.1","-2.1","4.5","21.2","74.2","","0.28","1.1","18.7","20.8","1.2","0.31","20.8"
"252","Antony Auclair","HST","TE","16","2021","50","8.6","4.0","20","0.5","5","0.3","1.0","0.10","5","100.0","47","2.9","1.4","0.94","9.40","9.40","28","5.60","14","2.80","1","5.0","2","1","1","0","4","1.1","1","0.20","2","0.040","0","","5","100.0","0","","1","1","100.0","1","145.4","5.1","2.9","4.0","4.0","78.0","14.0","0.31","1.0","15.7","10.1","0.6","0.20","10.1"
"253","Joe Fortson","KC","TE","6","2021","31","11.3","7.6","38","2.1","5","0.8","2.1","0.16","5","100.0","47","7.8","2.5","1.52","9.40","9.40","15","3.00","12","2.40","2","11.1","2","1","1","1","5","3.0","0","","3","0.097","0","","5","100.0","1","20.0","1","1","100.0","1","145.4","17.2","1.6","25.8","35.5","38.7","","0.70","3.6","21.7","13.4","2.2","0.43","13.4"
"254","Tre' McKitty","LAC","TE","11","2021","46","9.7","2.6","18","0.9","7","0.6","1.6","0.15","6","85.7","45","4.1","1.4","0.98","6.43","7.50","33","5.50","14","2.33","0","0.0","0","0","0","0","6","2.0","0","","3","0.065","0","","7","100.0","0","","1","0","0.0","0","93.5","10.9","0.3","8.7","10.9","80.4","","0.23","1.0","10.5","10.0","0.9","0.22","10.0"
"255","Amari Rodgers","GB","WR","16","2021","39","6.5","4.5","36","1.2","8","0.5","1.5","0.21","4","50.0","45","2.8","1.1","1.15","5.63","11.25","25","6.25","14","3.50","0","0.0","2","0","0","0","6","1.5","1","0.25","2","0.051","2","25.0","7","87.5","1","12.5","1","0","0.0","0","27.6","19.5","-1.0","30.8","66.7","2.6","","0.25","0.6","9.6","12.8","0.8","0.32","12.4"
"256","Tommy Sweeney","BUF","TE","13","2021","94","17.5","6.3","75","2.6","12","0.9","2.5","0.13","9","75.0","44","3.4","1.3","0.47","3.67","4.89","17","1.89","7","0.78","1","3.4","1","1","1","0","8","2.5","0","","3","0.032","1","8.3","11","91.7","0","","3","2","66.7","0","72.9","11.0","-3.6","10.6","42.6","39.4","7.4","0.21","1.5","19.4","22.6","1.7","0.24","22.6"
"257","Parker Hesse","ATL","TE","8","2021","46","15.4","3.2","19","3.2","6","0.8","2.2","0.13","5","83.3","43","5.4","2.6","0.93","7.17","8.60","24","4.80","9","1.80","0","0.0","0","0","0","0","1","0.6","0","","3","0.065","0","","6","100.0","0","","1","0","0.0","0","96.5","14.6","0.9","13.0","43.5","41.3","2.2","0.20","1.2","9.3","8.6","1.1","0.19","8.6"
"258","Jaelon Darden","TB","WR","9","2021","57","14.0","3.7","44","2.9","12","1.3","3.1","0.21","6","50.0","43","4.8","1.6","0.75","3.58","7.17","19","3.17","5","0.83","0","0.0","0","1","0","3","11","3.7","1","0.17","1","0.018","0","","7","58.3","4","33.3","2","0","0.0","0","24.0","24.0","-3.6","75.4","24.6","","","0.20","1.3","11.4","24.2","2.7","0.42","23.7"
"259","Darren Fells","DET, TB","TE","9","2021","52","13.8","5.0","25","2.8","5","0.6","1.4","0.10","4","80.0","43","4.8","1.8","0.83","8.60","10.75","26","6.50","4","1.00","0","0.0","0","0","0","0","5","2.2","2","0.50","2","0.038","0","","4","80.0","0","","0","0","0.0","0","102.5","7.8","1.9","21.2","32.7","46.2","","0.16","0.9","8.3","7.0","0.8","0.14","7.0"
"260","Kristian Wilkerson","NE","WR","3","2021","30","33.0","17.6","141","21.5","8","2.7","9.5","0.27","4","50.0","42","14.0","7.3","1.40","5.25","10.50","5","1.25","3","0.75","2","50.0","2","2","2","3","6","10.7","0","","2","0.067","0","","6","75.0","0","","2","0","0.0","0","105.2","26.7","-4.7","93.3","6.7","","","0.67","6.7","20.2","16.8","5.6","0.56","16.8"
"261","Trent Taylor","CIN","WR","4","2021","27","17.1","13.0","39","4.2","3","0.8","2.2","0.11","2","66.7","41","10.3","3.2","1.52","13.67","20.50","6","3.00","","","0","0.0","1","0","0","1","3","3.0","0","","2","0.074","0","","2","66.7","0","","0","0","0.0","0","109.7","12.5","4.6","18.5","81.5","","","0.23","1.5","6.1","4.7","1.2","0.17","4.7"
"262","Chris Hogan","NO","WR","5","2021","30","21.4","9.8","59","5.7","6","1.2","5.0","0.20","4","66.7","41","8.2","4.5","1.37","6.83","10.25","14","3.50","10","2.50","1","8.3","2","1","1","0","3","3.8","0","","2","0.067","0","","4","66.7","0","","0","0","0.0","0","125.7","33.3","-1.2","46.7","46.7","6.7","","0.47","2.8","14.1","10.4","2.1","0.35","10.4"
"263","Christopher Herndon","MIN","TE","16","2021","74","11.8","-7.3","-44","-1.4","6","0.4","1.0","0.08","4","66.7","40","2.5","1.0","0.54","6.67","10.00","20","5.00","5","1.25","1","3.2","1","0","0","0","6","1.5","0","","4","0.054","0","","6","100.0","0","","1","0","0.0","0","125.0","7.9","2.5","13.5","18.9","67.6","","0.19","0.9","14.0","11.3","0.7","0.15","11.3"
"264","Auden Tate","CIN","WR","7","2021","36","15.2","10.5","42","2.4","4","0.6","1.9","0.11","3","75.0","39","5.6","2.0","1.08","9.75","13.00","22","7.33","12","4.00","1","5.6","1","0","0","1","3","2.0","2","0.67","3","0.083","0","","3","75.0","0","","1","0","0.0","0","105.2","12.1","1.6","55.6","38.9","5.6","","0.36","1.8","12.9","10.0","1.4","0.28","10.0"
"265","Garrett Griffin","NO","TE","13","2021","43","9.4","3.3","13","0.7","4","0.3","1.0","0.09","4","100.0","39","3.0","1.4","0.91","9.75","9.75","26","6.50","13","3.25","0","0.0","0","0","0","0","2","0.8","1","0.25","2","0.047","0","","4","100.0","0","","0","0","0.0","0","107.3","6.3","3.2","18.6","16.3","58.1","7.0","0.18","0.6","7.9","5.9","0.5","0.14","5.9"
"266","Kevin White","NO","WR","5","2021","24","11.8","2.8","14","14.7","5","1.0","2.7","0.21","1","20.0","38","7.6","3.2","1.58","7.60","38.00","10","10.00","4","4.00","0","0.0","0","0","0","3","5","4.5","0","","1","0.042","1","20.0","3","60.0","0","","1","0","0.0","0","58.8","26.3","0.2","70.8","29.2","","","0.20","1.0","4.8","9.0","1.8","0.38","9.0"
"267","Scott Miller","TB","WR","8","2021","96","26.5","12.8","115","4.6","9","1.1","2.6","0.09","5","55.6","38","4.8","1.5","0.40","4.22","7.60","6","1.20","3","0.60","0","0.0","0","0","0","1","7","2.7","0","","2","0.021","0","","6","66.7","1","11.1","0","0","0.0","0","26.4","11.0","-4.7","69.8","30.2","","","0.20","2.4","19.1","19.3","2.4","0.19","18.2"
"268","Willie Snead","CAR, LV","WR","9","2021","30","8.0","7.1","57","2.2","8","0.9","2.4","0.27","4","50.0","38","4.2","1.5","1.27","4.75","9.50","15","3.75","10","2.50","0","0.0","2","0","0","0","3","1.5","1","0.25","3","0.100","1","12.5","5","62.5","0","","2","2","100.0","1","24.0","32.0","-2.2","46.7","53.3","","","0.26","0.9","7.8","18.2","2.0","0.61","18.2"
"269","Kendall Blanton","LA","TE","11","2021","51","11.8","4.1","29","1.5","7","0.6","1.7","0.14","4","57.1","37","3.4","1.2","0.73","5.29","9.25","8","2.00","1","0.25","0","0.0","2","1","0","1","6","2.0","0","","2","0.039","1","14.3","6","85.7","0","","1","0","0.0","0","71.7","12.1","-2.6","13.7","27.5","58.8","","0.15","0.7","7.7","12.4","1.1","0.24","12.4"
"270","J.J. Arcega-Whiteside","PHI","WR","16","2021","33","5.9","8.0","40","1.3","5","0.3","1.0","0.15","2","40.0","36","2.3","1.1","1.09","7.20","18.00","29","14.50","6","3.00","0","0.0","0","1","0","1","5","1.6","0","","2","0.061","3","60.0","5","100.0","0","","2","0","0.0","0","25.8","9.4","0.2","48.5","48.5","3.0","","0.17","0.4","5.6","8.9","0.6","0.27","8.9"
"271","Noah Gray","KC","TE","15","2021","101","15.4","1.6","16","0.6","10","0.7","1.7","0.10","7","70.0","36","2.4","0.8","0.36","3.60","5.14","19","2.71","8","1.14","1","3.1","5","2","1","0","7","1.8","0","","2","0.020","3","30.0","10","100.0","1","10.0","2","2","100.0","0","108.8","8.7","-3.0","20.8","39.6","39.6","","0.16","1.1","16.6","17.9","1.2","0.18","17.9"
"272","D.J. Montgomery","NYJ","WR","3","2021","38","34.9","6.7","40","6.9","6","2.0","6.2","0.16","3","50.0","36","12.0","6.7","0.95","6.00","12.00","15","5.00","7","2.33","0","0.0","1","0","0","0","5","7.5","0","","2","0.053","0","","5","83.3","0","","2","1","50.0","0","68.8","21.4","-1.1","81.6","18.4","","","0.17","2.2","6.6","8.7","2.9","0.23","8.7"
"273","Kenny Yeboah","NYJ","TE","4","2021","24","15.7","16.3","49","-7.8","3","0.8","2.2","0.13","2","66.7","36","9.0","4.3","1.50","12.00","18.00","4","2.00","1","0.50","0","0.0","0","0","0","1","3","2.9","0","","2","0.083","0","","3","100.0","0","","0","0","0.0","0","107.6","10.3","0.9","16.7","37.5","33.3","12.5","0.23","1.4","5.6","5.5","1.4","0.23","5.5"
"274","Tyler Davis","GB","TE","11","2021","42","9.9","-1.4","-7","-0.5","5","0.5","1.3","0.12","4","80.0","35","3.2","1.1","0.83","7.00","8.75","14","3.50","6","1.50","0","0.0","2","1","0","0","4","1.4","0","","1","0.024","1","20.0","5","100.0","0","","0","0","0.0","0","95.8","9.4","0.7","26.2","21.4","52.4","","0.18","0.7","7.5","7.8","0.7","0.19","7.8"
"275","Andre Roberts","HST, LAC","WR","16","2021","22","3.5","15.5","31","0.9","2","0.1","0.3","0.09","1","50.0","35","2.2","0.8","1.59","17.50","35.00","15","15.00","","","0","0.0","0","0","0","1","1","0.2","0","","1","0.045","0","","2","100.0","0","","1","0","0.0","0","56.3","10.0","7.9","54.5","45.5","","","0.20","0.3","4.4","4.7","0.3","0.14","3.1"
"276","Trevon Wesco","NYJ","TE","12","2021","52","11.0","1.3","5","0.3","4","0.3","1.0","0.08","3","75.0","35","2.9","1.3","0.67","8.75","11.67","30","10.00","10","3.33","0","0.0","0","0","0","0","3","1.1","0","","2","0.038","0","","3","75.0","0","","0","0","0.0","0","101.0","6.6","2.9","7.7","7.7","65.4","19.2","0.13","0.5","6.5","5.8","0.5","0.11","5.8"
"277","Trenton Irwin","CIN","WR","7","2021","49","19.6","17.0","85","4.7","5","0.7","2.2","0.10","2","40.0","34","4.9","1.8","0.69","6.80","17.00","6","3.00","2","1.00","0","0.0","1","1","0","2","5","3.1","0","","1","0.020","0","","2","40.0","0","","1","0","0.0","0","63.8","10.9","-2.8","57.1","42.9","","","0.11","0.8","5.4","8.5","1.2","0.17","8.5"
"278","Dominique Dafney","GB","TE","10","2021","44","11.3","0.5","2","0.1","4","0.4","1.1","0.09","2","50.0","34","3.4","1.3","0.77","8.50","17.00","31","15.50","3","1.50","0","0.0","0","0","0","0","2","0.8","0","","2","0.045","0","","2","50.0","0","","0","0","0.0","0","79.2","7.1","3.1","6.8","34.1","52.3","6.8","0.12","0.5","5.4","5.7","0.6","0.13","5.7"
"279","Seth Williams","DEN","WR","2","2021","26","42.6","29.0","29","5.9","1","0.5","1.9","0.04","1","100.0","34","17.0","8.0","1.31","34.00","34.00","5","5.00","5","5.00","0","0.0","0","0","0","1","1","2.3","0","","1","0.038","0","","1","100.0","0","","1","1","100.0","1","118.8","4.5","22.6","80.8","19.2","","","0.17","2.2","4.4","4.3","2.2","0.17","4.3"
"280","Shane Zylstra","DET","TE","3","2021","42","40.0","10.4","52","7.7","5","1.7","5.0","0.12","3","60.0","34","11.3","5.3","0.81","6.80","11.33","5","1.67","","","0","0.0","1","1","0","0","4","5.2","0","","2","0.048","0","","4","80.0","0","","1","0","0.0","0","80.4","13.5","-2.0","21.4","54.8","23.8","","0.15","2.1","6.4","11.2","3.7","0.27","11.2"
"281","Pharoh Cooper","NYG","WR","8","2021","80","27.5","6.6","73","4.8","11","1.4","4.2","0.14","4","36.4","33","4.1","2.8","0.41","3.00","8.25","7","1.75","4","1.00","0","0.0","2","0","0","0","9","4.9","0","","1","0.013","0","","7","63.6","0","","6","2","33.3","0","7.0","15.5","-4.0","13.8","86.3","","","0.10","1.0","7.6","18.2","2.3","0.22","17.8"
"282","Kaden Smith","NYG","TE","9","2021","55","15.2","7.0","21","0.9","3","0.3","0.9","0.05","3","100.0","33","3.7","1.4","0.60","11.00","11.00","12","4.00","2","0.67","0","0.0","0","0","0","0","0","0.0","0","","1","0.018","0","","3","100.0","0","","0","0","0.0","0","112.5","4.2","3.3","","25.5","70.9","3.6","0.11","0.7","6.3","4.6","0.5","0.08","4.6"
"283","Cody Hollister","TEN","WR","3","2021","65","64.4","11.4","80","16.7","7","2.3","8.3","0.11","4","57.1","33","11.0","7.6","0.51","4.71","8.25","19","4.75","14","3.50","0","0.0","2","1","0","1","6","10.3","1","0.25","4","0.062","0","","5","71.4","0","","0","0","0.0","0","29.8","14.3","-3.2","81.5","15.4","3.1","","0.11","2.4","7.3","13.5","4.5","0.21","13.5"
"284","Cody White","PIT","WR","8","2021","36","10.6","5.7","34","30.6","6","0.8","1.9","0.17","5","83.3","33","4.1","1.7","0.92","5.50","6.60","18","3.60","4","0.80","0","0.0","0","0","0","0","3","1.4","0","","3","0.083","1","16.7","6","100.0","0","","0","0","0.0","0","89.6","17.6","-1.5","41.7","58.3","","","0.23","1.0","8.3","8.6","1.1","0.24","8.6"
"285","Colby Parkinson","SEA","TE","12","2021","48","12.5","7.0","49","1.7","7","0.6","2.1","0.15","5","71.4","33","2.8","1.3","0.69","4.71","6.60","20","4.00","16","3.20","0","0.0","3","1","0","1","5","2.2","0","","2","0.042","1","14.3","6","85.7","1","14.3","2","1","50.0","0","81.3","10.9","-2.8","25.0","41.7","33.3","","0.17","0.7","8.3","13.4","1.1","0.28","13.4"
"286","Josh Gordon","KC","WR","12","2021","126","23.2","11.6","162","9.7","14","1.2","2.9","0.11","5","35.7","32","2.7","1.0","0.25","2.29","6.40","5","1.00","2","0.40","1","5.0","3","2","0","3","8","2.5","0","","3","0.024","1","7.1","10","71.4","1","7.1","6","2","33.3","0","28.6","12.5","-6.3","94.4","4.8","0.8","","0.11","1.2","14.2","33.0","2.7","0.26","33.0"
"287","Jeremy Sprinkle","DAL","TE","17","2021","16","2.3","3.7","11","0.3","3","0.2","0.5","0.19","3","100.0","31","1.8","0.6","1.94","10.33","10.33","20","6.67","10","3.33","0","0.0","2","0","0","0","2","0.4","0","","2","0.125","0","","3","100.0","0","","0","0","0.0","0","109.7","8.1","4.0","6.3","6.3","87.5","","0.38","0.4","6.1","5.2","0.3","0.32","5.2"
"288","Tommy Hudson","TEN","TE","4","2021","11","5.9","3.8","19","1.4","5","1.3","3.0","0.45","3","60.0","31","7.8","2.7","2.82","6.20","10.33","28","9.33","3","1.00","0","0.0","1","0","0","0","3","2.5","0","","2","0.182","0","","3","60.0","1","20.0","2","1","50.0","0","38.3","27.8","-0.5","45.5","27.3","27.3","","0.55","1.5","6.1","6.6","1.6","0.60","6.6"
"289","Gunner Olszewski","NE","WR","16","2021","32","5.8","10.0","30","0.8","3","0.2","0.6","0.09","2","66.7","31","1.9","0.8","0.97","10.33","15.50","13","6.50","9","4.50","0","0.0","0","0","0","0","3","0.8","1","0.50","2","0.063","0","","3","100.0","0","","0","0","0.0","0","100.7","10.3","2.0","71.9","25.0","","3.1","0.19","0.4","6.0","5.1","0.3","0.14","4.6"
"290","K.J. Hill","LAC","WR","6","2021","7","2.6","6.3","19","1.0","3","0.5","1.2","0.43","3","100.0","30","5.0","1.7","4.29","10.00","10.00","11","3.67","4","1.33","0","0.0","0","0","0","0","2","1.1","0","","1","0.143","0","","3","100.0","0","","0","0","0.0","0","108.3","42.9","3.2","14.3","85.7","","","0.86","1.0","6.0","4.5","0.8","0.64","4.5"
"291","Daniel Brown","NYJ","TE","11","2021","23","5.3","4.0","8","0.3","2","0.2","0.5","0.09","2","100.0","29","2.6","1.1","1.26","14.50","14.50","21","10.50","3","1.50","0","0.0","0","0","0","0","2","0.8","0","","1","0.043","0","","2","100.0","0","","0","0","0.0","0","118.8","9.1","8.1","","52.2","47.8","","0.21","0.4","4.9","2.8","0.3","0.12","2.8"
"292","Jake Kumerow","BUF","WR","15","2021","43","6.6","18.6","93","2.0","5","0.3","0.9","0.12","2","40.0","28","1.9","0.7","0.65","5.60","14.00","9","4.50","5","2.50","0","0.0","1","2","0","3","3","0.8","0","","2","0.047","0","","3","60.0","0","","0","0","0.0","0","58.8","13.5","-4.6","74.4","25.6","","","0.11","0.3","4.8","11.7","0.8","0.27","11.7"
"293","Curtis Samuel","WAS","WR","5","2021","35","17.7","0.9","7","0.5","8","1.6","4.6","0.23","6","75.0","27","5.4","2.4","0.77","3.38","4.50","42","7.00","13","2.17","0","0.0","1","0","0","0","7","5.6","1","0.17","4","0.114","0","","6","75.0","4","50.0","0","0","0.0","0","39.1","25.8","-2.1","40.0","48.6","","11.4","0.28","2.0","9.8","12.9","2.6","0.31","11.0"
"294","Sean McKeon","DAL","TE","9","2021","26","6.9","-10.0","-60","-3.4","6","0.7","1.7","0.23","4","66.7","27","3.0","1.1","1.04","4.50","6.75","8","2.00","3","0.75","1","4.8","1","0","0","0","5","2.0","0","","2","0.077","0","","5","83.3","0","","1","0","0.0","0","116.0","15.8","0.2","11.5","34.6","42.3","11.5","0.49","1.4","12.7","9.1","1.0","0.35","9.1"
"295","Will Fuller","MIA","WR","2","2021","49","53.3","16.3","130","23.0","8","4.0","10.1","0.16","4","50.0","26","13.0","6.3","0.53","3.25","6.50","11","2.75","6","1.50","0","0.0","0","1","0","2","5","10.4","1","0.25","3","0.061","0","","6","75.0","0","","1","1","100.0","0","57.3","20.5","-5.8","71.4","28.6","","","0.18","4.3","8.6","16.9","8.5","0.35","16.9"
"296","Mike Strachan","IND","WR","5","2021","37","19.2","18.3","55","4.6","3","0.6","1.8","0.08","2","66.7","26","5.2","1.8","0.70","8.67","13.00","0","","","","0","0.0","0","1","0","1","2","1.7","0","","2","0.054","0","","2","66.7","0","","2","2","100.0","1","93.8","9.7","-1.0","91.9","8.1","","","0.12","0.9","4.6","7.8","1.6","0.21","7.8"
"297","Anthony Miller","HST, PIT","WR","3","2021","59","58.4","6.6","79","12.3","12","4.0","13.3","0.20","6","50.0","25","8.3","4.8","0.42","2.08","4.17","13","2.17","7","1.17","1","50.0","1","1","1","1","8","14.8","1","0.17","3","0.051","0","","9","75.0","2","16.7","0","0","0.0","0","44.4","25.0","-4.9","28.8","71.2","","","0.25","4.8","14.5","27.5","9.2","0.47","27.5"
"298","Christian Blake","ATL","WR","13","2021","59","12.0","6.2","56","2.8","9","0.7","2.0","0.15","4","44.4","25","1.9","0.8","0.42","2.78","6.25","0","","-1","-0.25","0","0.0","2","2","0","2","6","2.0","0","","2","0.034","0","","6","66.7","0","","3","1","33.3","0","51.6","19.1","-4.4","83.1","16.9","","","0.11","0.5","6.5","16.5","1.3","0.28","16.5"
"299","Marcus Kemp","KC","WR","16","2021","25","3.5","-0.6","-3","-0.1","5","0.3","0.8","0.20","2","40.0","24","1.5","0.5","0.96","4.80","12.00","3","1.50","1","0.50","0","0.0","0","0","0","0","4","0.9","0","","1","0.040","1","20.0","3","60.0","0","","0","0","0.0","0","15.8","20.8","-1.7","40.0","56.0","4.0","","0.18","0.3","4.4","10.0","0.6","0.40","10.0"
"300","Tylan Wallace","BLT","WR","13","2021","52","9.3","8.2","41","1.1","5","0.4","1.1","0.10","2","40.0","23","1.8","0.7","0.44","4.60","11.50","14","7.00","9","4.50","0","0.0","0","0","0","0","5","1.5","2","1.00","1","0.019","0","","2","40.0","0","","0","0","0.0","0","54.6","11.1","-2.8","38.5","61.5","","","0.08","0.3","4.3","7.6","0.6","0.15","7.6"
"301","Dazz Newsome","CHI","WR","3","2021","53","37.1","8.8","35","4.3","4","1.3","3.3","0.08","2","50.0","23","7.7","2.7","0.43","5.75","11.50","17","8.50","10","5.00","0","0.0","0","0","0","0","2","2.5","2","1.00","1","0.019","0","","2","50.0","0","","1","0","0.0","0","28.1","8.0","-2.0","58.5","39.6","","1.9","0.08","1.4","4.3","5.7","1.9","0.11","5.7"
"302","Tyree Jackson","PHI","TE","9","2021","62","22.6","9.8","59","4.9","6","0.7","2.6","0.10","3","50.0","22","2.4","1.3","0.35","3.67","7.33","7","2.33","1","0.33","1","10.0","1","0","0","0","5","3.3","0","","2","0.032","0","","5","83.3","1","16.7","2","0","0.0","0","98.6","10.9","-5.0","17.7","43.5","38.7","","0.18","1.2","11.2","12.1","1.3","0.20","12.1"
"303","Jack Stoll","PHI","TE","16","2021","50","9.3","-8.4","-42","-1.4","5","0.3","1.1","0.10","4","80.0","22","1.4","0.6","0.44","4.40","5.50","18","4.50","6","1.50","0","0.0","2","0","0","0","5","1.7","0","","0","0.000","0","","4","80.0","1","20.0","0","0","0.0","0","85.0","6.5","-1.9","12.0","16.0","72.0","","0.12","0.4","6.2","7.9","0.5","0.16","7.9"
"304","Dezmon Patmon","IND","WR","8","2021","25","10.5","12.0","48","9.4","4","0.5","1.8","0.16","2","50.0","21","2.6","1.4","0.84","5.25","10.50","3","1.50","2","1.00","1","8.3","1","1","1","1","2","1.3","0","","1","0.040","0","","2","50.0","0","","0","0","0.0","0","105.2","16.7","-2.9","84.0","16.0","","","0.40","1.3","10.1","6.9","0.9","0.28","6.9"
"305","Jesper Horsted","CHI","TE","5","2021","6","3.2","14.3","43","3.0","3","0.6","2.0","0.50","2","66.7","21","4.2","2.0","3.50","7.00","10.50","0","","","","2","50.0","3","3","2","1","2","1.9","0","","2","0.333","0","","3","100.0","0","","2","2","100.0","1","126.4","50.0","-2.8","50.0","33.3","16.7","","2.68","3.2","16.1","8.4","1.7","1.40","8.4"
"306","Davion Davis","HST","WR","2","2021","13","14.8","4.7","14","3.7","3","1.5","3.9","0.23","1","33.3","17","8.5","4.0","1.31","5.67","17.00","14","14.00","5","5.00","0","0.0","0","0","0","0","3","6.4","0","","1","0.077","0","","2","66.7","0","","1","0","0.0","0","13.9","33.3","-0.6","30.8","69.2","","","0.21","1.4","2.7","4.2","2.1","0.32","4.2"
"307","Keith Kirkwood","CAR","WR","3","2021","39","31.2","8.0","56","7.9","7","2.3","6.5","0.18","3","42.9","17","5.7","3.4","0.44","2.43","5.67","18","6.00","7","2.33","0","0.0","1","1","0","2","4","5.2","0","","1","0.026","0","","6","85.7","1","14.3","3","0","0.0","0","50.3","20.0","-5.1","35.9","64.1","","","0.12","1.6","4.7","13.0","4.3","0.33","13.0"
"308","David Sills","NYG","WR","4","2021","42","30.0","8.3","50","8.3","6","1.5","5.0","0.14","2","33.3","17","4.3","3.7","0.40","2.83","8.50","1","0.50","","","0","0.0","1","0","0","0","6","6.7","0","","1","0.024","0","","2","33.3","0","","0","0","0.0","0","2.8","16.2","-4.7","78.6","21.4","","","0.09","0.9","3.7","8.9","2.2","0.21","8.9"
"309","Chris Myarick","NYG","TE","8","2021","21","6.9","2.8","14","0.8","5","0.6","1.8","0.24","3","60.0","17","2.1","1.3","0.81","3.40","5.67","8","2.67","2","0.67","1","16.7","1","1","1","0","3","1.6","0","","2","0.095","1","20.0","4","80.0","0","","0","0","0.0","0","105.8","14.3","-2.6","14.3","38.1","47.6","","0.51","1.3","10.7","10.7","1.3","0.51","10.7"
"310","Tyron Johnson","JAX, LV","WR","10","2021","30","7.4","20.0","100","3.7","5","0.5","1.3","0.17","2","40.0","16","1.6","0.7","0.53","3.20","8.00","12","6.00","1","0.50","0","0.0","0","0","0","3","4","1.7","0","","1","0.033","0","","3","60.0","1","20.0","1","0","0.0","0","9.2","17.9","-6.9","73.3","26.7","","","0.12","0.4","3.6","9.1","0.9","0.30","9.1"
"311","Cethan Carter","MIA","TE","12","2021","11","2.3","4.5","9","0.3","2","0.2","0.5","0.18","2","100.0","16","1.3","0.6","1.45","8.00","8.00","7","3.50","2","1.00","0","0.0","0","0","0","0","1","0.3","0","","0","0.000","0","","2","100.0","0","","1","1","100.0","0","100.0","14.3","1.3","27.3","45.5","27.3","","0.33","0.3","3.6","2.8","0.2","0.25","2.8"
"312","Mitchell Wilcox","CIN","TE","15","2021","38","6.7","3.2","16","0.4","5","0.3","1.0","0.13","3","60.0","16","1.1","0.4","0.42","3.20","5.33","9","3.00","4","1.33","0","0.0","0","0","0","0","4","1.1","0","","0","0.000","1","20.0","4","80.0","0","","0","0","0.0","0","65.4","12.5","-3.3","15.8","13.2","71.1","","0.12","0.3","4.6","7.3","0.5","0.19","7.3"
"313","Greg Dortch","ARZ","WR","5","2021","18","9.1","-5.3","-16","72.7","3","0.6","1.7","0.17","3","100.0","15","3.0","1.3","0.83","5.00","5.00","31","10.33","9","3.00","0","0.0","1","0","0","0","2","1.6","1","0.33","0","0.000","0","","3","100.0","2","66.7","0","0","0.0","0","87.5","21.4","1.2","16.7","83.3","","","0.38","1.4","6.9","5.3","1.1","0.27","4.9"
"314","Cameron Batson","TEN","WR","4","2021","28","19.7","18.8","94","10.8","5","1.3","3.9","0.18","2","40.0","15","3.8","1.7","0.54","3.00","7.50","1","0.50","","","1","20.0","2","1","0","2","5","5.6","0","","2","0.071","0","","2","40.0","1","20.0","0","0","0.0","0","87.5","18.5","-7.2","67.9","32.1","","","0.39","2.8","11.0","14.2","3.6","0.47","13.3"
"315","Tyrell Williams","DET","WR","1","2021","21","33.3","4.3","13","3.8","3","3.0","5.3","0.14","2","66.7","14","14.0","4.1","0.67","4.67","7.00","8","4.00","4","2.00","0","0.0","1","0","0","0","2","6.5","0","","1","0.048","0","","2","66.7","0","","0","0","0.0","0","77.1","15.0","-1.3","81.0","19.0","","","0.16","3.4","3.4","5.9","5.9","0.28","5.9"
"316","Frank Darby","ATL","WR","7","2021","13","5.4","-13.3","-53","-11.6","4","0.6","1.8","0.31","1","25.0","14","2.0","1.0","1.08","3.50","14.00","0","","","","0","0.0","0","0","0","1","4","2.7","0","","1","0.077","0","","2","50.0","0","","1","0","0.0","0","41.7","33.3","-0.9","92.3","7.7","","","0.18","0.3","2.4","6.0","0.9","0.46","6.0"
"317","Malik Taylor","GB","WR","9","2021","11","3.3","9.7","29","2.3","3","0.3","1.0","0.27","2","66.7","14","1.6","0.6","1.27","4.67","7.00","8","4.00","1","0.50","0","0.0","2","0","0","1","3","1.4","1","0.50","1","0.091","0","","3","100.0","1","33.3","1","0","0.0","0","77.1","25.0","-3.2","63.6","36.4","","","0.22","0.3","2.4","4.9","0.5","0.44","4.9"
"318","Kirk Merritt","MIA","WR","1","2021","7","14.6","17.0","51","14.3","3","3.0","7.0","0.43","1","33.3","13","13.0","5.3","1.86","4.33","13.00","8","8.00","5","5.00","0","0.0","0","0","0","1","3","10.7","0","","1","0.143","2","66.7","3","100.0","0","","0","0","0.0","0","47.9","50.0","-4.2","100.0","","","","0.33","2.3","2.3","5.9","5.9","0.84","5.9"
"319","Andy Isabella","ARZ","WR","6","2021","23","8.9","6.0","6","0.4","1","0.2","0.4","0.04","1","100.0","13","2.2","0.7","0.57","13.00","13.00","7","7.00","3","3.00","0","0.0","0","0","0","0","1","0.7","0","","1","0.043","0","","1","100.0","0","","0","0","0.0","0","118.8","5.0","6.1","91.3","8.7","","","0.10","0.4","2.3","1.4","0.2","0.06","1.4"
"320","Derek Carrier","LV","TE","5","2021","19","8.4","5.0","10","0.6","2","0.4","1.0","0.11","2","100.0","13","2.6","0.8","0.68","6.50","6.50","3","1.50","1","0.50","0","0.0","0","0","0","0","2","1.7","0","","0","0.000","0","","2","100.0","0","","0","0","0.0","0","93.8","10.0","-0.3","31.6","5.3","63.2","","0.17","0.7","3.3","2.8","0.6","0.15","2.8"
"321","Luke Stocker","MIN","TE","11","2021","15","3.7","2.5","5","0.3","2","0.2","0.5","0.13","2","100.0","12","1.1","0.4","0.80","6.00","6.00","7","3.50","6","3.00","0","0.0","0","0","0","0","1","0.4","0","","0","0.000","0","","2","100.0","0","","1","1","100.0","0","91.7","5.3","0.1","","13.3","86.7","","0.21","0.3","3.2","2.8","0.3","0.19","2.8"
"322","Richard Rodgers","PHI","TE","3","2021","16","16.2","-0.5","-1","-0.2","2","0.7","2.4","0.13","2","100.0","11","3.7","2.0","0.69","5.50","5.50","12","6.00","7","3.50","0","0.0","1","0","0","0","1","2.0","0","","0","0.000","0","","2","100.0","1","50.0","0","0","0.0","0","89.6","12.5","0.2","18.8","18.8","62.5","","0.19","1.0","3.1","4.4","1.5","0.28","4.4"
"323","Stanley Morgan","CIN","WR","15","2021","36","6.4","7.8","31","0.8","4","0.3","0.8","0.11","2","50.0","11","0.7","0.3","0.31","2.75","5.50","21","10.50","4","2.00","0","0.0","0","0","0","1","3","0.9","0","","0","0.000","0","","2","50.0","0","","1","0","0.0","0","56.3","10.3","-4.5","75.0","22.2","2.8","","0.09","0.2","3.4","9.0","0.6","0.24","8.5"
"324","C.J. Saunders","CAR","WR","2","2021","15","14.6","5.5","11","1.8","2","1.0","2.3","0.13","2","100.0","11","5.5","2.3","0.73","5.50","5.50","0","","1","0.50","0","0.0","0","0","0","0","2","2.9","0","","1","0.067","0","","2","100.0","0","","1","1","100.0","0","89.6","13.3","-1.0","26.7","73.3","","","0.21","1.6","3.1","2.8","1.4","0.18","2.8"
"325","Jaydon Mickens","JAX, TB","WR","11","2021","7","1.5","19.0","57","1.6","3","0.3","0.7","0.43","2","66.7","10","0.9","0.3","1.43","3.33","5.00","3","1.50","","","0","0.0","0","0","0","1","2","0.7","0","","1","0.143","0","","2","66.7","0","","0","0","0.0","0","31.9","37.5","-6.1","57.1","42.9","","","0.43","0.3","3.0","5.8","0.5","0.83","5.8"
"326","Demetrius Harris","ARZ","TE","14","2021","52","9.6","4.3","17","0.7","4","0.3","0.8","0.08","3","75.0","10","0.7","0.3","0.19","2.50","3.33","14","4.67","8","2.67","0","0.0","0","0","0","1","1","0.3","1","0.33","0","0.000","0","","3","75.0","1","25.0","0","0","0.0","0","37.5","5.3","-5.0","3.8","19.2","63.5","13.5","0.08","0.3","4.0","5.9","0.4","0.11","5.9"
"327","Marvin Hall","ATL","WR","2","2021","7","11.1","5.0","5","1.5","1","0.5","1.8","0.14","1","100.0","10","5.0","2.7","1.43","10.00","10.00","5","5.00","1","1.00","0","0.0","0","0","0","0","0","0.0","0","","1","0.143","0","","1","100.0","0","","0","0","0.0","0","108.3","14.3","3.6","28.6","71.4","","","0.29","1.0","2.0","1.6","0.8","0.23","1.6"
"328","Tarik Black","NYJ","WR","1","2021","13","41.9","9.5","19","18.1","2","2.0","10.0","0.15","1","50.0","10","10.0","11.5","0.77","5.00","10.00","-2","-2.00","","","0","0.0","0","0","0","0","2","15.4","0","","1","0.077","1","50.0","2","100.0","0","","0","0","0.0","0","64.6","28.6","-3.1","84.6","15.4","","","0.15","2.0","2.0","3.1","3.1","0.24","3.1"
"329","Brycen Hopkins","LA","TE","4","2021","12","8.4","3.0","3","0.3","1","0.3","0.7","0.08","1","100.0","9","2.3","0.9","0.75","9.00","9.00","6","6.00","5","5.00","0","0.0","0","0","0","0","0","0.0","0","","1","0.083","0","","1","100.0","0","","0","0","0.0","0","104.2","7.7","2.7","16.7","16.7","66.7","","0.16","0.5","1.9","1.4","0.4","0.12","1.4"
"330","Johnny Mundt","LA","TE","6","2021","27","12.7","7.0","7","0.4","1","0.2","0.5","0.04","1","100.0","9","1.5","0.5","0.33","9.00","9.00","2","2.00","1","1.00","0","0.0","0","0","0","0","1","0.6","0","","1","0.037","0","","1","100.0","0","","0","0","0.0","0","104.2","2.9","1.7","25.9","22.2","51.9","","0.07","0.3","1.9","1.5","0.3","0.06","1.5"
"331","Hunter Long","MIA","TE","7","2021","17","6.2","3.7","11","0.6","3","0.4","1.2","0.18","1","33.3","8","1.1","0.5","0.47","2.67","8.00","5","5.00","1","1.00","0","0.0","0","0","0","0","1","0.5","0","","0","0.000","0","","1","33.3","0","","0","0","0.0","0","2.8","11.5","-3.9","11.8","11.8","76.5","","0.11","0.3","1.8","4.4","0.6","0.26","4.4"
"332","Ethan Wolf","NO","TE","2","2021","6","10.5","1.0","2","1.2","2","1.0","4.9","0.33","2","100.0","8","4.0","2.6","1.33","4.00","4.00","6","3.00","4","2.00","0","0.0","0","0","0","0","2","6.7","0","","0","0.000","0","","2","100.0","0","","0","0","0.0","0","83.3","28.6","-1.8","","33.3","66.7","","0.47","1.4","2.8","2.9","1.4","0.48","2.9"
"333","Racey McMath","TEN","WR","9","2021","43","12.7","10.8","54","2.4","5","0.6","1.7","0.12","2","40.0","8","0.9","0.4","0.19","1.60","4.00","9","4.50","","","0","0.0","1","0","0","2","5","2.3","1","0.50","0","0.000","0","","2","40.0","1","20.0","0","0","0.0","0","47.9","13.5","-6.2","76.7","20.9","2.3","","0.04","0.2","1.8","7.8","0.9","0.18","7.8"
"334","Kevin Rader","PIT","TE","6","2021","10","4.0","3.0","9","0.6","3","0.5","1.3","0.30","2","66.7","8","1.3","0.6","0.80","2.67","4.00","4","2.00","3","1.50","0","0.0","0","0","0","0","3","1.7","0","","0","0.000","0","","3","100.0","0","","1","0","0.0","0","70.1","21.4","-3.5","","","100.0","","0.28","0.5","2.8","4.2","0.7","0.42","4.2"
"335","Tommylee Lewis","MIA","WR","2","2021","2","3.3","3.0","6","1.4","2","1.0","3.8","1.00","1","50.0","7","3.5","1.8","3.50","3.50","7.00","11","11.00","2","2.00","0","0.0","1","0","0","0","2","4.5","0","","1","0.500","0","","1","50.0","1","50.0","0","0","0.0","0","58.3","100.0","-2.5","","100.0","","","0.85","0.9","1.7","2.9","1.4","1.44","2.9"
"336","Eric Tomlinson","BLT","TE","17","2021","63","8.5","2.0","2","0.1","1","0.1","0.2","0.02","1","100.0","7","0.4","0.2","0.11","7.00","7.00","5","5.00","3","3.00","0","0.0","0","0","0","0","1","0.2","0","","0","0.000","0","","1","100.0","0","","0","0","0.0","0","95.8","1.4","0.6","6.3","15.9","76.2","1.6","0.03","0.1","1.7","1.4","0.1","0.02","1.4"
"337","Miles Boykin","BLT","WR","5","2021","9","3.9","6.0","6","2.4","1","0.2","0.5","0.11","1","100.0","6","1.2","0.5","0.67","6.00","6.00","0","","","","0","0.0","0","0","0","0","1","0.7","0","","0","0.000","0","","1","100.0","0","","1","1","100.0","0","91.7","12.5","-0.9","88.9","11.1","","","0.18","0.3","1.6","3.3","0.7","0.37","3.3"
"338","Keke Coutee","IND","WR","2","2021","18","30.0","5.0","5","1.3","1","0.5","1.9","0.06","1","100.0","5","2.5","1.3","0.28","5.00","5.00","0","","","","0","0.0","0","0","0","0","1","2.3","0","","0","0.000","0","","1","100.0","0","","1","1","100.0","0","87.5","6.3","-1.4","5.6","94.4","","","0.08","0.8","1.5","3.3","1.6","0.18","3.3"
"339","Easop Winston","NO","WR","3","2021","5","5.7","-4.0","-4","-1.0","1","0.3","1.5","0.20","1","100.0","5","1.7","1.1","1.00","5.00","5.00","9","9.00","","","0","0.0","0","0","0","0","1","2.0","0","","0","0.000","0","","1","100.0","1","100.0","0","0","0.0","0","87.5","33.3","0.5","40.0","60.0","","","0.30","0.5","1.5","2.1","0.7","0.31","1.5"
"340","Nick Boyle","BLT","TE","5","2021","28","13.2","1.0","2","0.2","2","0.4","1.1","0.07","1","50.0","2","0.4","0.2","0.07","1.00","2.00","0","","","","0","0.0","1","0","0","0","1","0.8","0","","0","0.000","1","50.0","2","100.0","0","","1","1","100.0","0","56.3","8.3","-4.8","7.1","14.3","78.6","","0.04","0.2","1.2","3.9","0.8","0.14","3.9"
"341","Daniel Helm","LV","TE","8","2021","10","3.3","2.0","4","0.4","2","0.3","0.7","0.20","1","50.0","-1","-0.1","0.0","-0.10","-0.50","-1.00","1","1.00","1","1.00","0","0.0","1","1","0","0","2","1.1","0","","0","0.000","0","","1","50.0","0","","0","0","0.0","0","56.3","12.5","-6.5","10.0","","90.0","","0.09","0.1","0.9","4.8","0.6","0.48","4.8"
"342","Diontae Spencer","DEN","WR","15","2021","28","5.2","4.8","19","0.6","4","0.3","0.8","0.14","1","25.0","-3","-0.2","-0.1","-0.11","-0.75","-3.00","-1","-1.00","-1","-1.00","0","0.0","1","1","0","0","3","0.9","0","","0","0.000","1","25.0","3","75.0","1","25.0","0","0","0.0","0","39.6","14.8","-7.2","28.6","71.4","","","-0.05","-0.1","-1.3","7.3","0.5","0.26","7.3"
"343","Dillon Stoner","LV","WR","4","2021","9","6.2","0.0","0","0.0","0","0.0","0.0","","0","","0","0.0","0.0","","0.00","","0","","","","0","0.0","0","0","0","0","0","0.0","0","","0","0.000","0","","0","","0","","0","0","0.0","0","0.0","","","100.0","","","","0.00","","0.0","0.0","0.0","0.00","0.0"
"344","Matt LaCosse","NE","TE","1","2021","3","10.7","0.0","0","0.0","0","0.0","0.0","","0","","0","0.0","0.0","","0.00","","0","","","","0","0.0","0","0","0","0","0","0.0","0","","0","0.000","0","","0","","0","","0","0","0.0","0","0.0","","","","33.3","66.7","","0.00","","0.0","0.0","0.0","0.00","0.0"
"345","Tony Poljan","BLT","TE","1","2021","4","9.5","0.0","0","0.0","0","0.0","0.0","","0","","0","0.0","0.0","","0.00","","0","","","","0","0.0","0","0","0","0","0","0.0","0","","0","0.000","0","","0","","0","","0","0","0.0","0","0.0","","","","75.0","25.0","","0.00","","0.0","0.0","0.0","0.00","0.0"
"346","Codey McElroy","TB","TE","2","2021","2","2.2","16.0","16","1.8","1","0.5","1.1","0.50","0","","0","0.0","0.0","","0.00","","0","","","","0","0.0","1","1","0","0","1","1.6","0","","0","0.000","0","","0","","0","","0","0","0.0","0","39.6","25.0","-10.2","","50.0","50.0","","0.00","","0.0","6.0","3.0","3.01","6.0"
"347","Travis Benjamin","SF","WR","10","2021","13","4.2","24.5","98","6.9","4","0.4","1.4","0.31","0","","0","0.0","0.0","","0.00","","0","","","","0","0.0","0","0","0","1","3","1.5","0","","0","0.000","0","","1","25.0","0","","1","0","0.0","0","0.0","36.4","-11.6","92.3","7.7","","","-0.08","-0.1","-1.0","11.8","1.2","0.91","11.8"
"348","Vyncint Smith","NYJ","WR","2","2021","20","24.4","24.0","24","6.5","1","0.5","1.5","0.05","0","","0","0.0","0.0","","0.00","","0","","","","0","0.0","1","1","0","1","1","2.3","0","","0","0.000","0","","0","","0","","1","0","0.0","0","39.6","6.3","-11.8","75.0","25.0","","","0.00","","0.0","3.0","1.5","0.15","3.0"
"349","Ben Ellefson","MIN","TE","5","2021","17","9.6","5.0","5","0.4","1","0.2","0.6","0.06","0","","0","0.0","0.0","","0.00","","0","","","","0","0.0","0","0","0","0","1","0.9","0","","0","0.000","1","100.0","1","100.0","0","","0","0","0.0","0","39.6","4.8","-6.5","","","100.0","","0.00","","0.0","1.3","0.3","0.08","1.3"
"350","Tyrie Cleveland","DEN","WR","6","2021","15","6.7","6.0","6","0.4","1","0.2","0.5","0.07","0","","0","0.0","0.0","","0.00","","0","","","","0","0.0","1","0","0","0","1","0.7","0","","0","0.000","0","","1","100.0","0","","0","0","0.0","0","39.6","6.7","-6.9","93.3","6.7","","","0.00","","0.0","1.4","0.2","0.09","1.4"
"351","Miller Forristall","CLV","TE","2","2021","4","6.2","0.0","0","0.0","0","0.0","0.0","","0","","0","0.0","0.0","","0.00","","0","","","","0","0.0","0","0","0","0","0","0.0","0","","0","0.000","0","","0","","0","","0","0","0.0","0","0.0","","","","","100.0","","0.00","","0.0","0.0","0.0","0.00","0.0"
"352","Deon Yelder","TB","TE","2","2021","4","4.9","-4.0","-4","-0.7","1","0.5","1.2","0.25","1","100.0","0","0.0","0.0","","0.00","","4","4.00","2","2.00","0","0.0","0","0","0","0","0","0.0","0","","0","0.000","0","","1","100.0","0","","0","0","0.0","0","79.2","25.0","-6.3","50.0","","50.0","","0.25","0.5","1.0","1.8","0.9","0.45","1.8"
"353","Darrell Daniels","ARZ","TE","15","2021","64","10.8","5.3","21","0.8","4","0.3","0.8","0.06","1","25.0","0","0.0","0.0","","0.00","","2","2.00","1","1.00","0","0.0","1","0","0","1","2","0.5","0","","0","0.000","1","25.0","2","50.0","0","","0","0","0.0","0","39.6","5.2","-6.8","3.1","23.4","65.6","7.8","0.02","0.1","1.0","7.9","0.5","0.12","7.9"
"354","Michael Bandy","LAC","WR","1","2021","7","17.5","0.0","0","0.0","0","0.0","0.0","","0","","0","0.0","0.0","","0.00","","0","","","","0","0.0","0","0","0","0","0","0.0","0","","0","0.000","0","","0","","0","","0","0","0.0","0","0.0","","","","85.7","14.3","","0.00","","0.0","0.0","0.0","0.00","0.0"
"355","Devin Smith","JAX","WR","1","2021","4","7.7","15.0","15","3.6","1","1.0","2.0","0.25","0","","0","0.0","0.0","","0.00","","0","","","","0","0.0","0","0","0","0","0","0.0","0","","0","0.000","0","","0","","0","","0","0","0.0","0","0.0","25.0","-10.4","75.0","25.0","","","0.00","","0.0","1.7","1.7","0.42","1.7"
"356","Sammis Reyes","WAS","TE","7","2021","7","2.7","0.0","0","0.0","0","0.0","0.0","","0","","0","0.0","0.0","","0.00","","0","","","","0","0.0","0","0","0","0","0","0.0","0","","0","0.000","0","","0","","0","","0","0","0.0","0","0.0","","","14.3","42.9","42.9","","0.00","","0.0","0.0","0.0","0.00","0.0"
"357","Rodney Adams","CHI","WR","1","2021","4","8.9","15.0","15","7.3","1","1.0","2.4","0.25","0","","0","0.0","0.0","","0.00","","0","","","","0","0.0","0","0","0","0","1","3.8","0","","0","0.000","1","100.0","1","100.0","0","","0","0","0.0","0","39.6","25.0","-10.4","100.0","","","","0.00","","0.0","1.6","1.6","0.40","1.6"
"358","J.P. Holtz","CHI","TE","12","2021","15","3.1","0.0","0","0.0","0","0.0","0.0","","0","","0","0.0","0.0","","0.00","","0","","","","0","0.0","0","0","0","0","0","0.0","0","","0","0.000","0","","0","","0","","0","0","0.0","0","0.0","","","26.7","20.0","33.3","20.0","0.00","","0.0","0.0","0.0","0.00","0.0"
"359","Josh Hammond","JAX","WR","2","2021","4","5.1","0.0","0","0.0","0","0.0","0.0","","0","","0","0.0","0.0","","0.00","","0","","","","0","0.0","0","0","0","0","0","0.0","0","","0","0.000","0","","0","","0","","0","0","0.0","0","0.0","","","","100.0","","","0.00","","0.0","0.0","0.0","0.00","0.0"
"360","Noah Togiai","PHI","TE","1","2021","3","7.5","0.0","0","0.0","0","0.0","0.0","","0","","0","0.0","0.0","","0.00","","0","","","","0","0.0","0","0","0","0","0","0.0","0","","0","0.000","0","","0","","0","","0","0","0.0","0","0.0","","","33.3","33.3","33.3","","0.00","","0.0","0.0","0.0","0.00","0.0"
"361","David Wells","ARZ","TE","3","2021","1","0.8","0.0","0","0.0","0","0.0","0.0","","0","","0","0.0","0.0","","0.00","","0","","","","0","0.0","0","0","0","0","0","0.0","0","","0","0.000","0","","0","","0","","0","0","0.0","0","0.0","","","","","","100.0","0.00","","0.0","0.0","0.0","0.00","0.0"
"362","Dan Chisena","MIN","WR","6","2021","12","4.8","0.0","0","0.0","0","0.0","0.0","","0","","0","0.0","0.0","","0.00","","0","","","","0","0.0","0","0","0","0","0","0.0","0","","0","0.000","0","","0","","0","","0","0","0.0","0","0.0","","","33.3","50.0","16.7","","0.00","","0.0","0.0","0.0","0.00","0.0"
"363","Jalen Camp","HST","WR","3","2021","16","15.7","0.0","0","0.0","0","0.0","0.0","","0","","0","0.0","0.0","","0.00","","0","","","","0","0.0","0","0","0","0","0","0.0","0","","0","0.000","0","","0","","0","","0","0","0.0","0","0.0","","","50.0","43.8","6.3","","0.00","","0.0","0.0","0.0","0.00","0.0"
"364","Stephen Sullivan","CAR","TE","3","2021","24","17.5","-1.0","-1","-0.1","1","0.3","0.9","0.04","0","","0","0.0","0.0","","0.00","","0","","","","0","0.0","1","0","0","0","1","1.1","0","","0","0.000","1","100.0","1","100.0","0","","0","0","0.0","0","39.6","5.0","-4.9","25.0","50.0","25.0","","0.00","","0.0","1.6","0.5","0.07","1.6"
"365","Tory Carter","TEN","TE","8","2021","8","2.7","0.0","0","0.0","0","0.0","0.0","","0","","0","0.0","0.0","","0.00","","0","","","","0","0.0","0","0","0","0","0","0.0","0","","0","0.000","0","","0","","0","","0","0","0.0","0","0.0","","","","","12.5","87.5","0.00","","0.0","0.0","0.0","0.00","0.0"
"366","Kahale Warring","BUF, JAX","TE","2","2021","7","9.1","0.0","0","0.0","0","0.0","0.0","","0","","0","0.0","0.0","","0.00","","0","","","","0","0.0","0","0","0","0","0","0.0","0","","0","0.000","0","","0","","0","","0","0","0.0","0","0.0","","","14.3","42.9","42.9","","0.00","","0.0","0.0","0.0","0.00","0.0"
"367","Matt Bushman","LV","TE","1","2021","2","5.7","0.0","0","0.0","0","0.0","0.0","","0","","0","0.0","0.0","","0.00","","0","","","","0","0.0","0","0","0","0","0","0.0","0","","0","0.000","0","","0","","0","","0","0","0.0","0","0.0","","","50.0","","50.0","","0.00","","0.0","0.0","0.0","0.00","0.0"
"368","Jared Pinkney","DET","TE","2","2021","15","21.1","0.0","0","0.0","0","0.0","0.0","","0","","0","0.0","0.0","","0.00","","0","","","","0","0.0","0","0","0","0","0","0.0","0","","0","0.000","0","","0","","0","","0","0","0.0","0","0.0","","","33.3","6.7","60.0","","0.00","","0.0","0.0","0.0","0.00","0.0"
"369","JoJo Natson","CLV","WR","3","2021","6","5.3","0.0","0","0.0","0","0.0","0.0","","0","","0","0.0","0.0","","0.00","","0","","","","0","0.0","0","0","0","0","0","0.0","0","","0","0.000","0","","0","","0","","0","0","0.0","0","0.0","","","16.7","66.7","","16.7","0.00","","0.0","0.0","0.0","0.00","0.0"
"370","Colin Thompson","CAR","TE","10","2021","9","2.3","5.0","5","0.2","1","0.1","0.3","0.11","0","","0","0.0","0.0","","0.00","","0","","","","0","0.0","0","0","0","0","1","0.5","0","","0","0.000","0","","0","","0","","0","0","0.0","0","39.6","5.0","-6.5","22.2","11.1","66.7","","0.00","","0.0","1.6","0.2","0.17","1.6"
"371","Geronimo Allison","DET","WR","3","2021","26","23.0","2.0","2","-0.5","1","0.3","1.0","0.04","0","","0","0.0","0.0","","0.00","","0","","","","0","0.0","1","0","0","0","0","0.0","0","","0","0.000","0","","0","","0","","0","0","0.0","0","39.6","4.5","-5.3","100.0","","","","0.00","","0.0","1.3","0.4","0.05","1.3"
"372","Isaiah Coulter","CHI","WR","2","2021","13","16.0","17.0","17","2.4","1","0.5","1.4","0.08","0","","0","0.0","0.0","","0.00","","0","","","","0","0.0","0","0","0","0","1","1.8","0","","0","0.000","0","","0","","0","","0","0","0.0","0","39.6","10.0","-11.7","100.0","","","","0.00","","0.0","1.4","0.7","0.11","1.4"
"373","Nick Bowers","LV","TE","5","2021","7","4.0","0.0","0","0.0","0","0.0","0.0","","0","","0","0.0","0.0","","0.00","","0","","","","0","0.0","0","0","0","0","0","0.0","0","","0","0.000","0","","0","","0","","0","0","0.0","0","0.0","","","","","100.0","","0.00","","0.0","0.0","0.0","0.00","0.0"
"374","Cody Thompson","SEA","WR","3","2021","1","1.1","0.0","0","0.0","0","0.0","0.0","","0","","0","0.0","0.0","","0.00","","0","","","","0","0.0","0","0","0","0","0","0.0","0","","0","0.000","0","","0","","0","","0","0","0.0","0","0.0","","","","100.0","","","0.00","","0.0","0.0","0.0","0.00","0.0"
"375","John Brown","JAX, DEN","WR","4","2021","11","6.7","33.0","99","7.9","3","0.8","2.0","0.27","0","","0","0.0","0.0","","0.00","","0","","","","0","0.0","0","1","0","3","3","2.7","0","","0","0.000","0","","0","","0","","0","0","0.0","0","0.0","33.3","-12.1","45.5","54.5","","","0.00","","0.0","6.5","1.6","0.59","6.5"
"376","Landen Akers","LA","WR","2","2021","1","1.4","0.0","0","0.0","0","0.0","0.0","","0","","0","0.0","0.0","","0.00","","0","","","","0","0.0","0","0","0","0","0","0.0","0","","0","0.000","0","","0","","0","","0","0","0.0","0","0.0","","","","100.0","","","0.00","","0.0","0.0","0.0","0.00","0.0"
"377","Tyler Mabry","SEA","TE","6","2021","4","2.1","0.0","0","0.0","0","0.0","0.0","","0","","0","0.0","0.0","","0.00","","0","","","","0","0.0","0","0","0","0","0","0.0","0","","0","0.000","0","","0","","0","","0","0","0.0","0","0.0","","","25.0","25.0","50.0","","0.00","","0.0","0.0","0.0","0.00","0.0"
"378","Ross Travis","ARZ, DET","TE","4","2021","10","7.3","0.0","0","0.0","0","0.0","0.0","","0","","0","0.0","0.0","","0.00","","0","","","","0","0.0","0","0","0","0","0","0.0","0","","0","0.000","0","","0","","0","","0","0","0.0","0","0.0","","","","30.0","70.0","","0.00","","0.0","0.0","0.0","0.00","0.0"
"379","David Moore","GB, DEN","WR","3","2021","14","10.9","13.5","27","2.9","2","0.7","1.7","0.14","0","","0","0.0","0.0","","0.00","","0","","","","0","0.0","0","0","0","0","2","2.4","0","","0","0.000","0","","0","","0","","1","0","0.0","0","39.6","14.3","-9.7","7.1","92.9","","","0.00","","0.0","3.7","1.2","0.27","3.7"
"380","Devin Asiasi","NE","TE","1","2021","2","7.1","0.0","0","0.0","0","0.0","0.0","","0","","0","0.0","0.0","","0.00","","0","","","","0","0.0","0","0","0","0","0","0.0","0","","0","0.000","0","","0","","0","","0","0","0.0","0","0.0","","","50.0","50.0","","","0.00","","0.0","0.0","0.0","0.00","0.0"
"381","Alex Bachman","NYG","WR","3","2021","19","21.1","0.0","0","0.0","0","0.0","0.0","","0","","0","0.0","0.0","","0.00","","0","","","","0","0.0","0","0","0","0","0","0.0","0","","0","0.000","0","","0","","0","","0","0","0.0","0","0.0","","","26.3","73.7","","","-0.02","-0.1","-0.3","0.1","0.0","0.00","0.0"
"382","Temarrick Hemingway","WAS","TE","1","2021","3","13.6","0.0","0","0.0","0","0.0","0.0","","0","","0","0.0","0.0","","0.00","","0","","","","0","0.0","0","0","0","0","0","0.0","0","","0","0.000","0","","0","","0","","0","0","0.0","0","0.0","","","","","100.0","","0.00","","0.0","0.0","0.0","0.00","0.0"
"383","Andrew Beck","DEN","TE","12","2021","12","2.7","0.0","0","0.0","0","0.0","0.0","","0","","0","0.0","0.0","","0.00","","0","","","","0","0.0","0","0","0","0","0","0.0","0","","0","0.000","0","","0","","0","","0","0","0.0","0","0.0","","","8.3","8.3","41.7","41.7","0.00","","0.0","0.0","0.0","0.00","0.0"
"384","DeMichael Harris","IND","WR","1","2021","1","2.3","0.0","0","0.0","0","0.0","0.0","","0","","0","0.0","0.0","","0.00","","0","","","","0","0.0","0","0","0","0","0","0.0","0","","0","0.000","0","","0","","0","","0","0","0.0","0","0.0","","","","100.0","","","0.00","","0.0","0.0","0.0","0.00","0.0"
"385","Jordan Veasy","HST","WR","2","2021","4","6.0","0.0","0","0.0","0","0.0","0.0","","0","","0","0.0","0.0","","0.00","","0","","","","0","0.0","0","0","0","0","0","0.0","0","","0","0.000","0","","0","","0","","0","0","0.0","0","0.0","","","50.0","25.0","25.0","","0.00","","0.0","0.0","0.0","0.00","0.0"
"386","Jacob Harris","LA","TE","3","2021","2","1.8","0.0","0","0.0","0","0.0","0.0","","0","","0","0.0","0.0","","0.00","","0","","","","0","0.0","0","0","0","0","0","0.0","0","","0","0.000","0","","0","","0","","0","0","0.0","0","0.0","","","100.0","","","","0.00","","0.0","0.0","0.0","0.00","0.0"
"387","Antonio Gandy-Golden","WAS","WR","4","2021","8","4.5","0.0","0","0.0","0","0.0","0.0","","0","","0","0.0","0.0","","0.00","","0","","","","0","0.0","0","0","0","0","0","0.0","0","","0","0.000","0","","0","","0","","0","0","0.0","0","0.0","","","87.5","12.5","","","0.00","","0.0","0.0","0.0","0.00","0.0"
"388","Isaiah Hodgins","BUF","WR","1","2021","1","2.0","0.0","0","0.0","0","0.0","0.0","","0","","0","0.0","0.0","","0.00","","0","","","","0","0.0","0","0","0","0","0","0.0","0","","0","0.000","0","","0","","0","","0","0","0.0","0","0.0","","","100.0","","","","0.00","","0.0","0.0","0.0","0.00","0.0"