"Rank","Name","Team","POS","G","Season","RTE","RTE %","aDOT","AY","AY Share","TGT","TGT/G","TGT %","TPRR","REC","CR %","YDS","RecYDS/G","TM YDS %","YPRR","YPT","YPR","YAC","YAC/REC","YACO","YACO/REC","TD","TM TD %","i20 TGT","EZTGT","EZTD","DP TGT","1READ","1READ %","MTF","MTF/REC","1D","1D/RR","DRP","DRP %","CTGT","CTGT %","DESIGN","DESIGN %","CT","CC","CC %","HERO","RATE","THREAT","YPTOE","WIDE RTE %","SLOT RTE %","INLINE RTE %","BACK RTE %","FP/RR","FP/G","FP","XFP","XFP/G","XFP/RR","RecXFP"
"1","Tyreek Hill","MIA","WR","16","2023","444","76.0","11.1","1869","44.3","168","10.5","31.1","0.38","119","70.8","1799","112.4","40.2","4.05","10.71","15.12","661","5.55","144","1.21","13","44.8","25","13","5","34","155","38.5","31","0.26","83","0.187","11","6.5","140","83.3","29","17.3","13","6","46.2","1","119.1","41.0","2.2","59.7","37.8","1.1","1.4","0.85","23.6","377.4","325.7","20.4","0.73","322.7"
"2","CeeDee Lamb","DAL","WR","17","2023","604","88.7","9.8","1762","36.1","179","10.5","29.2","0.30","135","75.4","1749","102.9","37.5","2.90","9.77","12.96","701","5.19","268","1.99","12","33.3","32","21","8","26","145","33.7","22","0.16","80","0.132","5","2.8","150","83.8","13","7.3","20","9","45.0","3","125.7","33.0","1.8","40.7","58.1","0.3","0.8","0.67","23.8","405.2","344.4","20.3","0.55","334.8"
"3","Amon-Ra St. Brown","DET","WR","16","2023","540","87.9","7.9","1268","33.2","161","10.1","27.9","0.30","119","73.9","1515","94.7","34.7","2.81","9.41","12.73","677","5.69","218","1.83","10","37.0","24","5","2","17","140","34.9","19","0.16","75","0.139","2","1.2","133","82.6","22","13.7","18","11","61.1","5","115.8","31.8","2.0","43.3","55.4","","1.3","0.61","20.7","331.9","278.6","17.4","0.51","276.0"
"4","Puka Nacua","LA","WR","17","2023","540","84.6","9.2","1421","32.9","155","9.1","26.6","0.29","105","67.7","1486","87.4","34.6","2.75","9.59","14.15","649","6.18","291","2.77","6","23.1","15","10","4","17","124","30.6","13","0.12","68","0.126","9","5.8","130","83.9","18","11.6","25","11","44.0","7","106.0","31.6","1.7","70.9","28.9","","0.2","0.55","17.6","298.5","299.9","17.6","0.54","293.6"
"5","A.J. Brown","PHI","WR","17","2023","526","80.7","12.4","1916","41.9","154","9.1","27.4","0.29","106","68.8","1456","85.6","35.8","2.77","9.45","13.74","485","4.58","290","2.74","7","29.2","18","15","3","29","136","36.6","25","0.24","70","0.133","6","3.9","124","80.5","5","3.2","20","11","55.0","4","105.9","33.6","1.1","78.7","21.1","0.2","","0.55","17.2","291.6","293.7","17.3","0.56","293.7"
"6","D.J. Moore","CHI","WR","17","2023","555","89.8","11.7","1555","42.2","133","7.8","25.9","0.24","96","72.2","1364","80.2","39.9","2.46","10.26","14.21","575","5.99","210","2.19","8","42.1","12","15","5","31","122","38.0","16","0.17","64","0.115","2","1.5","106","79.7","21","15.8","21","13","61.9","6","118.8","29.8","2.0","78.2","21.4","","0.4","0.52","16.9","287.5","235.7","13.9","0.42","233.4"
"7","Brandon Aiyuk","SF","WR","16","2023","411","81.2","14.4","1480","39.3","103","6.4","22.7","0.25","75","72.8","1342","83.9","31.5","3.27","13.03","17.89","371","4.95","141","1.88","7","22.6","10","7","5","20","83","27.4","10","0.13","61","0.148","1","1.0","81","78.6","2","1.9","11","8","72.7","1","125.4","27.4","3.8","75.7","24.3","","","0.61","15.6","250.2","196.5","12.3","0.48","196.5"
"8","Nico Collins","HST","WR","15","2023","385","66.2","11.4","1248","28.9","109","7.3","21.1","0.28","80","73.4","1297","86.5","32.5","3.37","11.90","16.21","560","7.00","258","3.23","8","32.0","16","10","4","19","94","27.1","24","0.30","53","0.138","4","3.7","89","81.7","16","14.7","11","7","63.6","7","129.6","30.9","3.6","80.0","20.0","","","0.68","17.4","260.4","206.6","13.8","0.54","206.2"
"9","Mike Evans","TB","WR","17","2023","511","80.1","14.7","1927","40.3","131","7.7","23.1","0.26","79","60.3","1255","73.8","31.0","2.46","9.58","15.89","342","4.33","98","1.24","13","46.4","16","19","9","33","116","29.3","4","0.05","54","0.106","8","6.1","95","72.5","2","1.5","23","16","69.6","5","119.0","29.1","0.5","70.3","29.7","","","0.55","16.6","282.5","267.5","15.7","0.52","267.5"
"10","Amari Cooper","CLV","WR","15","2023","506","79.6","14.5","1825","39.1","126","8.4","22.1","0.25","72","57.1","1250","83.3","35.4","2.47","9.92","17.36","288","4.00","105","1.46","5","26.3","14","8","2","28","116","28.6","5","0.07","50","0.099","6","4.8","88","69.8","0","","25","16","64.0","4","87.7","27.8","0.7","77.1","22.5","","0.4","0.45","15.2","228.0","244.1","16.3","0.48","244.1"
"11","Keenan Allen","LAC","WR","13","2023","485","89.2","9.7","1441","37.8","148","11.4","30.7","0.31","108","73.0","1243","95.6","37.0","2.56","8.40","11.51","432","4.00","154","1.43","7","33.3","14","5","3","15","126","39.7","11","0.10","56","0.115","6","4.1","122","82.4","12","8.1","13","7","53.8","3","110.8","33.3","0.4","41.0","58.4","","0.6","0.58","21.5","279.9","277.0","21.3","0.57","275.5"
"12","Ja'Marr Chase","CIN","WR","16","2023","567","87.2","9.1","1291","36.8","142","8.9","24.8","0.25","100","70.4","1216","76.0","31.0","2.14","8.56","12.16","535","5.35","229","2.29","7","26.9","20","10","4","22","126","30.7","22","0.22","63","0.111","4","2.8","117","82.4","32","22.5","19","7","36.8","2","107.0","28.5","0.7","74.3","25.0","","0.7","0.46","16.4","262.7","259.9","16.2","0.46","258.5"
"13","Stefon Diggs","BUF","WR","17","2023","573","88.0","10.6","1690","35.7","159","9.4","27.5","0.28","107","67.3","1183","69.6","27.5","2.06","7.44","11.06","417","3.90","199","1.86","8","27.6","16","12","6","24","124","35.2","21","0.20","58","0.101","6","3.8","128","80.5","24","15.1","21","12","57.1","3","95.5","32.4","-0.6","63.4","35.3","","1.4","0.48","16.2","274.8","274.8","16.2","0.48","273.6"
"14","Michael Pittman","IND","WR","16","2023","526","88.1","7.8","1172","31.5","151","9.4","28.1","0.29","109","72.2","1152","72.0","31.3","2.19","7.63","10.57","526","4.83","213","1.95","4","22.2","20","5","1","11","131","35.4","7","0.06","53","0.101","3","2.0","118","78.1","21","13.9","17","13","76.5","1","86.3","32.4","0.2","73.2","24.9","1.9","","0.48","15.7","251.2","250.9","15.7","0.48","250.9"
"15","Davante Adams","LV","WR","17","2023","542","89.4","10.8","1838","44.1","170","10.0","30.5","0.31","103","60.6","1144","67.3","31.2","2.11","6.73","11.11","358","3.48","124","1.20","8","40.0","30","9","5","22","156","40.6","7","0.07","59","0.109","9","5.3","129","75.9","12","7.1","34","14","41.2","4","81.6","34.6","-1.5","81.5","17.2","","1.3","0.49","15.6","265.4","302.6","17.8","0.56","302.6"
"16","George Pickens","PIT","WR","17","2023","507","89.6","13.5","1417","38.9","105","6.2","20.8","0.21","63","60.0","1140","67.1","33.3","2.25","10.86","18.10","414","6.57","120","1.90","5","38.5","8","5","0","23","88","25.9","12","0.19","41","0.081","2","1.9","76","72.4","3","2.9","12","5","41.7","6","97.3","23.3","2.1","84.0","16.0","","","0.41","12.3","208.8","190.1","11.2","0.37","188.4"
"17","Chris Olave","NO","WR","16","2023","515","82.7","13.4","1838","39.2","137","8.6","23.7","0.27","87","63.5","1123","70.2","28.0","2.18","8.20","12.91","360","4.14","103","1.18","5","20.0","12","9","3","28","118","30.1","6","0.07","57","0.111","7","5.1","110","80.3","9","6.6","16","4","25.0","7","92.2","28.7","-0.5","59.0","39.8","","1.2","0.45","14.5","231.3","246.9","15.4","0.48","246.9"
"18","DK Metcalf","SEA","WR","16","2023","502","82.4","13.9","1575","39.3","113","7.1","20.5","0.23","66","58.4","1114","69.6","28.2","2.22","9.86","16.88","383","5.80","144","2.18","8","38.1","22","16","6","27","96","27.7","14","0.21","52","0.104","5","4.4","87","77.0","3","2.7","25","8","32.0","4","100.7","25.2","0.9","84.7","15.3","","","0.45","14.1","225.4","230.5","14.4","0.46","230.5"
"19","Justin Jefferson","MIN","WR","10","2023","357","82.6","13.3","1330","40.6","100","10.0","25.9","0.28","68","68.0","1074","107.4","36.6","3.01","10.74","15.79","260","3.82","137","2.01","5","25.0","11","10","4","23","94","33.5","11","0.16","51","0.143","1","1.0","78","78.0","9","9.0","20","13","65.0","5","107.7","31.8","1.8","70.6","29.1","","0.3","0.57","20.3","203.2","200.5","20.0","0.56","199.3"
"20","DeVonta Smith","PHI","WR","16","2023","544","89.3","12.3","1348","31.7","110","6.9","20.9","0.20","81","73.6","1066","66.6","27.6","1.96","9.69","13.16","301","3.72","99","1.22","7","30.4","6","10","4","20","88","25.6","7","0.09","47","0.086","5","4.5","94","85.5","16","14.5","15","7","46.7","3","117.5","23.3","1.0","66.7","32.5","","0.7","0.42","14.3","228.6","195.3","12.2","0.36","195.3"
"21","DeAndre Hopkins","TEN","WR","17","2023","466","80.5","14.4","1920","43.2","133","7.8","26.9","0.29","75","56.4","1057","62.2","30.1","2.27","7.95","14.09","236","3.15","68","0.91","7","50.0","17","14","3","37","122","34.4","8","0.11","48","0.103","5","3.8","92","69.2","6","4.5","18","5","27.8","6","84.1","33.3","-1.1","79.4","20.0","","0.6","0.48","13.2","223.6","252.9","14.9","0.54","251.6"
"22","Garrett Wilson","NYJ","WR","17","2023","634","91.1","10.7","1747","45.7","163","9.6","27.1","0.26","95","58.3","1042","61.3","30.9","1.64","6.39","10.97","333","3.51","183","1.93","3","27.3","17","8","2","25","143","36.9","21","0.22","47","0.074","7","4.3","124","76.1","17","10.4","33","12","36.4","3","68.1","30.9","-1.7","67.8","32.2","","","0.34","12.7","215.2","303.2","17.8","0.47","300.8"
"23","Chris Godwin","TB","WR","17","2023","524","82.1","10.3","1319","27.6","128","7.5","22.5","0.24","83","64.8","1024","60.2","25.3","1.95","8.00","12.34","386","4.65","118","1.42","2","7.1","15","11","1","14","112","28.3","4","0.05","53","0.101","4","3.1","95","74.2","10","7.8","23","14","60.9","2","84.9","27.1","-0.1","61.6","38.4","","","0.40","12.3","209.2","233.9","13.8","0.44","232.5"
"24","George Kittle","SF","TE","16","2023","422","82.1","9.7","867","23.5","89","5.6","19.1","0.21","65","73.0","1020","63.8","23.2","2.42","11.46","15.69","488","7.51","183","2.82","6","18.8","13","5","3","10","66","21.2","11","0.17","42","0.100","4","4.5","79","88.8","1","1.1","14","4","28.6","0","123.8","21.2","3.0","9.7","30.6","59.0","0.7","0.48","12.7","203.2","159.6","10.0","0.38","159.2"
"25","Calvin Ridley","JAX","WR","17","2023","594","84.1","13.7","1842","38.0","134","7.9","21.6","0.23","76","56.7","1016","59.8","23.2","1.71","7.58","13.37","226","2.97","47","0.62","8","36.4","27","24","7","30","120","25.1","6","0.08","49","0.082","5","3.7","96","71.6","9","6.7","21","8","38.1","0","91.5","24.9","-1.5","80.3","19.7","","","0.39","13.5","229.9","283.7","16.7","0.47","279.1"
"26","Jaylen Waddle","MIA","WR","14","2023","346","67.4","10.1","1054","29.7","104","7.4","22.0","0.30","72","69.2","1014","72.4","25.9","2.93","9.75","14.08","437","6.07","128","1.78","4","18.2","9","6","2","13","86","24.6","13","0.18","47","0.136","6","5.8","86","82.7","14","13.5","10","4","40.0","2","101.2","31.1","1.7","73.1","25.1","0.3","1.4","0.57","14.2","198.6","198.2","14.2","0.57","196.8"
"27","Adam Thielen","CAR","WR","17","2023","601","88.0","7.7","1050","26.3","137","8.1","23.4","0.23","103","75.2","1014","59.6","31.2","1.69","7.40","9.84","365","3.54","115","1.12","4","30.8","15","5","2","7","112","30.4","6","0.06","56","0.093","4","2.9","112","81.8","10","7.3","11","7","63.6","4","102.3","28.1","0.0","30.9","68.4","","0.7","0.38","13.6","231.0","231.3","13.6","0.38","230.8"
"28","Terry McLaurin","WAS","WR","17","2023","612","83.3","11.9","1517","34.9","128","7.5","20.1","0.21","79","61.7","1002","58.9","24.0","1.64","7.83","12.68","358","4.53","148","1.87","4","16.7","9","8","4","28","108","25.5","9","0.11","47","0.077","3","2.3","93","72.7","13","10.2","20","9","45.0","3","83.5","25.3","-0.5","84.2","15.7","0.2","","0.33","12.0","203.2","235.7","13.9","0.39","235.7"
"29","Travis Kelce","KC","TE","15","2023","465","73.0","6.9","826","23.9","120","8.0","21.2","0.26","93","77.5","984","65.6","24.6","2.12","8.20","10.58","475","5.11","173","1.86","5","19.2","20","7","2","8","93","25.8","13","0.14","50","0.108","7","5.8","108","90.0","16","13.3","15","5","33.3","2","107.8","27.4","0.7","23.7","50.1","25.2","1.1","0.47","14.7","220.4","221.9","14.8","0.48","221.9"
"30","Evan Engram","JAX","TE","17","2023","580","82.2","4.9","683","14.1","140","8.2","22.6","0.24","114","81.4","963","56.6","22.0","1.66","6.88","8.45","538","4.72","223","1.96","4","18.2","10","5","3","7","116","24.3","15","0.13","47","0.081","8","5.7","125","89.3","21","15.0","8","5","62.5","2","95.9","26.4","0.0","20.7","55.3","23.8","0.2","0.40","13.7","232.3","233.0","13.7","0.40","233.0"
"31","T.J. Hockenson","MIN","TE","15","2023","477","76.4","7.4","941","22.3","127","8.5","22.9","0.27","95","74.8","960","64.0","23.3","2.01","7.56","10.11","360","3.79","155","1.63","5","18.5","14","5","2","6","102","26.0","7","0.07","48","0.101","4","3.1","111","87.4","4","3.1","15","6","40.0","1","105.8","28.1","-0.1","12.2","37.1","50.7","","0.46","14.7","220.0","222.9","14.9","0.47","222.9"
"32","Rashee Rice","KC","WR","16","2023","358","52.5","5.2","524","13.7","101","6.3","16.7","0.28","79","78.2","938","58.6","22.2","2.62","9.29","11.87","656","8.30","215","2.72","7","25.0","21","6","3","6","77","20.4","13","0.16","44","0.123","7","6.9","89","88.1","25","24.8","6","3","50.0","2","124.3","31.1","2.5","49.4","49.4","0.8","0.3","0.60","13.3","213.5","176.3","11.0","0.49","175.8"
"33","Jordan Addison","MIN","WR","17","2023","559","78.6","12.7","1334","27.5","105","6.2","16.6","0.19","70","66.7","911","53.6","19.4","1.63","8.68","13.01","267","3.81","118","1.69","10","33.3","16","12","4","23","87","19.5","6","0.09","38","0.068","2","1.9","81","77.1","6","5.7","16","8","50.0","2","101.7","20.7","0.0","72.1","27.4","","0.5","0.40","13.0","221.3","217.9","12.8","0.39","217.2"
"34","Drake London","ATL","WR","16","2023","458","81.6","11.4","1230","32.6","108","6.8","22.0","0.24","69","63.9","905","56.6","25.8","1.98","8.38","13.12","204","2.96","97","1.41","2","12.5","16","6","1","17","100","28.5","7","0.10","45","0.098","4","3.7","83","76.9","7","6.5","28","17","60.7","7","81.0","27.0","-0.1","74.2","25.8","","","0.38","10.9","174.4","194.8","12.2","0.43","194.8"
"35","Tyler Lockett","SEA","WR","17","2023","526","82.6","11.9","1399","32.9","118","6.9","20.5","0.22","79","66.9","894","52.6","21.5","1.70","7.58","11.32","228","2.89","43","0.54","5","21.7","14","14","3","24","88","24.4","3","0.04","47","0.089","3","2.5","92","78.0","5","4.2","16","5","31.3","0","89.4","25.4","-0.9","63.3","35.9","0.2","0.6","0.38","11.9","202.4","239.1","14.1","0.45","239.1"
"36","Deebo Samuel","SF","WR","15","2023","363","76.7","7.5","657","19.1","88","5.9","20.5","0.24","60","68.2","892","59.5","22.6","2.46","10.14","14.87","525","8.75","224","3.73","7","22.6","18","4","1","9","67","23.3","25","0.42","34","0.094","2","2.3","70","79.5","17","19.3","10","2","20.0","1","118.2","26.6","2.7","63.1","31.1","","5.8","0.67","16.2","243.7","183.2","12.2","0.44","159.4"
"37","Sam LaPorta","DET","TE","17","2023","456","70.8","7.2","855","21.5","118","6.9","19.5","0.26","86","72.9","889","52.3","19.3","1.95","7.53","10.34","366","4.26","155","1.80","10","33.3","16","7","4","5","83","19.9","14","0.16","48","0.105","6","5.1","94","79.7","3","2.5","16","12","75.0","1","111.9","24.5","0.0","30.3","26.1","43.2","0.4","0.52","14.1","239.3","200.0","11.8","0.44","199.5"
"38","David Njoku","CLV","TE","16","2023","496","74.5","4.8","580","12.0","120","7.5","20.1","0.24","81","67.5","882","55.1","22.9","1.78","7.35","10.89","606","7.48","291","3.59","6","27.3","19","10","3","6","89","20.8","20","0.25","35","0.071","9","7.5","99","82.5","19","15.8","15","8","53.3","1","95.2","25.0","0.4","9.5","38.9","51.4","0.2","0.41","12.7","203.2","220.6","13.8","0.44","220.6"
"39","Zay Flowers","BLT","WR","16","2023","504","88.4","8.9","945","23.7","106","6.6","22.7","0.21","77","72.6","858","53.6","23.0","1.70","8.09","11.14","387","5.03","138","1.79","5","19.2","14","6","3","21","90","27.8","22","0.29","41","0.081","6","5.7","89","84.0","28","26.4","5","2","40.0","1","108.1","26.2","0.4","68.5","31.5","","","0.41","12.9","206.4","193.3","12.1","0.38","189.3"
"40","Trey McBride","ARZ","TE","17","2023","383","60.8","6.3","648","15.9","103","6.1","18.6","0.27","81","78.6","825","48.5","24.1","2.15","8.01","10.19","434","5.36","171","2.11","3","16.7","11","6","2","5","84","23.1","13","0.16","42","0.110","0","","87","84.5","15","14.6","13","9","69.2","5","93.6","29.8","0.6","6.5","53.3","39.7","0.5","0.47","10.7","181.5","172.4","10.1","0.45","172.4"
"41","Jakobi Meyers","LV","WR","16","2023","482","83.0","9.7","1025","25.9","106","6.6","19.9","0.22","71","67.0","807","50.4","23.2","1.67","7.61","11.37","252","3.55","83","1.17","8","42.1","16","5","2","8","91","24.4","9","0.13","46","0.095","2","1.9","82","77.4","11","10.4","15","6","40.0","3","99.1","23.1","-0.3","72.6","27.2","","0.2","0.45","13.7","218.6","205.1","12.8","0.42","202.8"
"42","Jayden Reed","GB","WR","16","2023","357","59.0","10.1","923","20.0","91","5.7","16.5","0.25","64","70.3","793","49.6","19.9","2.22","8.71","12.39","350","5.47","127","1.98","8","26.7","17","9","4","21","80","19.9","10","0.16","32","0.090","5","5.5","77","84.6","20","22.0","9","1","11.1","2","121.7","27.2","0.8","23.0","75.9","0.3","0.8","0.61","13.6","217.2","184.2","11.5","0.50","178.5"
"43","Christian Kirk","JAX","WR","12","2023","347","72.9","9.9","790","25.6","80","6.7","19.2","0.23","57","71.3","787","65.6","25.4","2.27","9.84","13.81","278","4.88","125","2.19","3","21.4","6","4","1","13","72","22.6","5","0.09","34","0.098","5","6.3","63","78.8","9","11.3","3","1","33.3","1","109.7","25.7","1.8","26.5","72.9","","0.6","0.44","12.7","152.3","141.0","11.8","0.41","140.7"
"44","Courtland Sutton","DEN","WR","16","2023","416","73.2","13.3","1187","34.7","89","5.6","18.5","0.21","59","66.3","772","48.3","23.1","1.86","8.67","13.08","169","2.86","55","0.93","10","37.0","18","15","8","20","59","22.9","3","0.05","37","0.089","9","10.1","77","86.5","1","1.1","15","7","46.7","10","121.6","24.9","0.0","76.9","22.1","1.0","","0.46","12.1","193.2","190.1","11.9","0.46","190.1"
"45","Josh Downs","IND","WR","17","2023","439","68.3","7.5","714","17.6","95","5.6","16.6","0.22","68","71.6","771","45.4","19.9","1.76","8.12","11.34","373","5.49","95","1.40","2","11.1","10","3","1","11","70","17.5","11","0.16","30","0.068","3","3.2","77","81.1","7","7.4","8","3","37.5","4","98.2","24.5","0.9","14.8","84.3","0.2","0.7","0.36","9.2","157.1","166.3","9.8","0.38","166.3"
"46","Darius Slayton","NYG","WR","17","2023","527","78.5","12.4","932","26.3","75","4.4","14.5","0.14","50","66.7","770","45.3","23.0","1.46","10.27","15.40","301","6.02","98","1.96","4","26.7","4","1","0","17","62","18.9","12","0.24","29","0.055","3","4.0","59","78.7","4","5.3","8","1","12.5","0","107.1","18.8","1.8","68.5","31.3","0.2","","0.29","8.9","151.0","129.4","7.6","0.25","129.4"
"47","Jake Ferguson","DAL","TE","17","2023","494","72.5","5.9","577","11.8","97","5.7","15.8","0.20","71","73.2","761","44.8","16.3","1.54","7.85","10.72","429","6.04","199","2.80","5","13.9","21","9","3","6","76","17.7","13","0.18","40","0.081","5","5.2","87","89.7","7","7.2","19","8","42.1","1","108.7","20.6","0.8","11.3","45.3","42.1","1.2","0.36","10.4","177.1","167.9","9.9","0.34","167.9"
"48","Jerry Jeudy","DEN","WR","16","2023","432","76.2","12.9","1099","31.6","85","5.3","17.7","0.20","54","63.5","758","47.4","22.4","1.75","8.92","14.04","334","6.19","110","2.04","2","7.7","11","6","1","19","70","26.3","15","0.28","28","0.065","3","3.5","65","76.5","11","12.9","7","2","28.6","1","85.3","24.4","0.3","39.4","60.0","","0.7","0.33","8.9","141.8","169.9","10.6","0.39","169.9"
"49","Gabe Davis","BUF","WR","17","2023","498","76.5","15.4","1219","25.7","79","4.6","13.6","0.16","45","57.0","746","43.9","17.3","1.50","9.44","16.58","192","4.27","92","2.04","7","24.1","12","14","5","22","53","15.1","7","0.16","34","0.068","3","3.8","54","68.4","1","1.3","12","6","50.0","1","86.8","17.3","0.2","84.3","15.1","0.4","0.2","0.33","9.6","162.4","159.3","9.4","0.32","158.8"
"50","Cooper Kupp","LA","WR","12","2023","355","83.5","8.4","775","27.5","92","7.7","23.4","0.26","59","64.1","737","61.4","25.3","2.08","8.01","12.49","333","5.64","133","2.25","5","23.8","19","7","3","13","81","28.8","9","0.15","33","0.093","5","5.4","69","75.0","5","5.4","10","6","60.0","2","93.4","27.1","0.5","40.3","59.4","0.3","","0.46","13.7","164.4","171.4","14.3","0.48","171.1"
"51","Cole Kmet","CHI","TE","17","2023","383","62.0","7.3","652","17.7","89","5.2","17.3","0.23","73","82.0","719","42.3","21.0","1.88","8.08","9.85","309","4.23","118","1.62","6","31.6","15","9","5","8","55","17.1","10","0.14","36","0.094","2","2.2","81","91.0","7","7.9","11","5","45.5","3","104.1","24.1","0.7","11.0","51.2","37.3","0.5","0.47","10.7","181.1","162.4","9.6","0.42","160.7"
"52","Rashid Shaheed","NO","WR","15","2023","414","69.6","14.2","1062","23.5","75","5.0","13.6","0.18","46","61.3","719","47.9","18.7","1.74","9.59","15.63","167","3.63","52","1.13","5","20.0","7","6","3","22","59","15.6","4","0.09","27","0.065","2","2.7","53","70.7","8","10.7","6","3","50.0","4","98.7","19.9","1.0","53.9","45.7","","0.5","0.36","10.0","150.6","141.3","9.4","0.33","138.3"
"53","Diontae Johnson","PIT","WR","13","2023","352","80.7","12.6","1096","39.3","87","6.7","22.4","0.25","51","58.6","717","55.2","27.5","2.04","8.24","14.06","259","5.08","71","1.39","5","55.6","10","7","3","18","77","28.8","10","0.20","38","0.108","3","3.4","61","70.1","6","6.9","14","7","50.0","1","99.6","28.5","-0.3","79.3","20.7","","","0.43","11.7","152.7","165.5","12.7","0.47","165.5"
"54","Tank Dell","HST","WR","11","2023","296","67.0","14.4","1083","30.5","75","6.8","19.0","0.25","47","62.7","709","64.5","21.1","2.40","9.45","15.09","150","3.19","38","0.81","7","36.8","8","5","4","14","58","22.3","3","0.06","34","0.115","4","5.3","54","72.0","1","1.3","4","2","50.0","3","113.7","27.6","0.3","70.3","29.1","","0.7","0.56","15.0","165.0","149.3","13.6","0.49","144.2"
"55","Romeo Doubs","GB","WR","17","2023","458","72.1","12.4","1182","24.2","95","5.6","16.4","0.21","59","62.1","674","39.6","16.0","1.47","7.09","11.42","133","2.25","45","0.76","8","25.0","18","16","8","16","85","20.1","2","0.03","41","0.090","5","5.3","76","80.0","9","9.5","21","11","52.4","6","98.3","21.5","-1.5","84.1","15.9","","","0.38","10.3","174.4","183.7","10.8","0.40","183.7"
"56","Dalton Kincaid","BUF","TE","16","2023","423","68.3","6.5","580","12.9","89","5.6","16.2","0.21","73","82.0","673","42.1","16.3","1.59","7.56","9.22","333","4.56","128","1.75","2","7.4","8","3","1","7","63","19.0","10","0.14","29","0.069","5","5.6","80","89.9","6","6.7","3","1","33.3","0","96.3","23.8","0.4","20.1","59.1","19.1","1.7","0.36","9.5","151.3","150.8","9.4","0.36","150.8"
"57","Kyle Pitts","ATL","TE","17","2023","436","72.3","11.9","1022","24.9","86","5.1","16.2","0.20","53","61.6","667","39.2","17.7","1.53","7.76","12.58","139","2.62","43","0.81","3","17.6","5","4","2","11","73","19.2","2","0.04","35","0.080","3","3.5","63","73.3","0","","16","9","56.3","3","87.7","22.0","-0.9","27.5","58.5","14.0","","0.31","8.1","137.3","156.7","9.2","0.36","156.2"
"58","Tyler Boyd","CIN","WR","17","2023","521","75.0","7.1","642","17.1","91","5.4","14.8","0.17","67","73.6","667","39.2","15.7","1.28","7.33","9.96","294","4.39","163","2.43","2","7.4","8","4","1","4","76","17.3","13","0.19","28","0.054","3","3.3","77","84.6","10","11.0","14","7","50.0","1","83.0","19.0","0.1","14.8","85.2","","","0.28","8.6","145.8","156.8","9.2","0.30","155.6"
"59","Brandin Cooks","DAL","WR","16","2023","496","77.4","13.7","1110","23.6","81","5.1","14.1","0.16","54","66.7","657","41.1","14.9","1.32","8.11","12.17","135","2.50","49","0.91","8","23.5","12","15","7","19","65","15.7","3","0.06","38","0.077","1","1.2","62","76.5","4","4.9","17","10","58.8","1","103.8","17.6","-0.6","63.1","36.9","","","0.35","10.8","173.2","160.8","10.0","0.32","158.0"
"60","Tee Higgins","CIN","WR","12","2023","355","72.3","13.2","976","36.8","74","6.2","16.7","0.21","42","56.8","656","54.7","21.7","1.85","8.86","15.62","237","5.64","74","1.76","5","31.3","12","9","3","12","61","19.9","4","0.10","33","0.093","7","9.5","58","78.4","1","1.4","13","4","30.8","1","103.2","22.0","0.0","82.5","17.2","0.3","","0.39","11.5","137.6","144.9","12.1","0.41","144.9"
"61","Elijah Moore","CLV","WR","17","2023","536","76.8","11.3","1130","22.2","100","5.9","16.0","0.19","59","59.0","640","37.6","16.0","1.19","6.40","10.85","207","3.51","78","1.32","2","8.3","14","7","1","18","81","18.0","12","0.20","29","0.054","7","7.0","74","74.0","9","9.0","9","3","33.3","2","80.4","21.7","-2.0","53.4","44.2","","2.4","0.25","7.9","134.1","183.3","10.8","0.33","179.0"
"62","Dalton Schultz","HST","TE","15","2023","384","64.5","8.0","670","14.8","84","5.6","15.7","0.22","59","70.2","635","42.3","15.2","1.65","7.56","10.76","267","4.53","123","2.08","5","19.2","14","9","4","6","59","16.3","14","0.24","35","0.091","2","2.4","68","81.0","2","2.4","10","3","30.0","1","107.0","21.2","-0.2","13.0","31.5","51.8","3.6","0.39","10.1","151.5","145.6","9.7","0.38","145.6"
"63","Jaxon Smith-Njigba","SEA","WR","17","2023","452","71.0","6.4","592","13.9","93","5.5","16.2","0.21","63","67.7","628","36.9","15.1","1.39","6.75","9.97","371","5.89","107","1.70","4","17.4","10","5","2","10","70","19.4","5","0.08","29","0.064","7","7.5","81","87.1","26","28.0","10","2","20.0","3","92.0","23.7","-0.3","30.8","69.2","","","0.33","8.8","149.8","156.9","9.2","0.35","156.9"
"64","Tyler Conklin","NYJ","TE","17","2023","427","61.4","6.9","575","15.1","83","4.9","13.8","0.19","61","73.5","621","36.5","18.4","1.45","7.48","10.18","263","4.31","105","1.72","0","0.0","9","3","0","7","57","14.7","6","0.10","27","0.063","2","2.4","67","80.7","5","6.0","15","9","60.0","2","89.5","21.2","0.1","9.6","59.5","30.9","","0.29","7.2","123.1","141.5","8.3","0.33","141.2"
"65","Curtis Samuel","WAS","WR","16","2023","382","55.8","7.1","620","15.6","87","5.4","14.7","0.23","62","71.3","613","38.3","15.9","1.60","7.05","9.89","269","4.34","96","1.55","4","17.4","16","8","3","10","68","17.0","7","0.11","26","0.068","1","1.1","69","79.3","13","14.9","12","6","50.0","0","87.0","27.4","-0.2","28.0","69.1","1.0","1.8","0.41","9.8","157.2","162.2","10.1","0.41","155.3"
"66","Khalil Shakir","BUF","WR","17","2023","304","46.7","8.6","386","8.1","45","2.6","7.8","0.15","39","86.7","611","35.9","14.2","2.01","13.58","15.67","288","7.38","60","1.54","2","6.9","2","0","0","6","29","8.2","4","0.10","26","0.086","0","","41","91.1","5","11.1","5","3","60.0","0","133.6","16.6","5.9","21.4","78.0","0.3","0.3","0.37","6.7","113.1","71.8","4.2","0.23","71.3"
"67","Josh Reynolds","DET","WR","17","2023","430","66.8","11.0","672","16.9","61","3.6","10.1","0.14","40","65.6","608","35.8","13.2","1.41","9.97","15.20","188","4.70","90","2.25","5","16.7","11","8","4","5","49","11.7","9","0.23","32","0.074","3","4.9","49","80.3","5","8.2","11","7","63.6","3","118.8","14.4","1.4","65.1","34.9","","","0.30","7.6","129.8","124.1","7.3","0.29","124.1"
"68","Dallas Goedert","PHI","TE","14","2023","404","76.2","5.5","453","11.6","82","5.9","17.7","0.20","59","72.0","592","42.3","17.4","1.47","7.22","10.03","326","5.53","126","2.14","3","15.0","10","3","2","3","64","20.6","9","0.15","33","0.082","2","2.4","66","80.5","15","18.3","10","6","60.0","0","89.1","21.9","0.1","13.1","53.7","32.9","0.2","0.34","9.7","136.3","133.9","9.6","0.33","133.3"
"69","Jonnu Smith","ATL","TE","17","2023","349","57.9","6.1","419","10.2","69","4.1","13.0","0.20","50","72.5","582","34.2","15.4","1.67","8.43","11.64","371","7.42","145","2.90","3","17.6","9","3","1","2","53","13.9","12","0.24","26","0.074","3","4.3","59","85.5","10","14.5","10","5","50.0","0","106.1","19.8","1.3","16.0","59.3","23.8","0.9","0.36","7.4","125.2","120.2","7.1","0.33","116.8"
"70","Dontayvion Wicks","GB","WR","15","2023","252","44.4","10.2","582","13.8","57","3.8","11.1","0.23","39","68.4","581","38.7","15.9","2.31","10.19","14.90","222","5.69","120","3.08","4","15.4","7","2","1","7","49","13.0","10","0.26","29","0.115","3","5.3","45","78.9","5","8.8","5","2","40.0","0","117.7","23.3","1.9","61.5","37.7","0.8","","0.48","8.1","120.8","106.1","7.1","0.42","105.6"
"71","Josh Palmer","LAC","WR","10","2023","307","73.6","12.2","720","26.0","59","5.9","16.2","0.19","38","64.4","581","58.1","21.8","1.89","9.85","15.29","204","5.37","50","1.32","2","11.8","8","5","0","13","49","19.6","2","0.05","22","0.072","3","5.1","45","76.3","5","8.5","12","7","58.3","0","101.0","21.1","1.5","60.9","38.8","","0.3","0.35","10.8","107.7","112.5","11.2","0.36","112.0"
"72","Marquise Brown","ARZ","WR","14","2023","424","81.2","12.7","1203","33.8","95","6.8","20.8","0.22","51","53.7","574","41.0","21.2","1.35","6.04","11.25","175","3.43","54","1.06","4","33.3","9","6","2","21","77","25.4","6","0.12","32","0.075","2","2.1","65","68.4","3","3.2","12","3","25.0","4","77.3","25.5","-2.4","78.5","21.2","","0.2","0.32","9.6","134.7","185.9","13.3","0.44","184.5"
"73","Noah Brown","HST","WR","10","2023","269","68.8","12.6","666","22.9","53","5.3","15.2","0.20","33","62.3","567","56.7","23.2","2.11","10.70","17.18","232","7.03","87","2.64","2","15.4","6","5","1","11","37","15.6","4","0.12","24","0.089","3","5.7","41","77.4","4","7.5","7","3","42.9","1","111.1","21.5","1.9","61.0","39.0","","","0.38","10.2","101.6","113.6","11.4","0.42","113.1"
"74","Odell Beckham","BLT","WR","14","2023","269","53.4","14.7","912","24.8","62","4.4","14.9","0.23","35","56.5","565","40.4","16.9","2.10","9.11","16.14","168","4.80","41","1.17","3","12.5","11","10","1","14","52","17.8","5","0.14","27","0.100","1","1.6","39","62.9","0","","3","3","100.0","2","96.5","27.3","0.0","89.6","10.4","","","0.40","7.8","108.5","137.6","9.8","0.51","137.6"
"75","Michael Wilson","ARZ","WR","13","2023","388","80.0","14.0","827","26.1","59","4.5","13.5","0.15","38","64.4","565","43.5","20.5","1.46","9.58","14.87","141","3.71","80","2.11","3","20.0","7","6","2","12","49","17.3","5","0.13","29","0.075","0","","43","72.9","0","","12","6","50.0","0","98.5","16.8","0.5","74.5","25.5","","","0.30","8.8","114.5","118.5","9.1","0.31","118.5"
"76","Demario Douglas","NE","WR","14","2023","312","59.4","8.3","650","19.3","78","5.6","16.6","0.25","49","62.8","561","40.1","20.0","1.80","7.19","11.45","342","6.98","83","1.69","0","0.0","4","3","0","13","65","19.1","15","0.31","26","0.083","1","1.3","56","71.8","18","23.1","9","3","33.3","3","63.0","27.7","-0.3","32.1","67.3","","0.6","0.35","7.7","108.2","141.9","10.1","0.44","138.2"
"77","Darren Waller","NYG","TE","12","2023","327","65.9","7.8","569","22.2","73","6.1","18.7","0.22","52","71.2","552","46.0","22.3","1.69","7.56","10.62","220","4.23","68","1.31","1","14.3","4","2","1","4","58","23.5","3","0.06","25","0.076","4","5.5","63","86.3","1","1.4","12","4","33.3","2","86.1","27.3","-0.1","24.2","53.2","22.3","0.3","0.35","9.4","113.2","124.7","10.4","0.38","124.7"
"78","Mark Andrews","BLT","TE","10","2023","258","72.9","7.8","469","18.7","60","6.0","20.8","0.23","45","75.0","544","54.4","23.5","2.11","9.07","12.09","234","5.20","114","2.53","6","46.2","14","6","3","2","49","23.1","10","0.22","27","0.105","5","8.3","52","86.7","5","8.3","7","3","42.9","1","135.7","27.4","1.5","9.3","79.1","11.6","","0.52","13.5","135.4","114.3","11.4","0.44","113.9"
"79","K.J. Osborn","MIN","WR","16","2023","512","76.4","9.1","675","14.6","74","4.6","12.4","0.14","48","64.9","540","33.8","12.2","1.05","7.30","11.25","185","3.85","52","1.08","3","10.3","11","6","2","5","54","12.7","2","0.04","28","0.055","6","8.1","62","83.8","9","12.2","9","2","22.2","2","83.2","15.6","-0.7","62.5","37.5","","","0.23","7.5","120.0","135.3","8.5","0.26","135.3"
"80","Chigoziem Okonkwo","TEN","TE","17","2023","360","62.2","7.1","527","11.9","74","4.4","15.0","0.21","54","73.0","528","31.1","15.0","1.47","7.14","9.78","278","5.15","112","2.07","1","7.1","6","4","1","10","55","15.5","8","0.15","25","0.069","6","8.1","63","85.1","10","13.5","8","4","50.0","0","91.5","21.1","-0.3","11.1","62.2","23.6","3.1","0.32","6.7","113.4","129.0","7.6","0.36","128.3"
"81","Wan'Dale Robinson","NYG","WR","15","2023","375","64.4","5.3","401","13.1","76","5.1","16.9","0.20","60","78.9","525","35.0","18.0","1.40","6.91","8.75","303","5.05","105","1.75","1","7.7","3","1","1","6","59","20.9","10","0.17","29","0.077","1","1.3","62","81.6","9","11.8","1","1","100.0","1","99.8","27.0","0.4","18.9","78.9","1.3","0.8","0.36","8.9","133.2","119.5","8.0","0.31","115.1"
"82","D.J. Chark","CAR","WR","15","2023","448","75.0","15.4","999","28.3","65","4.3","12.7","0.15","35","53.8","525","35.0","18.0","1.17","8.08","15.00","96","2.74","38","1.09","5","41.7","5","4","3","18","43","13.1","1","0.03","22","0.049","8","12.3","45","69.2","2","3.1","8","6","75.0","5","106.3","17.4","-1.3","75.2","24.8","","","0.26","7.8","116.5","134.4","9.0","0.30","134.4"
"83","Jahan Dotson","WAS","WR","17","2023","608","82.7","9.7","758","17.4","78","4.6","12.3","0.13","49","62.8","518","30.5","12.4","0.85","6.64","10.57","115","2.35","38","0.78","4","16.7","11","9","3","9","64","15.1","1","0.02","27","0.044","6","7.7","61","78.2","3","3.8","8","3","37.5","1","72.5","15.5","-1.3","57.2","42.8","","","0.21","7.3","124.8","144.5","8.5","0.24","144.5"
"84","Alec Pierce","IND","WR","17","2023","537","83.5","15.4","986","24.3","64","3.8","11.1","0.12","32","50.0","514","30.2","13.2","0.96","8.03","16.06","104","3.25","40","1.25","2","11.1","6","5","1","17","53","13.2","2","0.06","24","0.045","2","3.1","44","68.8","0","","15","8","53.3","2","81.1","12.9","-1.1","88.8","11.2","","","0.18","5.6","95.4","128.3","7.5","0.24","128.3"
"85","Logan Thomas","WAS","TE","16","2023","475","68.2","6.4","488","11.8","76","4.8","12.5","0.16","55","72.4","496","31.0","12.4","1.04","6.53","9.02","242","4.40","118","2.15","4","16.7","8","8","4","5","53","13.1","6","0.11","21","0.044","4","5.3","68","89.5","1","1.3","14","6","42.9","1","96.2","18.1","-0.5","27.6","58.3","14.1","","0.27","8.1","128.8","136.1","8.5","0.28","135.3"
"86","Tyler Higbee","LA","TE","15","2023","416","73.6","5.7","383","10.1","67","4.5","12.9","0.16","47","70.1","495","33.0","12.9","1.19","7.39","10.53","257","5.47","81","1.72","2","9.5","4","1","1","2","50","14.0","3","0.06","26","0.063","5","7.5","58","86.6","5","7.5","9","5","55.6","1","101.3","15.9","0.2","14.4","29.8","55.8","","0.26","7.2","108.5","105.6","7.0","0.25","105.6"
"87","Kalif Raymond","DET","WR","17","2023","220","34.2","8.7","374","9.4","43","2.5","7.1","0.20","35","81.4","489","28.8","10.6","2.22","11.37","13.97","216","6.17","41","1.17","1","3.3","3","0","0","6","32","7.7","5","0.14","20","0.091","1","2.3","37","86.0","9","20.9","1","0","0.0","0","121.8","21.7","3.6","51.4","47.7","","0.9","0.44","5.7","97.4","76.2","4.5","0.32","71.2"
"88","Tutu Atwell","LA","WR","16","2023","382","63.6","11.6","766","18.5","66","4.1","12.0","0.17","39","59.1","483","30.2","11.9","1.26","7.32","12.38","108","2.77","23","0.59","3","12.5","5","4","2","15","51","13.4","1","0.03","26","0.068","4","6.1","47","71.2","4","6.1","6","3","50.0","1","84.3","19.6","-0.8","57.3","42.7","","","0.29","7.0","112.4","136.0","8.5","0.35","132.4"
"89","Justin Watson","KC","WR","16","2023","312","46.4","18.2","962","26.4","53","3.3","8.9","0.17","27","50.9","460","28.8","11.6","1.47","8.68","17.04","51","1.89","20","0.74","3","12.5","6","7","3","21","34","9.0","0","","21","0.067","5","9.4","38","71.7","0","","12","6","50.0","3","76.0","17.9","-1.0","66.7","33.3","","","0.29","5.6","90.0","105.4","6.6","0.34","105.4"
"90","Cade Otton","TB","TE","17","2023","510","79.9","6.6","440","9.2","67","3.9","11.8","0.13","47","70.1","455","26.8","11.3","0.89","6.79","9.68","232","4.94","85","1.81","4","14.3","11","6","2","5","45","11.4","4","0.09","22","0.043","2","3.0","56","83.6","2","3.0","11","4","36.4","0","102.5","13.0","-0.4","19.2","48.2","31.8","0.8","0.23","6.9","117.5","123.0","7.2","0.24","123.0"
"91","Michael Thomas","NO","WR","10","2023","300","72.1","10.4","643","19.8","62","6.2","16.2","0.21","39","62.9","448","44.8","17.7","1.49","7.23","11.49","113","2.90","94","2.41","1","7.7","7","7","1","9","52","20.8","4","0.10","21","0.070","2","3.2","48","77.4","2","3.2","14","9","64.3","2","83.3","22.1","-0.9","69.0","31.0","","","0.30","9.0","89.8","116.1","11.6","0.39","116.1"
"92","Quentin Johnston","LAC","WR","17","2023","451","63.1","13.2","884","18.5","67","3.9","10.6","0.15","38","56.7","431","25.4","10.0","0.96","6.43","11.34","150","3.95","63","1.66","2","8.3","8","7","2","16","53","12.4","3","0.08","20","0.044","3","4.5","53","79.1","7","10.4","17","5","29.4","1","79.9","16.4","-2.4","88.2","11.5","0.2","","0.21","5.5","94.0","135.7","8.0","0.30","133.8"
"93","Robert Woods","HST","WR","14","2023","377","67.3","10.2","745","17.8","73","5.2","14.6","0.19","40","54.8","426","30.4","11.5","1.13","5.84","10.65","135","3.38","71","1.78","1","5.0","11","6","1","5","54","16.1","3","0.08","26","0.069","4","5.5","52","71.2","6","8.2","11","3","27.3","1","70.9","20.9","-2.4","41.9","55.4","0.3","2.4","0.24","6.4","89.3","127.0","9.1","0.34","126.5"
"94","Chris Moore","TEN","WR","17","2023","265","45.8","17.9","607","13.7","34","2.0","6.9","0.13","22","64.7","424","24.9","12.1","1.60","12.47","19.27","67","3.05","22","1.00","0","0.0","1","0","0","12","29","8.2","1","0.05","16","0.060","1","2.9","26","76.5","2","5.9","9","6","66.7","2","95.7","14.1","2.6","64.5","35.5","","","0.26","4.0","68.3","66.2","3.9","0.25","65.2"
"95","Christian Watson","GB","WR","9","2023","240","69.0","16.5","874","33.8","53","5.9","16.9","0.22","28","52.8","422","46.9","19.0","1.76","7.96","15.07","106","3.79","29","1.04","5","33.3","13","15","5","15","48","21.1","2","0.07","20","0.083","2","3.8","36","67.9","2","3.8","11","5","45.5","3","71.4","23.5","-1.5","66.7","31.3","2.1","","0.42","11.3","101.3","112.1","12.5","0.46","110.1"
"96","Hunter Henry","NE","TE","14","2023","321","61.6","8.9","544","16.5","61","4.4","13.0","0.19","42","68.9","419","29.9","14.8","1.31","6.87","9.98","86","2.05","48","1.14","6","42.9","6","6","5","2","45","13.5","1","0.02","29","0.090","3","4.9","50","82.0","0","","13","7","53.8","2","107.2","18.2","-1.2","8.1","52.3","39.6","","0.37","8.6","119.9","107.7","7.7","0.34","107.7"
"97","Michael Gallup","DAL","WR","17","2023","368","54.0","11.3","633","13.0","56","3.3","9.1","0.15","34","60.7","418","24.6","9.0","1.14","7.46","12.29","102","3.00","45","1.32","2","5.6","6","5","2","10","46","10.7","3","0.09","19","0.052","6","10.7","42","75.0","5","8.9","9","6","66.7","2","88.2","16.1","-0.9","90.5","9.5","","","0.24","5.2","87.8","106.2","6.2","0.29","106.2"
"98","Jonathan Mingo","CAR","WR","15","2023","517","83.3","10.7","890","23.6","83","5.5","15.5","0.16","43","51.8","418","27.9","14.2","0.81","5.04","9.72","162","3.77","71","1.65","0","0.0","3","2","0","14","74","22.2","9","0.21","15","0.029","4","4.8","55","66.3","10","12.0","9","4","44.4","1","56.2","20.2","-3.1","66.9","33.1","","","0.16","5.7","84.8","138.4","9.2","0.27","138.4"
"99","Darnell Mooney","CHI","WR","15","2023","423","76.1","10.7","610","18.6","57","3.8","12.3","0.13","31","54.4","414","27.6","13.8","0.98","7.26","13.35","189","6.10","58","1.87","1","5.6","7","6","1","13","50","17.5","6","0.19","20","0.047","3","5.3","39","68.4","9","15.8","4","1","25.0","1","61.6","16.0","-0.7","32.4","66.0","0.2","1.4","0.19","5.3","78.9","110.3","7.4","0.26","109.2"
"100","Noah Fant","SEA","TE","17","2023","299","46.9","7.5","315","7.4","42","2.5","7.3","0.14","32","76.2","414","24.4","9.9","1.38","9.86","12.94","179","5.59","83","2.59","0","0.0","2","1","0","3","26","7.2","5","0.16","16","0.054","2","4.8","34","81.0","0","","2","1","50.0","2","96.7","14.3","2.2","11.0","41.8","42.8","4.3","0.25","4.3","73.4","68.3","4.0","0.23","68.3"
"101","Isaiah Likely","BLT","TE","17","2023","253","41.6","6.6","259","6.3","39","2.3","7.9","0.15","30","76.9","411","24.2","10.6","1.62","10.54","13.70","217","7.23","89","2.97","5","18.5","7","1","1","2","26","7.6","8","0.27","15","0.059","4","10.3","34","87.2","3","7.7","3","3","100.0","1","149.7","17.7","3.0","6.3","54.5","39.1","","0.40","5.9","101.1","70.7","4.2","0.28","70.7"
"102","Gerald Everett","LAC","TE","15","2023","299","47.5","4.1","287","6.8","70","4.7","12.6","0.23","51","72.9","411","27.4","10.9","1.37","5.87","8.06","280","5.49","126","2.47","3","15.8","11","3","1","2","43","11.4","14","0.27","25","0.084","3","4.3","60","85.7","8","11.4","8","2","25.0","1","95.6","23.4","-0.9","13.7","39.1","44.1","3.0","0.37","7.4","111.1","119.6","8.0","0.40","118.1"
"103","Kendrick Bourne","NE","WR","8","2023","214","70.4","10.6","571","27.4","54","6.8","19.4","0.25","37","68.5","406","50.8","23.6","1.90","7.52","10.97","204","5.51","89","2.41","4","44.4","6","2","2","10","47","23.5","8","0.22","15","0.070","2","3.7","43","79.6","6","11.1","4","2","50.0","1","92.1","26.1","-0.4","71.0","29.0","","","0.47","12.6","101.0","100.1","12.5","0.47","99.7"
"104","DeVante Parker","NE","WR","13","2023","307","67.2","11.1","611","21.1","55","4.2","13.6","0.18","33","60.0","394","30.3","16.3","1.28","7.16","11.94","133","4.03","54","1.64","0","0.0","0","0","0","9","49","17.1","2","0.06","17","0.055","4","7.3","45","81.8","9","16.4","18","9","50.0","0","66.8","18.7","-1.3","85.3","14.7","","","0.24","5.6","72.4","97.0","7.5","0.32","97.0"
"105","Trey Palmer","TB","WR","17","2023","427","66.9","11.1","730","15.3","66","3.9","11.6","0.15","39","59.1","385","22.6","9.5","0.90","5.83","9.87","118","3.03","19","0.49","3","10.7","3","5","3","12","52","13.1","2","0.05","17","0.040","2","3.0","49","74.2","9","13.6","13","6","46.2","1","84.5","17.5","-2.5","42.9","56.9","","0.2","0.23","5.7","96.7","122.1","7.2","0.28","120.6"
"106","Nelson Agholor","BLT","WR","17","2023","317","52.1","9.8","441","10.7","45","2.6","9.1","0.14","35","77.8","381","22.4","9.8","1.20","8.47","10.89","148","4.23","69","1.97","4","14.8","7","5","3","5","31","9.1","4","0.11","19","0.060","2","4.4","40","88.9","5","11.1","7","4","57.1","0","122.3","17.4","0.5","25.9","71.9","2.2","","0.31","5.7","97.1","85.8","5.0","0.27","85.8"
"107","Marvin Mims","DEN","WR","16","2023","236","41.5","15.2","501","14.7","33","2.1","6.9","0.14","22","66.7","377","23.6","11.3","1.60","11.42","17.14","154","7.00","46","2.09","1","3.7","1","1","0","12","28","10.9","2","0.09","9","0.038","0","","26","78.8","10","30.3","6","2","33.3","1","102.7","17.1","2.7","71.2","28.4","","0.4","0.28","4.2","66.7","71.5","4.5","0.28","67.0"
"108","Jalin Hyatt","NYG","WR","17","2023","364","54.2","20.5","819","23.1","40","2.4","7.7","0.11","23","57.5","373","21.9","11.1","1.02","9.33","16.22","58","2.52","15","0.65","0","0.0","0","0","0","18","30","9.1","2","0.09","11","0.030","3","7.5","31","77.5","0","","7","3","42.9","3","68.0","15.2","-0.6","87.1","12.9","","","0.17","3.5","60.3","81.7","4.8","0.22","81.7"
"109","Demarcus Robinson","LA","WR","13","2023","194","38.6","13.2","513","15.2","39","3.0","8.5","0.20","26","66.7","371","28.5","10.9","1.91","9.51","14.27","88","3.38","36","1.38","4","19.0","9","8","4","8","32","10.1","2","0.08","20","0.103","0","","26","66.7","0","","4","4","100.0","1","120.8","20.6","0.6","76.8","23.2","","","0.46","6.8","88.4","80.3","6.2","0.41","79.7"
"110","Nick Westbrook-Ikhine","TEN","WR","14","2023","284","58.8","12.7","559","14.0","44","3.1","10.6","0.15","28","63.6","370","26.4","12.3","1.30","8.41","13.21","122","4.36","40","1.43","3","27.3","6","5","2","10","36","12.0","3","0.11","18","0.063","3","6.8","36","81.8","0","","8","3","37.5","0","112.9","16.1","0.1","47.5","52.5","","","0.30","6.1","85.0","87.3","6.2","0.31","87.3"
"111","Kylen Granson","IND","TE","15","2023","262","46.0","8.3","391","10.9","47","3.1","9.2","0.18","30","63.8","368","24.5","10.9","1.40","7.83","12.27","136","4.53","35","1.17","1","7.1","6","0","0","7","40","11.0","0","","19","0.073","5","10.6","35","74.5","3","6.4","5","4","80.0","2","95.0","18.0","-0.1","11.1","42.4","46.2","0.4","0.28","4.9","73.0","86.0","5.7","0.33","85.8"
"112","Juwan Johnson","NO","TE","13","2023","286","61.1","8.7","506","14.2","58","4.5","13.3","0.20","37","63.8","368","28.3","11.3","1.29","6.34","9.95","143","3.86","61","1.65","4","16.7","8","4","2","7","45","14.6","4","0.11","23","0.080","3","5.2","46","79.3","2","3.4","10","6","60.0","1","83.1","19.3","-1.3","15.7","60.1","23.8","0.3","0.34","7.5","97.8","104.6","8.0","0.37","104.6"
"113","Rashod Bateman","BLT","WR","16","2023","298","51.2","14.7","811","20.3","55","3.4","11.6","0.18","32","58.2","367","22.9","9.9","1.23","6.67","11.47","61","1.91","30","0.94","1","4.0","3","3","1","13","42","12.7","1","0.03","20","0.067","4","7.3","41","74.5","0","","6","2","33.3","1","61.7","21.3","-2.3","89.3","10.4","0.3","","0.26","4.8","76.5","100.1","6.3","0.33","99.6"
"114","Durham Smythe","MIA","TE","16","2023","329","57.5","6.5","272","6.7","42","2.6","8.0","0.13","35","83.3","366","22.9","8.4","1.11","8.71","10.46","146","4.17","43","1.23","0","0.0","4","1","0","0","32","8.1","1","0.03","22","0.067","0","","37","88.1","0","","6","4","66.7","0","103.0","10.2","1.5","16.4","52.0","29.8","1.8","0.22","4.5","71.6","70.3","4.4","0.21","70.3"
"115","Tucker Kraft","GB","TE","17","2023","257","40.5","5.0","198","4.1","40","2.4","6.9","0.16","31","77.5","355","20.9","8.4","1.38","8.88","11.45","238","7.68","97","3.13","2","6.3","8","0","0","3","27","6.4","4","0.13","18","0.070","2","5.0","34","85.0","5","12.5","2","1","50.0","0","120.3","13.6","2.3","11.7","26.8","61.5","","0.31","4.6","78.5","61.6","3.6","0.24","61.6"
"116","Jameson Williams","DET","WR","12","2023","223","47.1","15.4","633","22.5","41","3.4","9.3","0.18","24","58.5","354","29.5","10.9","1.59","8.63","14.75","105","4.38","51","2.13","2","9.1","4","1","1","11","35","11.3","5","0.21","14","0.063","4","9.8","31","75.6","6","14.6","5","5","100.0","2","92.9","19.4","-0.4","64.1","35.9","","","0.36","6.7","80.3","75.9","6.3","0.33","74.3"
"117","Rondale Moore","ARZ","WR","17","2023","447","71.0","6.2","379","9.3","61","3.6","11.0","0.14","40","65.6","352","20.7","10.3","0.79","5.77","8.80","213","5.33","50","1.25","1","5.6","5","2","0","8","41","11.3","8","0.20","17","0.038","5","8.2","50","82.0","13","21.3","6","1","16.7","0","86.2","15.9","-1.0","26.6","68.2","","5.1","0.23","6.2","105.0","124.8","7.3","0.25","111.0"
"118","Luke Musgrave","GB","TE","11","2023","249","59.9","7.2","331","10.3","46","4.2","12.3","0.18","34","73.9","352","32.0","13.2","1.41","7.65","10.35","177","5.21","51","1.50","1","5.6","6","1","0","7","38","13.7","2","0.06","14","0.056","2","4.3","39","84.8","7","15.2","4","1","25.0","0","102.8","18.0","0.5","9.2","46.2","44.6","","0.30","6.8","75.2","73.1","6.6","0.29","73.1"
"119","Tanner Hudson","CIN","TE","12","2023","210","42.9","5.3","258","10.0","49","4.1","11.4","0.23","39","79.6","352","29.3","11.1","1.68","7.18","9.03","151","3.87","75","1.92","1","5.9","3","0","0","0","39","12.6","3","0.08","21","0.100","0","","42","85.7","3","6.1","5","4","80.0","0","94.9","25.5","0.1","21.9","49.5","28.1","0.5","0.38","6.7","80.2","76.4","6.4","0.36","76.4"
"120","Tre Tucker","LV","WR","16","2023","215","37.3","19.1","650","16.4","34","2.1","6.4","0.16","19","55.9","331","20.7","9.5","1.54","9.74","17.42","23","1.21","8","0.42","2","11.1","4","4","2","14","27","7.3","0","","12","0.056","0","","24","70.6","2","5.9","3","1","33.3","1","84.3","18.1","-0.4","62.8","37.2","","","0.33","4.5","71.8","72.7","4.5","0.31","67.4"
"121","Brandon Powell","MIN","WR","17","2023","263","37.0","8.1","323","6.6","40","2.4","6.3","0.15","29","72.5","324","19.1","6.9","1.23","8.10","11.17","110","3.79","35","1.21","1","3.3","6","3","1","4","31","6.9","3","0.10","18","0.068","1","2.5","35","87.5","2","5.0","6","2","33.3","0","104.6","16.5","0.8","35.0","65.0","","","0.26","4.0","68.1","72.9","4.3","0.27","70.8"
"122","Zay Jones","JAX","WR","9","2023","274","68.7","13.5","851","28.2","63","7.0","17.7","0.23","34","54.0","321","35.7","12.7","1.17","5.10","9.44","66","1.94","22","0.65","2","14.3","10","6","2","14","57","21.2","0","","14","0.051","3","4.8","47","74.6","2","3.2","10","3","30.0","2","65.6","24.0","-3.5","72.6","27.4","","","0.29","8.7","78.1","122.6","13.6","0.45","122.6"
"123","Trenton Irwin","CIN","WR","16","2023","221","34.3","10.3","328","9.6","32","2.0","5.7","0.14","25","78.1","316","19.8","7.9","1.43","9.88","12.64","119","4.76","41","1.64","1","3.7","7","1","0","4","27","6.7","1","0.04","15","0.068","0","","26","81.3","1","3.1","2","1","50.0","0","105.2","14.4","2.2","66.1","33.0","0.9","","0.28","3.9","62.6","63.4","4.0","0.29","63.4"
"124","Marquez Valdes-Scantling","KC","WR","16","2023","404","59.2","18.0","738","19.4","41","2.6","6.8","0.10","21","51.2","315","19.7","7.4","0.78","7.68","15.00","93","4.43","19","0.90","1","3.6","4","3","0","16","27","7.1","1","0.05","14","0.035","5","12.2","28","68.3","2","4.9","5","3","60.0","2","74.7","11.2","-2.0","66.8","33.2","","","0.14","3.6","57.5","84.2","5.3","0.21","84.2"
"125","Allen Lazard","NYJ","WR","15","2023","404","64.6","12.8","639","18.3","50","3.3","9.3","0.12","23","46.0","311","20.7","10.2","0.77","6.22","13.52","60","2.61","27","1.17","1","10.0","4","2","1","7","39","11.3","1","0.04","17","0.042","5","10.0","39","78.0","0","","15","3","20.0","1","56.3","14.6","-2.5","79.0","20.8","0.2","","0.15","4.0","60.1","85.3","5.7","0.21","85.3"
"126","Pat Freiermuth","PIT","TE","12","2023","256","64.6","6.7","303","12.0","45","3.8","12.7","0.18","32","71.1","308","25.7","12.5","1.20","6.84","9.63","149","4.66","81","2.53","2","20.0","5","5","2","1","38","16.3","4","0.13","17","0.066","1","2.2","36","80.0","3","6.7","7","4","57.1","0","95.4","18.3","-0.7","7.8","48.4","43.8","","0.30","6.4","76.8","76.3","6.4","0.30","76.3"
"127","Noah Gray","KC","TE","17","2023","272","37.9","7.0","274","6.9","39","2.3","6.1","0.14","28","71.8","305","17.9","7.0","1.12","7.82","10.89","139","4.96","69","2.46","2","7.1","3","2","1","5","22","5.5","6","0.21","16","0.059","1","2.6","33","84.6","1","2.6","5","1","20.0","0","100.9","14.1","0.1","22.1","38.2","39.0","0.7","0.26","4.2","70.6","67.8","4.0","0.24","66.5"
"128","Michael Mayer","LV","TE","14","2023","240","48.2","6.2","231","6.8","37","2.6","8.1","0.15","27","73.0","304","21.7","9.9","1.27","8.22","11.26","164","6.07","72","2.67","2","12.5","6","1","1","1","28","9.1","5","0.19","19","0.079","1","2.7","33","89.2","0","","9","6","66.7","1","103.9","13.3","0.9","12.5","31.7","55.8","","0.30","5.1","71.4","58.1","4.1","0.24","58.1"
"129","Cedrick Wilson","MIA","WR","15","2023","224","41.9","11.6","429","12.1","37","2.5","7.5","0.17","22","59.5","296","19.7","7.4","1.32","8.00","13.45","66","3.00","27","1.23","3","11.5","5","5","3","6","28","7.7","2","0.09","14","0.063","0","","24","64.9","0","","8","6","75.0","1","100.7","16.0","-0.5","61.2","38.4","0.4","","0.31","4.6","69.6","77.8","5.2","0.35","77.8"
"130","Donald Parham","LAC","TE","14","2023","228","37.9","8.4","337","8.2","40","2.9","7.6","0.18","27","67.5","285","20.4","7.9","1.25","7.13","10.56","129","4.78","73","2.70","4","19.0","9","6","2","5","23","6.6","8","0.30","22","0.096","3","7.5","31","77.5","0","","6","4","66.7","0","121.4","16.9","-0.8","14.0","39.0","46.9","","0.35","5.7","79.5","82.9","5.9","0.36","82.9"
"131","Brandon Johnson","DEN","WR","13","2023","190","40.0","11.7","339","11.1","29","2.2","7.1","0.15","19","65.5","284","21.8","9.9","1.49","9.79","14.95","93","4.89","26","1.37","4","19.0","6","3","1","5","23","9.9","4","0.21","12","0.063","2","6.9","24","82.8","1","3.4","7","4","57.1","1","137.1","16.9","1.3","77.4","22.6","","","0.39","5.6","73.4","60.0","4.6","0.32","60.0"
"132","Greg Dortch","ARZ","WR","16","2023","223","37.9","9.4","368","9.7","39","2.4","7.5","0.17","24","61.5","280","17.5","8.7","1.26","7.18","11.67","154","6.42","67","2.79","2","12.5","2","2","1","4","24","7.2","8","0.33","14","0.063","0","","27","69.2","1","2.6","4","2","50.0","3","100.4","19.5","-0.5","71.7","28.3","","","0.29","4.0","64.5","72.5","4.5","0.32","72.1"
"133","Allen Robinson","PIT","WR","17","2023","363","64.1","7.7","368","10.1","48","2.8","9.5","0.13","34","70.8","280","16.5","8.2","0.77","5.83","8.24","73","2.15","32","0.94","0","0.0","4","3","0","2","35","10.3","1","0.03","9","0.025","0","","36","75.0","0","","6","4","66.7","1","76.7","14.2","-1.4","29.8","69.7","0.6","","0.17","3.6","62.0","83.3","4.9","0.23","83.3"
"134","Jalen Tolbert","DAL","WR","17","2023","248","36.4","13.9","485","9.9","35","2.1","5.7","0.14","22","62.9","268","15.8","5.8","1.08","7.66","12.18","34","1.55","21","0.95","2","5.6","4","5","2","8","25","5.8","2","0.09","13","0.052","1","2.9","27","77.1","1","2.9","5","2","40.0","0","93.5","15.2","-1.2","64.9","35.1","","","0.24","3.5","59.8","68.5","4.0","0.28","68.5"
"135","Jauan Jennings","SF","WR","13","2023","206","50.1","10.8","325","10.8","30","2.3","8.1","0.15","19","63.3","265","20.4","7.5","1.29","8.83","13.95","99","5.21","64","3.37","1","3.6","1","1","0","3","25","10.1","3","0.16","12","0.058","0","","23","76.7","1","3.3","6","2","33.3","0","88.9","15.5","0.5","39.3","60.7","","","0.25","4.0","51.5","51.0","3.9","0.25","51.0"
"136","JuJu Smith-Schuster","NE","WR","11","2023","216","51.9","7.4","339","11.8","46","4.2","12.3","0.21","29","63.0","260","23.6","11.9","1.20","5.65","8.97","97","3.34","34","1.17","1","9.1","3","1","1","3","32","12.0","0","","13","0.060","1","2.2","37","80.4","7","15.2","11","6","54.5","2","49.2","22.4","-1.6","56.0","43.5","0.5","","0.28","5.5","61.0","74.2","6.7","0.34","74.2"
"137","Hunter Renfrow","LV","WR","17","2023","250","41.3","5.1","190","4.6","37","2.2","6.6","0.15","25","67.6","255","15.0","7.0","1.02","6.89","10.20","157","6.28","59","2.36","0","0.0","5","0","0","2","28","7.3","6","0.24","11","0.044","3","8.1","31","83.8","8","21.6","4","0","0.0","0","87.1","16.4","0.3","8.8","91.2","","","0.20","2.9","49.5","59.9","3.5","0.24","59.9"
"138","Daniel Bellinger","NYG","TE","17","2023","249","37.1","4.4","124","3.5","28","1.6","5.4","0.11","25","89.3","255","15.0","7.6","1.02","9.11","10.20","140","5.60","68","2.72","0","0.0","1","0","0","0","10","3.0","3","0.12","6","0.024","0","","28","100.0","0","","4","1","25.0","0","104.6","11.2","2.4","12.4","28.1","56.2","3.2","0.20","3.0","50.5","39.2","2.3","0.16","39.2"
"139","Mack Hollins","ATL","WR","13","2023","147","29.3","11.7","352","10.4","30","2.3","6.8","0.20","18","60.0","251","19.3","7.7","1.71","8.37","13.94","56","3.11","21","1.17","0","0.0","2","2","0","6","24","7.4","0","","9","0.061","2","6.7","23","76.7","0","","4","3","75.0","1","86.9","23.1","0.0","74.1","24.5","1.4","","0.29","3.3","43.1","46.4","3.6","0.32","46.4"
"140","Mike Williams","LAC","WR","3","2023","94","70.1","12.2","318","31.8","26","8.7","21.3","0.28","19","73.1","249","83.0","25.2","2.65","9.58","13.11","110","5.79","43","2.26","1","14.3","2","2","0","7","22","25.3","4","0.21","9","0.096","0","","20","76.9","5","19.2","4","3","75.0","1","115.7","27.7","1.0","71.3","27.7","1.1","","0.53","16.7","50.2","43.4","14.5","0.46","42.9"
"141","Colby Parkinson","SEA","TE","17","2023","196","30.8","7.0","230","5.4","33","1.9","5.7","0.17","25","75.8","247","14.5","5.9","1.26","7.48","9.88","92","3.68","32","1.28","2","8.7","7","3","1","3","20","5.5","2","0.08","11","0.056","1","3.0","29","87.9","2","6.1","5","4","80.0","0","116.6","15.5","-0.1","16.3","35.7","35.2","12.8","0.31","3.6","61.7","64.5","3.8","0.33","64.5"
"142","A.T. Perry","NO","WR","10","2023","190","54.1","17.1","307","11.8","18","1.8","5.4","0.09","12","66.7","246","24.6","9.8","1.29","13.67","20.50","23","1.92","10","0.83","4","18.2","4","5","4","7","16","6.8","0","","10","0.053","1","5.6","14","77.8","0","","3","3","100.0","3","149.3","9.8","3.8","75.3","24.7","","","0.32","6.1","60.6","43.6","4.4","0.23","43.6"
"143","Skyy Moore","KC","WR","14","2023","260","44.0","9.4","338","9.7","36","2.6","6.8","0.14","21","58.3","244","17.4","6.5","0.94","6.78","11.62","112","5.33","35","1.67","1","3.8","6","2","0","5","29","8.7","4","0.19","13","0.050","2","5.6","27","75.0","2","5.6","4","0","0.0","0","65.0","14.4","-1.0","65.8","33.1","0.4","0.8","0.21","3.8","53.7","69.2","4.9","0.26","67.7"
"144","Mike Gesicki","NE","TE","17","2023","289","46.1","9.1","401","10.1","44","2.6","7.9","0.15","29","65.9","244","14.4","7.2","0.84","5.55","8.41","89","3.07","28","0.97","2","12.5","6","5","2","4","30","7.6","1","0.03","11","0.038","0","","34","77.3","0","","8","3","37.5","1","76.3","15.1","-2.3","19.0","72.0","9.0","","0.23","3.8","65.4","78.8","4.6","0.27","78.8"
"145","Braxton Berrios","MIA","WR","16","2023","279","48.8","7.3","240","5.9","33","2.1","6.3","0.12","27","81.8","238","14.9","5.4","0.85","7.21","8.81","84","3.11","26","0.96","1","3.6","2","2","1","1","22","5.6","3","0.11","15","0.054","0","","30","90.9","1","3.0","6","4","66.7","2","81.6","11.4","-0.2","38.0","61.6","","0.4","0.21","3.6","57.9","53.7","3.4","0.19","53.3"
"146","Austin Hooper","LV","TE","17","2023","245","40.4","3.9","122","2.9","31","1.8","5.6","0.13","25","80.6","234","13.8","6.4","0.96","7.55","9.36","147","5.88","53","2.12","0","0.0","3","0","0","0","20","5.2","2","0.08","12","0.049","1","3.2","28","90.3","1","3.2","5","2","40.0","0","98.1","11.4","1.1","10.6","29.8","59.6","","0.20","2.8","48.4","47.6","2.8","0.19","47.6"
"147","KhaDarel Hodge","ATL","WR","17","2023","162","26.9","14.2","326","7.9","23","1.4","4.3","0.14","14","60.9","232","13.6","6.1","1.43","10.09","16.57","85","6.07","55","3.93","0","0.0","0","1","0","6","21","5.5","5","0.36","13","0.080","1","4.3","17","73.9","0","","3","2","66.7","0","58.6","15.2","0.8","75.3","24.7","","","0.23","2.2","37.2","41.5","2.4","0.25","40.2"
"148","Alex Erickson","LAC","WR","8","2023","194","55.1","12.1","339","14.9","28","3.5","9.1","0.14","16","57.1","232","29.0","12.1","1.20","8.29","14.50","54","3.38","9","0.56","1","16.7","2","1","1","4","26","12.2","0","","12","0.062","1","3.6","19","67.9","0","","5","2","40.0","1","96.1","15.7","-0.6","51.0","49.0","","","0.23","5.7","45.2","47.0","5.9","0.24","47.0"
"149","Isaiah Hodgins","NYG","WR","17","2023","255","38.0","9.0","287","8.1","32","1.9","6.2","0.13","21","65.6","230","13.5","6.9","0.90","7.19","10.95","72","3.43","30","1.43","3","20.0","5","4","2","0","27","8.2","1","0.05","12","0.047","1","3.1","28","87.5","0","","7","2","28.6","0","118.0","15.1","-0.5","82.0","18.0","","","0.24","3.6","61.0","56.1","3.3","0.22","56.1"
"150","Xavier Gipson","NYJ","WR","17","2023","318","45.7","8.6","320","8.4","37","2.2","6.2","0.12","21","56.8","229","13.5","6.8","0.72","6.19","10.90","114","5.43","37","1.76","0","0.0","5","2","0","7","30","7.7","5","0.24","9","0.028","1","2.7","27","73.0","8","21.6","7","3","42.9","2","63.9","13.5","-1.4","38.4","60.7","","0.9","0.17","3.2","54.7","70.4","4.1","0.21","66.3"
"151","Jamal Agnew","JAX","WR","11","2023","140","31.1","11.6","232","8.2","20","1.8","5.2","0.14","14","70.0","225","20.5","8.4","1.61","11.25","16.07","79","5.64","13","0.93","1","9.1","1","0","0","2","19","6.4","0","","8","0.057","0","","15","75.0","2","10.0","2","1","50.0","0","103.1","15.7","2.7","51.4","48.6","","","0.30","3.8","41.3","41.7","3.8","0.28","39.6"
"152","Cedric Tillman","CLV","WR","14","2023","329","56.3","12.1","508","11.7","42","3.0","8.1","0.13","21","50.0","224","16.0","6.6","0.68","5.33","10.67","71","3.38","37","1.76","0","0.0","7","5","0","7","34","9.0","4","0.19","12","0.036","1","2.4","26","61.9","2","4.8","5","2","40.0","0","26.4","13.9","-3.3","58.7","39.8","1.5","","0.13","3.2","44.2","79.4","5.7","0.24","78.9"
"153","Treylon Burks","TEN","WR","11","2023","238","61.2","17.9","518","18.1","29","2.6","8.8","0.12","16","55.2","221","20.1","9.6","0.93","7.62","13.81","74","4.63","20","1.25","0","0.0","1","0","0","12","22","9.4","1","0.06","8","0.034","4","13.8","24","82.8","4","13.8","6","3","50.0","0","79.8","13.4","-2.0","71.8","28.2","","","0.17","3.6","39.9","67.8","6.2","0.27","65.2"
"154","Brevin Jordan","HST","TE","13","2023","127","25.6","5.6","106","2.9","19","1.5","4.3","0.15","17","89.5","219","16.8","6.5","1.72","11.53","12.88","132","7.76","30","1.76","2","9.5","2","1","1","0","15","5.0","1","0.06","13","0.102","1","5.3","18","94.7","1","5.3","0","0","0.0","0","149.8","14.7","4.4","12.6","28.3","57.5","1.6","0.40","3.9","50.9","33.3","2.6","0.26","33.3"
"155","Bo Melton","GB","WR","5","2023","69","40.1","12.0","275","19.9","23","4.6","13.9","0.33","16","69.6","218","43.6","15.8","3.16","9.48","13.63","38","2.38","14","0.88","1","8.3","3","2","1","3","18","15.1","0","","13","0.188","0","","17","73.9","2","8.7","4","3","75.0","0","114.0","32.9","0.8","63.8","31.9","1.4","2.9","0.67","9.2","45.9","43.6","8.7","0.61","42.2"
"156","Josh Oliver","MIN","TE","17","2023","126","17.7","2.4","63","1.3","26","1.5","4.1","0.21","22","84.6","213","12.5","4.5","1.69","8.19","9.68","167","7.59","49","2.23","2","6.7","5","3","2","1","18","4.0","4","0.18","12","0.095","1","3.8","23","88.5","1","3.8","1","1","100.0","0","126.4","15.4","1.9","6.3","7.9","85.7","","0.43","3.2","54.3","45.6","2.7","0.36","45.6"
"157","Van Jefferson","ATL, LA","WR","17","2023","358","55.4","16.6","698","15.0","42","2.5","7.3","0.12","20","47.6","209","12.3","5.1","0.58","4.98","10.45","29","1.45","17","0.85","0","0.0","1","3","0","11","32","7.9","0","","10","0.028","3","7.1","24","57.1","1","2.4","5","2","40.0","0","22.9","13.5","-4.4","60.1","39.9","","","0.12","2.4","41.3","74.6","4.4","0.21","74.2"
"158","Pharaoh Brown","NE","TE","17","2023","94","15.0","6.7","101","2.5","15","0.9","2.7","0.16","13","86.7","208","12.2","6.1","2.21","13.87","16.00","122","9.38","58","4.46","1","6.3","0","0","0","0","10","2.5","5","0.38","8","0.085","0","","13","86.7","0","","4","3","75.0","0","141.0","11.9","6.6","8.5","8.5","78.7","4.3","0.41","2.3","38.8","26.1","1.5","0.28","26.1"
"159","Will Mallory","IND","TE","12","2023","116","25.2","7.0","167","5.7","24","2.0","5.8","0.21","18","75.0","207","17.3","7.3","1.78","8.63","11.50","92","5.11","30","1.67","0","0.0","1","0","0","2","19","6.7","0","","11","0.095","0","","20","83.3","1","4.2","2","1","50.0","0","100.5","24.2","1.1","13.8","59.5","26.7","","0.33","3.2","38.7","34.3","2.9","0.30","34.3"
"160","Adam Trautman","DEN","TE","17","2023","301","49.8","8.4","293","8.1","35","2.1","6.8","0.12","22","62.9","204","12.0","5.7","0.68","5.83","9.27","109","4.95","35","1.59","3","10.7","13","6","2","3","23","8.1","4","0.18","10","0.033","1","2.9","26","74.3","0","","5","0","0.0","1","107.3","11.4","-1.7","16.6","36.9","46.5","","0.20","3.6","60.4","73.4","4.3","0.24","73.4"
"161","Taysom Hill","NO","TE","10","2023","155","36.5","6.4","186","5.8","29","2.9","7.4","0.19","23","79.3","200","20.0","8.1","1.29","6.90","8.70","83","3.61","41","1.78","1","9.1","4","2","0","3","22","8.6","2","0.09","6","0.039","1","3.4","27","93.1","2","6.9","6","2","33.3","1","106.9","19.5","-0.3","27.7","47.7","22.6","1.9","0.53","8.2","81.5","83.2","8.3","0.32","49.7"
"162","Jake Bobo","SEA","WR","17","2023","130","20.4","7.1","171","4.0","24","1.4","4.2","0.18","19","79.2","196","11.5","4.7","1.51","8.17","10.32","90","4.74","36","1.89","2","8.7","4","2","2","2","17","4.7","2","0.11","9","0.069","0","","20","83.3","3","12.5","5","4","80.0","1","111.1","19.2","1.0","69.2","30.0","","0.8","0.44","3.3","56.9","50.0","2.9","0.37","47.9"
"163","Tommy Tremble","CAR","TE","16","2023","230","35.5","7.0","202","5.5","29","1.8","5.2","0.13","23","79.3","194","12.1","6.3","0.84","6.69","8.43","97","4.22","43","1.87","3","23.1","4","2","2","1","21","6.1","7","0.30","10","0.043","0","","23","79.3","1","3.4","4","4","100.0","0","114.7","14.3","-0.5","16.1","37.4","46.5","","0.26","3.8","60.4","53.3","3.3","0.23","53.3"
"164","Foster Moreau","NO","TE","15","2023","144","25.2","4.8","120","2.8","25","1.7","4.7","0.17","21","84.0","193","12.9","5.0","1.34","7.72","9.19","99","4.71","35","1.67","1","3.7","4","1","0","0","13","3.6","1","0.05","9","0.063","1","4.0","24","96.0","1","4.0","3","1","33.3","0","112.2","13.9","0.9","22.2","28.5","47.9","1.4","0.32","3.1","46.3","44.5","3.0","0.31","44.5"
"165","Zach Ertz","ARZ","TE","7","2023","179","70.2","7.3","312","17.0","43","6.1","18.7","0.24","27","62.8","187","26.7","13.7","1.04","4.35","6.93","48","1.78","19","0.70","1","16.7","8","2","1","1","28","19.3","0","","8","0.045","6","14.0","35","81.4","2","4.7","7","4","57.1","0","60.9","26.4","-2.8","12.8","58.7","28.5","","0.29","7.4","51.7","77.6","11.1","0.43","77.6"
"166","Dawson Knox","BUF","TE","12","2023","207","46.7","7.1","248","7.2","35","2.9","8.9","0.17","22","62.9","186","15.5","6.3","0.90","5.31","8.45","97","4.41","32","1.45","2","10.0","8","3","1","2","19","8.1","1","0.05","13","0.063","1","2.9","28","80.0","2","5.7","4","0","0.0","0","71.8","15.6","-2.3","16.4","40.6","38.2","4.8","0.26","4.6","54.6","71.3","5.9","0.34","71.3"
"167","Hayden Hurst","CAR","TE","9","2023","205","51.3","8.3","248","12.0","30","3.3","8.6","0.15","18","60.0","184","20.4","9.5","0.90","6.13","10.22","73","4.06","25","1.39","1","10.0","4","2","0","2","23","11.0","1","0.06","7","0.034","2","6.7","21","70.0","0","","2","0","0.0","0","61.0","16.8","-1.3","17.6","45.4","37.1","","0.21","4.7","42.4","50.9","5.7","0.25","50.9"
"168","Kyle Philips","TEN","WR","9","2023","99","32.4","8.0","176","7.4","22","2.4","8.1","0.22","15","68.2","181","20.1","9.3","1.83","8.23","12.07","106","7.07","62","4.13","0","0.0","1","1","0","2","15","7.7","2","0.13","9","0.091","1","4.5","17","77.3","6","27.3","1","0","0.0","0","93.2","26.8","0.7","23.2","75.8","1.0","","0.32","3.6","32.1","40.7","4.5","0.41","40.7"
"169","Calvin Austin","PIT","WR","17","2023","214","37.8","11.9","345","9.5","29","1.7","5.7","0.14","17","58.6","180","10.6","5.3","0.84","6.21","10.59","75","4.41","20","1.18","1","7.7","0","0","0","7","25","7.4","5","0.29","7","0.033","0","","19","65.5","6","20.7","5","3","60.0","0","73.9","15.3","-2.2","61.2","38.8","","","0.25","3.1","52.7","57.2","3.4","0.24","51.5"
"170","Johnny Mundt","MIN","TE","17","2023","112","15.8","5.1","118","2.4","23","1.4","3.6","0.21","17","73.9","172","10.1","3.7","1.54","7.48","10.12","98","5.76","30","1.76","1","3.3","4","1","0","2","17","3.8","1","0.06","8","0.071","0","","21","91.3","1","4.3","4","1","25.0","0","91.2","22.3","0.5","11.6","25.0","63.4","","0.36","2.4","40.2","42.3","2.5","0.38","42.3"
"171","Will Dissly","SEA","TE","16","2023","130","21.7","3.5","69","1.8","20","1.3","3.7","0.15","17","85.0","172","10.8","4.4","1.32","8.60","10.12","123","7.24","53","3.12","1","4.5","2","0","0","0","13","3.8","6","0.35","8","0.062","1","5.0","18","90.0","2","10.0","2","2","100.0","0","119.2","13.4","2.2","4.6","21.5","65.4","8.5","0.31","2.5","40.2","29.6","1.8","0.23","29.6"
"172","Kadarius Toney","KC","WR","13","2023","143","25.9","2.8","102","3.1","37","2.8","7.4","0.26","27","73.0","169","13.0","4.9","1.18","4.57","6.26","142","5.26","52","1.93","1","4.2","4","0","0","0","29","9.3","9","0.33","12","0.084","5","13.5","33","89.2","12","32.4","2","1","50.0","0","68.4","29.1","-1.6","45.5","46.9","0.7","7.0","0.37","4.1","53.0","73.2","5.6","0.47","67.0"
"173","Dyami Brown","WAS","WR","17","2023","146","19.9","16.7","384","8.8","23","1.4","3.6","0.16","12","52.2","168","9.9","4.0","1.15","7.30","14.00","77","6.42","11","0.92","1","4.2","2","4","0","8","20","4.7","2","0.17","8","0.055","3","13.0","16","69.6","2","8.7","1","0","0.0","0","54.3","19.8","-2.1","62.3","37.7","","","0.24","2.1","35.0","53.1","3.1","0.36","52.4"
"174","Tyler Scott","CHI","WR","17","2023","230","37.2","12.3","381","10.3","31","1.8","6.0","0.13","17","54.8","168","9.9","4.9","0.73","5.42","9.88","68","4.00","18","1.06","0","0.0","5","3","0","5","21","6.5","3","0.18","10","0.043","2","6.5","24","77.4","1","3.2","5","2","40.0","1","56.9","15.0","-3.1","79.6","20.4","","","0.16","2.2","36.9","59.9","3.5","0.25","56.9"
"175","David Bell","CLV","WR","15","2023","125","20.2","6.7","141","3.1","21","1.4","3.8","0.17","14","66.7","167","11.1","4.7","1.34","7.95","11.93","75","5.36","17","1.21","3","14.3","1","1","1","2","19","4.7","0","","9","0.072","1","4.8","16","76.2","2","9.5","2","1","50.0","0","110.5","19.1","0.9","54.4","43.2","2.4","","0.39","3.2","48.7","29.9","2.0","0.24","29.9"
"176","Connor Heyward","PIT","TE","17","2023","187","33.0","5.1","175","4.8","34","2.0","6.7","0.18","23","67.6","167","9.8","4.9","0.89","4.91","7.26","103","4.48","38","1.65","0","0.0","3","1","0","2","23","6.8","2","0.09","8","0.043","3","8.8","29","85.3","1","2.9","4","2","50.0","1","66.7","19.3","-2.0","7.5","19.8","71.1","1.6","0.21","2.3","39.7","59.7","3.5","0.32","59.2"
"177","Olamide Zaccheaus","PHI","WR","17","2023","263","40.3","11.8","225","4.9","19","1.1","3.4","0.07","10","52.6","164","9.6","4.0","0.62","8.63","16.40","54","5.40","11","1.10","2","8.3","2","4","1","5","11","3.0","0","","7","0.027","1","5.3","12","63.2","2","10.5","3","1","33.3","1","117.0","7.5","0.3","33.1","66.9","","","0.15","2.3","38.4","38.4","2.3","0.15","38.4"
"178","Elijah Higgins","ARZ","TE","11","2023","82","19.8","7.0","126","5.2","18","1.6","5.0","0.22","14","77.8","163","14.8","7.4","1.99","9.06","11.64","71","5.07","24","1.71","1","8.3","2","1","1","0","14","5.9","0","","9","0.110","2","11.1","16","88.9","0","","0","0","0.0","0","122.9","24.3","1.5","11.0","50.0","37.8","1.2","0.44","3.3","36.3","29.0","2.6","0.35","29.0"
"179","Drew Sample","CIN","TE","17","2023","147","21.2","0.5","14","0.4","27","1.6","4.4","0.18","22","81.5","163","9.6","3.8","1.11","6.04","7.41","173","7.86","49","2.23","2","7.4","3","0","0","0","16","3.6","2","0.09","9","0.061","1","3.7","24","88.9","3","11.1","1","1","100.0","0","101.1","12.8","0.0","7.5","6.8","56.5","29.3","0.34","3.0","50.3","44.8","2.6","0.30","44.8"
"180","Lil'Jordan Humphrey","DEN","WR","17","2023","190","31.5","9.7","185","5.1","19","1.1","3.7","0.10","13","68.4","162","9.5","4.5","0.85","8.53","12.46","98","7.54","51","3.92","3","10.7","4","2","2","2","13","4.6","5","0.38","9","0.047","1","5.3","14","73.7","1","5.3","1","1","100.0","1","134.2","10.6","0.7","35.8","62.1","2.1","","0.25","2.8","47.2","32.6","1.9","0.17","32.6"
"181","Scott Miller","ATL","WR","17","2023","120","19.9","12.7","190","4.6","15","0.9","2.8","0.13","11","73.3","161","9.5","4.3","1.34","10.73","14.64","82","7.45","27","2.45","2","11.8","3","2","2","4","14","3.7","1","0.09","6","0.050","0","","11","73.3","3","20.0","2","2","100.0","0","147.5","14.3","2.3","51.7","48.3","","","0.33","2.3","39.1","29.7","1.7","0.25","29.7"
"182","Mo Alie-Cox","IND","TE","17","2023","122","19.0","10.6","234","5.8","22","1.3","3.8","0.18","13","59.1","161","9.5","4.1","1.32","7.32","12.38","82","6.31","33","2.54","3","16.7","4","2","1","3","18","4.5","3","0.23","9","0.074","2","9.1","16","72.7","2","9.1","5","3","60.0","1","102.5","14.3","-0.9","2.5","14.8","82.8","","0.40","2.9","49.1","42.9","2.5","0.35","42.9"
"183","Byron Pringle","WAS","WR","17","2023","97","13.2","13.2","277","6.4","21","1.2","3.3","0.22","14","66.7","161","9.5","3.9","1.66","7.67","11.50","33","2.36","8","0.57","0","0.0","0","0","0","3","10","2.4","2","0.14","7","0.072","0","","15","71.4","2","9.5","2","2","100.0","0","69.7","24.1","-1.3","56.7","42.3","1.0","","0.30","1.7","29.1","37.0","2.2","0.38","37.0"
"184","Jamison Crowder","WAS","WR","16","2023","83","11.9","5.2","104","2.5","20","1.3","3.3","0.24","16","80.0","159","9.9","4.0","1.92","7.95","9.94","84","5.25","25","1.56","1","4.2","1","2","1","2","17","4.2","3","0.19","8","0.096","1","5.0","17","85.0","4","20.0","1","1","100.0","1","116.5","26.7","1.5","9.6","89.2","","1.2","0.44","2.3","36.9","32.3","2.0","0.39","32.3"
"185","John Metchie","HST","WR","16","2023","156","25.6","8.5","256","5.3","30","1.9","5.5","0.19","16","53.3","158","9.9","3.6","1.01","5.27","9.88","85","5.31","26","1.63","0","0.0","4","3","0","3","24","6.4","5","0.31","7","0.045","2","6.7","23","76.7","3","10.0","4","0","0.0","0","68.5","20.8","-2.5","55.1","44.9","","","0.21","2.0","32.2","59.2","3.7","0.37","57.9"
"186","Stone Smartt","LAC","TE","16","2023","133","19.9","9.9","198","4.5","20","1.3","3.4","0.15","11","55.0","155","9.7","3.8","1.17","7.75","14.09","60","5.45","44","4.00","1","4.2","2","2","0","3","13","3.2","2","0.18","6","0.045","1","5.0","15","75.0","0","","4","0","0.0","1","96.9","14.8","-0.6","15.8","45.9","37.6","0.8","0.24","2.0","32.5","38.4","2.4","0.29","38.4"
"187","Luke Farrell","JAX","TE","17","2023","94","13.3","4.7","71","1.5","15","0.9","2.4","0.16","13","86.7","155","9.1","3.5","1.65","10.33","11.92","99","7.62","41","3.15","0","0.0","1","1","0","1","13","2.7","2","0.15","5","0.053","0","","13","86.7","1","6.7","2","0","0.0","0","109.7","10.9","3.4","2.1","22.3","75.5","","0.30","1.7","28.5","25.5","1.5","0.27","25.5"
"188","Donovan Peoples-Jones","DET, CLV","WR","15","2023","235","40.7","11.0","264","6.8","24","1.6","4.6","0.10","13","54.2","155","10.3","4.4","0.66","6.46","11.92","35","2.69","10","0.77","0","0.0","1","1","0","3","20","5.4","2","0.15","7","0.030","0","","13","54.2","1","4.2","2","2","100.0","0","39.4","11.7","-1.9","68.5","31.1","0.4","","0.12","1.9","28.5","43.0","2.9","0.18","43.0"
"189","Jeremy Ruckert","NYJ","TE","15","2023","123","19.7","6.4","135","3.9","21","1.4","3.9","0.17","16","76.2","151","10.1","5.0","1.23","7.19","9.44","50","3.13","18","1.13","0","0.0","1","0","0","1","17","4.9","1","0.06","6","0.049","1","4.8","18","85.7","1","4.8","2","1","50.0","1","95.5","15.8","-0.2","12.2","37.4","50.4","","0.25","2.1","31.1","31.6","2.1","0.26","31.6"
"190","John Bates","WAS","TE","17","2023","182","24.8","6.7","182","4.2","27","1.6","4.2","0.15","19","70.4","151","8.9","3.6","0.83","5.59","7.95","69","3.63","30","1.58","0","0.0","2","2","0","3","20","4.7","2","0.11","6","0.033","4","14.8","23","85.2","3","11.1","1","1","100.0","0","84.0","12.7","-1.9","14.8","31.9","52.2","1.1","0.19","2.0","34.1","48.0","2.8","0.26","48.0"
"191","Deonte Harty","BUF","WR","16","2023","106","17.8","9.7","194","4.5","20","1.3","3.8","0.19","15","75.0","150","9.4","3.8","1.42","7.50","10.00","83","5.53","24","1.60","1","3.7","3","0","0","4","13","4.1","5","0.33","9","0.085","0","","15","75.0","4","20.0","1","0","0.0","0","72.9","22.5","0.1","42.5","52.8","","4.7","0.33","2.2","35.0","38.5","2.4","0.34","36.0"
"192","Andrew Ogletree","IND","TE","12","2023","107","22.1","11.9","227","7.4","19","1.6","4.5","0.18","9","47.4","147","12.3","5.2","1.37","7.74","16.33","33","3.67","14","1.56","2","12.5","2","2","1","2","15","5.0","2","0.22","8","0.075","1","5.3","13","68.4","0","","4","1","25.0","0","108.9","15.8","-1.0","5.6","34.6","59.8","","0.33","3.0","35.7","38.7","3.2","0.36","38.7"
"193","Quez Watkins","PHI","WR","9","2023","182","51.1","11.1","234","9.8","21","2.3","6.9","0.12","15","71.4","142","15.8","6.9","0.78","6.76","9.47","50","3.33","12","0.80","1","11.1","3","2","1","3","19","9.4","1","0.07","8","0.044","0","","17","81.0","3","14.3","6","4","66.7","1","66.1","13.9","-1.4","35.2","64.8","","","0.19","3.9","35.2","31.5","3.5","0.17","31.5"
"194","Terrace Marshall","CAR","WR","9","2023","205","53.9","7.6","237","12.2","31","3.4","9.5","0.15","19","61.3","139","15.4","7.8","0.68","4.48","7.32","45","2.37","17","0.89","0","0.0","3","0","0","1","22","11.2","0","","8","0.039","1","3.2","23","74.2","5","16.1","4","2","50.0","0","58.4","18.2","-2.9","69.8","30.2","","","0.16","3.7","32.9","50.3","5.6","0.25","50.3"
"195","Jalen Reagor","NE","WR","10","2023","182","51.4","17.5","368","17.5","21","2.1","6.8","0.12","7","33.3","138","13.8","7.0","0.76","6.57","19.71","22","3.14","11","1.57","0","0.0","1","1","0","7","20","9.3","0","","5","0.027","1","4.8","13","61.9","0","","4","0","0.0","1","17.7","12.2","-2.8","87.4","12.6","","","0.12","2.3","22.5","36.6","3.7","0.20","36.2"
"196","Ray-Ray McCloud","SF","WR","12","2023","109","29.1","6.3","95","3.5","15","1.3","4.5","0.14","12","80.0","135","11.3","4.4","1.24","9.00","11.25","85","7.08","39","3.25","0","0.0","1","0","0","1","12","5.3","1","0.08","7","0.064","1","6.7","13","86.7","5","33.3","2","0","0.0","1","76.4","15.6","2.1","66.1","33.0","","0.9","0.26","2.4","28.5","23.8","2.0","0.21","22.5"
"197","Parker Washington","JAX","WR","9","2023","166","43.1","8.1","162","5.4","20","2.2","5.8","0.12","16","80.0","132","14.7","5.4","0.80","6.60","8.25","43","2.69","15","0.94","2","14.3","3","2","2","3","15","5.6","1","0.06","5","0.030","1","5.0","17","85.0","3","15.0","3","3","100.0","2","106.7","14.2","-1.0","25.3","74.7","","","0.24","4.5","40.2","37.9","4.2","0.23","37.9"
"198","Jordan Akins","CLV","TE","17","2023","103","14.8","5.7","119","2.3","21","1.2","3.4","0.20","15","71.4","132","7.8","3.3","1.28","6.29","8.80","55","3.67","14","0.93","0","0.0","0","0","0","2","20","4.5","2","0.13","6","0.058","1","4.8","18","85.7","1","4.8","5","4","80.0","0","87.8","21.0","-0.7","6.8","35.0","58.3","","0.27","1.7","28.2","30.3","1.8","0.29","30.3"
"199","Kavontae Turpin","DAL","WR","16","2023","76","12.0","9.3","168","3.8","18","1.1","3.2","0.24","12","66.7","127","7.9","3.0","1.67","7.06","10.58","38","3.17","10","0.83","3","9.4","6","3","3","4","12","3.1","3","0.25","9","0.118","3","16.7","16","88.9","3","16.7","1","0","0.0","0","126.6","24.3","-0.6","18.4","76.3","","5.3","0.79","3.7","59.7","50.3","3.1","0.57","43.4"
"200","Robbie Chosen","MIA","WR","9","2023","56","17.9","23.3","140","6.7","6","0.7","2.1","0.11","4","66.7","126","14.0","5.1","2.25","21.00","31.50","30","7.50","1","0.25","1","5.6","0","0","0","4","4","1.8","0","","3","0.054","0","","4","66.7","0","","0","0","0.0","0","109.7","10.5","9.7","76.8","23.2","","","0.40","2.5","22.6","10.4","1.2","0.19","10.4"
"201","Malik Heath","GB","WR","13","2023","110","23.1","9.3","224","6.1","24","1.8","5.4","0.22","15","62.5","125","9.6","3.7","1.14","5.21","8.33","35","2.33","14","0.93","1","3.6","5","5","1","2","17","5.4","2","0.13","6","0.055","2","8.3","20","83.3","1","4.2","9","4","44.4","1","89.8","21.8","-2.8","68.2","30.9","0.9","","0.30","2.6","33.5","41.3","3.2","0.38","41.3"
"202","Stephen Sullivan","CAR","TE","11","2023","119","28.7","11.0","264","10.3","24","2.2","6.9","0.20","12","50.0","125","11.4","6.4","1.05","5.21","10.42","7","0.58","1","0.08","0","0.0","0","1","0","2","21","9.2","0","","5","0.042","1","4.2","17","70.8","0","","5","1","20.0","1","65.5","25.5","-2.8","42.0","42.0","16.0","","0.21","2.2","24.5","43.7","4.0","0.37","43.7"
"203","Mecole Hardman","NYJ, KC","WR","10","2023","93","23.4","4.9","112","4.7","23","2.3","6.6","0.25","15","65.2","124","12.4","5.7","1.33","5.39","8.27","108","7.20","37","2.47","0","0.0","2","0","0","3","21","9.7","2","0.13","8","0.086","3","13.0","19","82.6","11","47.8","2","1","50.0","0","42.7","29.5","-1.3","40.9","57.0","","2.2","0.29","2.7","26.7","36.1","3.6","0.38","35.6"
"204","River Cracraft","MIA","WR","10","2023","63","18.2","9.1","109","4.4","12","1.2","3.7","0.19","9","75.0","121","12.1","4.3","1.92","10.08","13.44","53","5.89","17","1.89","1","5.6","4","3","1","0","11","4.6","0","","8","0.127","0","","11","91.7","1","8.3","1","0","0.0","0","134.4","17.1","2.5","74.6","23.8","","1.6","0.43","2.7","27.1","26.2","2.6","0.42","26.2"
"205","Cole Turner","WAS","TE","12","2023","79","14.9","7.5","112","3.6","15","1.3","3.3","0.19","11","73.3","120","10.0","4.1","1.52","8.00","10.91","53","4.82","29","2.64","0","0.0","4","2","0","0","10","3.4","2","0.18","4","0.051","0","","12","80.0","1","6.7","3","3","100.0","0","96.5","24.2","0.1","27.8","49.4","22.8","","0.29","1.9","23.0","27.2","2.3","0.34","27.2"
"206","Andrei Iosivas","CIN","WR","16","2023","134","20.5","8.9","223","6.3","25","1.6","4.3","0.19","15","60.0","116","7.3","2.8","0.87","4.64","7.73","39","2.60","8","0.53","4","16.0","5","3","3","3","15","3.6","0","","11","0.082","1","4.0","18","72.0","1","4.0","3","1","33.3","0","94.3","21.2","-3.2","83.6","16.4","","","0.38","3.2","50.6","45.4","2.8","0.34","45.4"
"207","Irv Smith","CIN","TE","12","2023","204","41.9","5.1","127","4.7","25","2.1","5.8","0.12","18","72.0","115","9.6","3.7","0.56","4.60","6.39","65","3.61","36","2.00","1","4.5","6","2","1","1","17","5.5","2","0.11","5","0.025","1","4.0","21","84.0","5","20.0","1","1","100.0","0","77.9","12.9","-2.3","21.1","30.4","47.1","1.5","0.17","2.9","34.5","44.2","3.7","0.22","44.2"
"208","Richie James","KC","WR","9","2023","89","23.5","8.8","123","6.1","14","1.6","4.2","0.16","10","71.4","114","12.7","5.0","1.28","8.14","11.40","64","6.40","16","1.60","0","0.0","1","0","0","2","13","6.1","3","0.30","5","0.056","0","","12","85.7","1","7.1","3","1","33.3","0","95.5","17.5","0.5","50.6","48.3","","1.1","0.23","2.3","20.4","21.3","2.4","0.24","21.3"
"209","Robert Tonyan","CHI","TE","17","2023","143","23.1","9.3","148","4.0","16","0.9","3.1","0.11","11","68.8","112","6.6","3.3","0.78","7.00","10.18","61","5.55","13","1.18","0","0.0","3","1","0","1","9","2.8","1","0.09","6","0.042","1","6.3","13","81.3","0","","1","0","0.0","0","88.5","12.8","-0.7","19.6","44.8","34.3","1.4","0.16","1.3","22.2","32.2","1.9","0.22","32.2"
"210","MyCole Pruitt","ATL","TE","17","2023","54","9.0","7.5","83","2.0","11","0.6","2.1","0.20","9","81.8","110","6.5","2.9","2.04","10.00","12.22","52","5.78","19","2.11","1","5.9","3","3","1","1","8","2.1","1","0.11","6","0.111","0","","9","81.8","0","","0","0","0.0","0","138.6","9.5","2.6","5.6","14.8","79.6","","0.48","1.5","26.0","24.8","1.5","0.46","24.8"
"211","Parris Campbell","NYG","WR","12","2023","136","28.9","3.1","83","3.5","27","2.3","7.7","0.20","20","74.1","104","8.7","4.8","0.76","3.85","5.20","66","3.30","20","1.00","0","0.0","4","0","0","0","22","9.3","1","0.05","2","0.015","1","3.7","22","81.5","5","18.5","3","2","66.7","0","49.0","24.1","-2.3","16.9","81.6","0.7","0.7","0.22","2.5","30.4","43.1","3.6","0.32","43.1"
"212","Lucas Krull","DEN","TE","7","2023","116","44.3","11.3","147","8.7","13","1.9","5.8","0.11","8","61.5","95","13.6","6.1","0.82","7.31","11.88","51","6.38","12","1.50","1","10.0","2","2","1","3","7","5.3","0","","5","0.043","0","","9","69.2","1","7.7","2","1","50.0","0","77.4","12.7","0.2","15.5","44.0","40.5","","0.20","3.4","23.5","24.5","3.5","0.21","24.5"
"213","Davis Allen","LA","TE","13","2023","70","15.5","2.0","22","0.7","11","0.8","2.6","0.16","10","90.9","95","7.3","3.0","1.36","8.64","9.50","75","7.50","27","2.70","1","4.8","2","0","0","0","9","3.1","1","0.10","7","0.100","1","9.1","11","100.0","2","18.2","0","0","0.0","0","133.0","14.3","2.3","11.4","15.7","72.9","","0.36","2.0","25.5","20.3","1.6","0.29","20.3"
"214","Josh Whyle","TEN","TE","11","2023","46","12.3","9.4","141","4.7","15","1.4","4.7","0.33","9","60.0","94","8.5","4.2","2.04","6.27","10.44","42","4.67","28","3.11","1","16.7","5","3","1","1","11","4.7","2","0.22","8","0.174","0","","10","66.7","1","6.7","1","1","100.0","0","72.6","22.1","-2.0","2.2","45.7","50.0","2.2","0.53","2.2","24.4","27.1","2.5","0.59","27.1"
"215","Geoff Swaim","ARZ","TE","14","2023","87","16.7","5.3","58","1.6","11","0.8","2.4","0.13","10","90.9","94","6.7","3.5","1.08","8.55","9.40","32","3.20","12","1.20","0","0.0","2","0","0","1","11","3.6","0","","4","0.046","1","9.1","11","100.0","1","9.1","1","1","100.0","0","102.3","10.3","1.6","2.3","10.3","87.4","","0.22","1.4","19.4","18.4","1.3","0.21","18.4"
"216","David Moore","TB","WR","7","2023","37","15.2","6.7","40","2.3","6","0.9","2.8","0.16","5","83.3","94","13.4","5.7","2.54","15.67","18.80","62","12.40","51","10.20","1","7.7","0","0","0","0","6","3.7","2","0.40","3","0.081","0","","5","83.3","0","","0","0","0.0","0","118.8","17.6","8.7","78.4","21.6","","","0.55","2.9","20.4","10.8","1.5","0.29","10.8"
"217","Brock Wright","DET","TE","14","2023","107","20.0","2.6","37","1.1","14","1.0","2.8","0.13","13","92.9","91","6.5","2.4","0.85","6.50","7.00","52","4.00","17","1.31","1","3.8","1","0","0","0","9","2.7","1","0.08","2","0.019","0","","13","92.9","0","","0","0","0.0","0","117.6","9.2","0.3","19.6","20.6","57.9","1.9","0.26","2.0","28.1","21.8","1.6","0.20","21.8"
"218","Tyquan Thornton","NE","WR","9","2023","127","39.7","10.0","230","13.0","23","2.6","8.1","0.18","13","56.5","91","10.1","4.9","0.72","3.96","7.00","48","3.69","13","1.00","0","0.0","0","0","0","4","20","9.9","0","","3","0.024","2","8.7","16","69.6","5","21.7","3","1","33.3","1","65.7","21.1","-3.9","76.4","23.6","","","0.21","3.0","27.2","37.6","4.2","0.29","36.4"
"219","Xavier Hutchinson","HST","WR","15","2023","152","25.5","11.3","214","4.7","19","1.3","3.6","0.13","8","42.1","90","6.0","2.2","0.59","4.74","11.25","21","2.63","8","1.00","0","0.0","1","0","0","5","15","4.2","1","0.13","3","0.020","0","","13","68.4","1","5.3","6","1","16.7","0","56.9","13.5","-3.5","62.5","36.8","","0.7","0.14","1.5","21.9","43.6","2.9","0.26","39.8"
"220","Jalen Guyton","LAC","WR","8","2023","162","49.2","12.3","271","13.1","22","2.8","7.4","0.14","10","45.5","89","11.1","4.8","0.55","4.05","8.90","34","3.40","16","1.60","1","12.5","4","2","0","5","15","7.5","2","0.20","6","0.037","1","4.5","17","77.3","1","4.5","6","1","16.7","0","53.0","14.2","-4.1","43.8","56.2","","","0.15","3.1","24.9","38.9","4.9","0.24","38.9"
"221","Charlie Kolar","BLT","TE","14","2023","53","11.0","9.3","84","2.6","9","0.6","2.3","0.17","7","77.8","87","6.2","2.7","1.64","9.67","12.43","23","3.29","7","1.00","1","4.0","2","1","1","1","6","2.3","0","","5","0.094","2","22.2","9","100.0","0","","1","1","100.0","0","144.0","17.3","1.6","3.8","34.0","60.4","1.9","0.41","1.6","21.7","15.7","1.1","0.29","15.4"
"222","Trent Sherfield","BUF","WR","17","2023","162","24.9","9.8","234","4.9","24","1.4","4.1","0.15","11","45.8","86","5.1","2.0","0.53","3.58","7.82","48","4.36","10","0.91","1","3.4","3","2","1","2","15","4.3","2","0.18","4","0.025","1","4.2","13","54.2","4","16.7","4","3","75.0","1","51.7","15.1","-4.7","60.5","38.9","","0.6","0.16","1.5","25.6","41.4","2.4","0.26","41.4"
"223","Lynn Bowden","NO","WR","15","2023","109","19.0","4.8","77","1.8","16","1.1","3.0","0.15","11","68.8","83","5.5","2.3","0.76","5.19","7.55","57","5.18","37","3.36","0","0.0","0","0","0","0","14","3.8","6","0.55","2","0.018","2","12.5","13","81.3","4","25.0","0","0","0.0","0","81.0","15.1","-1.7","56.0","41.3","2.8","","0.21","1.5","22.5","28.6","1.9","0.24","26.6"
"224","Tim Jones","JAX","WR","17","2023","149","21.1","8.2","148","3.1","18","1.1","2.9","0.12","11","61.1","83","4.9","1.9","0.56","4.61","7.55","31","2.82","17","1.55","0","0.0","0","0","0","1","15","3.1","1","0.09","4","0.027","1","5.6","14","77.8","1","5.6","5","3","60.0","0","72.2","12.0","-3.0","65.8","32.2","2.0","","0.13","1.1","19.3","27.1","1.6","0.18","27.1"
"225","Deven Thompkins","TB","WR","17","2023","126","19.7","6.5","162","3.4","25","1.5","4.4","0.20","17","68.0","83","4.9","2.1","0.66","3.32","4.88","74","4.35","30","1.76","1","3.6","4","3","1","4","17","4.3","4","0.24","5","0.040","1","4.0","18","72.0","8","32.0","3","2","66.7","0","69.3","22.3","-3.7","38.9","61.1","","","0.28","2.1","35.9","49.2","2.9","0.36","45.5"
"226","Isaiah McKenzie","IND","WR","13","2023","54","10.5","2.2","31","1.0","14","1.1","3.0","0.26","11","78.6","82","6.3","2.6","1.52","5.86","7.45","75","6.82","21","1.91","0","0.0","0","0","0","2","12","3.7","2","0.18","4","0.074","1","7.1","13","92.9","6","42.9","1","0","0.0","0","91.1","29.2","-0.2","20.4","74.1","","5.6","0.34","1.4","18.6","27.7","2.1","0.48","25.8"
"227","Harrison Bryant","CLV","TE","17","2023","132","18.9","6.4","128","2.5","20","1.2","3.2","0.15","13","65.0","81","4.8","2.0","0.61","4.05","6.23","34","2.62","17","1.31","3","12.5","5","3","2","1","13","2.9","1","0.08","4","0.030","3","15.0","17","85.0","0","","1","1","100.0","0","91.9","14.0","-3.1","9.1","25.8","55.3","9.8","0.29","2.3","38.9","41.1","2.4","0.29","38.8"
"228","Samori Toure","GB","WR","11","2023","76","18.9","17.9","322","9.7","18","1.6","4.9","0.24","8","44.4","78","7.1","3.1","1.03","4.33","9.75","18","2.25","5","0.63","0","0.0","2","3","0","7","11","4.0","0","","4","0.053","1","5.6","15","83.3","1","5.6","5","1","20.0","1","34.0","24.7","-5.5","55.3","42.1","2.6","","0.22","1.5","16.8","33.5","3.0","0.44","33.5"
"229","Brycen Hopkins","LA","TE","15","2023","37","6.5","8.3","58","1.5","7","0.5","1.4","0.19","5","71.4","78","5.2","2.1","2.11","11.14","15.60","34","6.80","14","2.80","0","0.0","1","0","0","1","5","1.4","1","0.20","3","0.081","0","","5","71.4","0","","0","0","0.0","0","108.0","18.9","3.6","16.2","21.6","59.5","2.7","0.35","0.9","12.8","11.6","0.8","0.31","11.6"
"230","Chase Claypool","CHI, MIA","WR","11","2023","98","23.6","12.1","241","8.8","20","1.8","5.6","0.20","8","40.0","77","7.0","3.2","0.79","3.85","9.63","25","3.13","11","1.38","1","7.7","2","3","1","5","15","5.7","2","0.25","4","0.041","2","10.0","13","65.0","3","15.0","4","1","25.0","1","28.5","23.5","-4.7","75.5","24.5","","","0.22","2.0","21.7","35.8","3.3","0.36","35.8"
"231","Julio Jones","PHI","WR","11","2023","132","32.5","10.2","194","7.0","19","1.7","5.4","0.14","11","57.9","74","6.7","2.9","0.56","3.89","6.73","28","2.55","10","0.91","3","17.6","4","3","2","2","16","6.5","0","","4","0.030","1","5.3","12","63.2","4","21.1","1","1","100.0","0","66.6","16.5","-4.1","43.9","56.1","","","0.28","3.3","36.4","35.5","3.2","0.27","35.5"
"232","Chris Conley","SF","WR","8","2023","46","16.8","15.2","76","4.0","5","0.6","2.0","0.11","3","60.0","69","8.6","3.0","1.50","13.80","23.00","29","9.67","2","0.67","0","0.0","1","1","0","1","3","1.8","0","","2","0.043","0","","5","100.0","0","","1","1","100.0","0","104.2","12.2","3.8","69.6","28.3","","2.2","0.22","1.2","9.9","10.0","1.2","0.22","10.0"
"233","Ronnie Bell","SF","WR","16","2023","62","12.1","12.0","156","4.2","13","0.8","2.8","0.21","6","46.2","68","4.3","1.6","1.10","5.23","11.33","20","3.33","2","0.33","3","9.4","4","3","3","2","12","3.9","0","","5","0.081","1","7.7","10","76.9","1","7.7","5","3","60.0","1","101.9","21.3","-3.6","75.8","24.2","","","0.50","1.9","30.8","26.7","1.7","0.43","26.7"
"234","Marquise Goodwin","CLV","WR","12","2023","71","14.7","29.8","388","11.0","13","1.1","3.0","0.18","4","30.8","67","5.6","2.2","0.94","5.15","16.75","22","5.50","13","3.25","0","0.0","0","1","0","10","11","3.6","1","0.25","1","0.014","1","7.7","8","61.5","1","7.7","3","0","0.0","0","9.6","20.6","-6.7","62.0","38.0","","","0.20","1.2","14.0","31.5","2.6","0.41","29.4"
"235","Ben Skowronek","LA","WR","17","2023","75","11.8","7.9","95","2.2","12","0.7","2.1","0.16","8","66.7","66","3.9","1.5","0.88","5.50","8.25","31","3.88","12","1.50","1","3.8","3","2","0","1","8","2.0","0","","3","0.040","0","","9","75.0","3","25.0","1","0","0.0","0","108.3","16.0","-2.5","54.7","44.0","1.3","","0.29","1.3","21.5","24.7","1.5","0.32","23.7"
"236","Derius Davis","LAC","WR","17","2023","70","9.8","-2.3","-39","-0.8","17","1.0","2.7","0.24","15","88.2","66","3.9","1.5","0.94","3.88","4.40","117","7.80","27","1.80","0","0.0","1","0","0","0","12","2.8","5","0.33","0","0.000","1","5.9","16","94.1","9","52.9","1","0","0.0","0","82.8","25.4","-1.0","24.3","70.0","","5.7","0.44","1.8","30.7","34.9","2.1","0.40","28.0"
"237","Luke Schoonmaker","DAL","TE","17","2023","94","13.8","6.1","91","1.9","15","0.9","2.4","0.16","8","53.3","65","3.8","1.4","0.69","4.33","8.13","29","3.63","14","1.75","2","5.6","5","2","1","1","12","2.8","2","0.25","5","0.053","4","26.7","12","80.0","0","","3","1","33.3","0","104.2","12.8","-3.0","9.6","22.3","68.1","","0.28","1.6","26.5","35.1","2.1","0.37","35.1"
"238","Josiah Deguara","GB","TE","15","2023","56","9.9","2.9","23","0.5","8","0.5","1.6","0.14","8","100.0","65","4.3","1.8","1.16","8.13","8.13","42","5.25","17","2.13","0","0.0","0","0","0","0","5","1.3","0","","3","0.054","0","","8","100.0","1","12.5","0","0","0.0","0","100.5","11.3","1.8","12.5","51.8","25.0","10.7","0.26","1.0","14.5","11.9","0.8","0.21","11.9"
"239","Charlie Jones","CIN","WR","11","2023","25","5.7","8.7","78","3.4","9","0.8","2.3","0.36","7","77.8","64","5.8","2.5","2.56","7.11","9.14","36","5.14","10","1.43","0","0.0","0","0","0","2","6","2.2","0","","3","0.120","0","","8","88.9","2","22.2","0","0","0.0","0","96.3","30.0","-0.4","32.0","68.0","","","0.59","1.3","14.7","16.1","1.5","0.61","15.3"
"240","Jalen Brooks","DAL","WR","7","2023","24","8.6","4.7","28","1.2","6","0.9","2.3","0.25","6","100.0","64","9.1","2.9","2.67","10.67","10.67","36","6.00","5","0.83","0","0.0","0","0","0","0","4","2.1","2","0.33","4","0.167","0","","6","100.0","1","16.7","2","2","100.0","0","111.1","23.1","3.9","87.5","12.5","","","0.52","1.8","12.4","12.6","1.8","0.53","12.6"
"241","Equanimeous St. Brown","CHI","WR","7","2023","101","41.1","8.5","51","3.4","6","0.9","2.9","0.06","5","83.3","62","8.9","3.9","0.61","10.33","12.40","8","1.60","3","0.60","0","0.0","0","0","0","0","4","3.1","0","","3","0.030","0","","5","83.3","0","","2","2","100.0","0","109.7","7.0","2.3","68.3","30.7","1.0","","0.11","1.6","11.2","11.1","1.6","0.11","11.1"
"242","Darnell Washington","PIT","TE","17","2023","121","21.4","1.4","14","0.4","10","0.6","2.0","0.08","7","70.0","61","3.6","1.8","0.50","6.10","8.71","52","7.43","24","3.43","0","0.0","2","1","0","0","7","2.1","0","","4","0.033","0","","7","70.0","0","","0","0","0.0","0","85.8","7.2","0.4","2.5","10.7","86.8","","0.11","0.8","13.1","17.1","1.0","0.14","17.1"
"243","Laviska Shenault","CAR","WR","8","2023","41","12.0","-2.7","-27","-1.5","10","1.3","3.3","0.24","10","100.0","60","7.5","3.6","1.46","6.00","6.00","87","8.70","22","2.20","0","0.0","0","0","0","0","8","4.5","2","0.20","2","0.049","0","","10","100.0","6","60.0","0","0","0.0","0","91.7","27.0","1.3","46.3","31.7","","22.0","0.52","2.7","21.5","23.6","3.0","0.40","16.5"
"244","Rakim Jarrett","TB","WR","10","2023","44","11.1","17.7","124","4.1","7","0.7","2.0","0.16","4","57.1","60","6.0","2.5","1.36","8.57","15.00","27","6.75","4","1.00","0","0.0","0","0","0","3","7","3.0","0","","1","0.023","0","","4","57.1","1","14.3","1","1","100.0","0","85.4","17.1","-0.6","68.2","31.8","","","0.23","1.0","10.0","11.5","1.2","0.25","11.1"
"245","Payne Durham","TB","TE","13","2023","42","8.5","9.6","67","1.8","7","0.5","1.6","0.17","5","71.4","58","4.5","1.8","1.38","8.29","11.60","17","3.40","4","0.80","0","0.0","1","0","0","2","3","1.0","0","","3","0.071","2","28.6","7","100.0","0","","2","1","50.0","1","96.1","13.7","0.3","16.7","45.2","38.1","","0.26","0.8","10.8","11.2","0.9","0.27","11.2"
"246","C.J. Uzomah","NYJ","TE","12","2023","90","18.4","8.9","116","4.1","13","1.1","3.1","0.14","8","61.5","58","4.8","2.4","0.64","4.46","7.25","32","4.00","21","2.63","1","14.3","4","3","1","1","9","3.4","2","0.25","5","0.056","1","7.7","10","76.9","1","7.7","1","1","100.0","0","97.6","12.5","-2.4","8.9","24.4","66.7","","0.22","1.7","19.8","28.0","2.3","0.31","28.0"
"247","Sterling Shepard","NYG","WR","14","2023","84","14.4","7.9","173","5.5","22","1.6","4.9","0.26","10","45.5","57","4.1","1.9","0.68","2.59","5.70","35","3.50","5","0.50","1","7.7","7","5","1","1","21","7.2","0","","4","0.048","3","13.6","18","81.8","3","13.6","4","0","0.0","0","48.7","36.1","-4.6","67.9","32.1","","","0.25","1.5","21.3","46.4","3.3","0.55","46.3"
"248","D.J. Montgomery","IND","WR","7","2023","57","21.6","12.9","103","6.0","8","1.1","3.4","0.14","3","37.5","56","8.0","3.5","0.98","7.00","18.67","28","9.33","4","1.33","1","14.3","2","1","0","1","4","2.4","0","","3","0.053","1","12.5","6","75.0","0","","3","1","33.3","0","102.1","16.0","-1.6","68.4","31.6","","","0.26","2.1","14.6","13.6","1.9","0.24","13.6"
"249","Ian Thomas","CAR","TE","12","2023","65","13.5","8.8","79","2.7","9","0.8","2.2","0.14","5","55.6","56","4.7","2.5","0.86","6.22","11.20","35","7.00","15","3.00","0","0.0","1","1","0","3","8","3.1","2","0.40","1","0.015","1","11.1","7","77.8","1","11.1","1","0","0.0","0","34.7","14.1","-2.3","10.8","12.3","75.4","1.5","0.16","0.9","10.6","14.1","1.2","0.22","14.1"
"250","Jason Brownlee","NYJ","WR","7","2023","167","57.2","7.3","58","4.1","8","1.1","3.1","0.05","5","62.5","56","8.0","4.3","0.34","7.00","11.20","23","4.60","10","2.00","1","20.0","2","0","0","0","7","4.1","0","","2","0.012","0","","5","62.5","0","","0","0","0.0","0","83.3","5.0","-0.2","82.0","17.4","0.6","","0.10","2.4","16.6","15.9","2.3","0.10","15.9"
"251","Mitchell Wilcox","CIN","TE","17","2023","61","8.8","1.0","12","0.3","12","0.7","2.0","0.20","9","75.0","56","3.3","1.3","0.92","4.67","6.22","49","5.44","14","1.56","0","0.0","2","0","0","0","9","2.1","0","","2","0.033","1","8.3","11","91.7","2","16.7","1","0","0.0","0","84.0","16.2","-1.2","14.8","9.8","73.8","1.6","0.24","0.9","14.6","19.7","1.2","0.32","19.7"
"252","Justyn Ross","KC","WR","10","2023","72","16.9","9.3","102","4.4","11","1.1","2.9","0.15","6","54.5","53","5.3","2.0","0.74","4.82","8.83","16","2.67","7","1.17","0","0.0","1","0","0","1","10","4.2","0","","2","0.028","1","9.1","9","81.8","0","","4","2","50.0","0","67.6","15.9","-3.2","83.3","16.7","","","0.16","1.1","11.3","20.2","2.0","0.28","20.2"
"253","Ihmir Smith-Marsette","CAR","WR","17","2023","53","7.8","0.8","8","0.2","10","0.6","1.7","0.19","8","80.0","51","3.0","1.6","0.96","5.10","6.38","50","6.25","20","2.50","0","0.0","0","0","0","0","8","2.2","1","0.13","5","0.094","1","10.0","9","90.0","4","40.0","0","0","0.0","0","87.9","23.8","-0.5","35.8","62.3","","1.9","0.50","1.6","26.5","18.8","1.1","0.28","14.7"
"254","Julian Hill","MIA","TE","15","2023","73","13.6","3.5","28","0.8","8","0.5","1.6","0.11","6","75.0","48","3.2","1.2","0.66","6.00","8.00","34","5.67","23","3.83","0","0.0","1","1","0","0","4","1.1","1","0.17","2","0.027","0","","7","87.5","0","","0","0","0.0","0","89.6","6.6","-0.3","15.1","43.8","41.1","","0.13","0.7","9.8","14.0","0.9","0.19","14.0"
"255","Mike Strachan","CAR","WR","4","2023","25","15.7","25.0","75","6.6","3","0.8","2.2","0.12","1","33.3","45","11.3","7.2","1.80","15.00","45.00","7","7.00","4","4.00","0","0.0","0","0","0","2","3","3.2","0","","1","0.040","0","","2","66.7","0","","1","0","0.0","0","81.9","13.6","4.0","80.0","20.0","","","0.22","1.4","5.5","5.7","1.4","0.23","5.7"
"256","Britain Covey","PHI","WR","16","2023","27","4.3","7.7","46","1.1","6","0.4","1.1","0.22","4","66.7","42","2.6","1.1","1.56","7.00","10.50","25","6.25","12","3.00","0","0.0","1","1","0","1","6","1.7","1","0.25","2","0.074","0","","4","66.7","2","33.3","0","0","0.0","0","86.8","20.7","-0.8","11.1","88.9","","","0.30","0.5","8.2","10.6","0.7","0.39","10.6"
"257","Ty Montgomery","NE","WR","12","2023","29","6.4","8.4","92","3.0","11","0.9","2.7","0.38","5","45.5","40","3.3","1.7","1.38","3.64","8.00","28","5.60","10","2.00","0","0.0","2","0","0","2","10","3.4","0","","3","0.103","3","27.3","8","72.7","2","18.2","3","2","66.7","0","17.2","40.7","-3.8","24.1","65.5","","10.3","0.34","0.8","9.9","18.6","1.5","0.59","17.2"
"258","Grant Calcaterra","PHI","TE","14","2023","40","7.3","1.5","6","0.2","4","0.3","0.8","0.10","4","100.0","39","2.8","1.1","0.98","9.75","9.75","33","8.25","15","3.75","0","0.0","1","0","0","0","2","0.6","1","0.25","3","0.075","0","","4","100.0","0","","0","0","0.0","0","107.3","10.5","3.8","20.0","47.5","32.5","","0.20","0.6","7.9","5.3","0.4","0.13","5.3"
"259","Jimmy Graham","NO","TE","13","2023","65","13.0","8.6","60","1.6","7","0.5","1.5","0.11","6","85.7","39","3.0","1.2","0.60","5.57","6.50","3","0.50","1","0.17","4","19.0","5","4","4","0","7","2.3","0","","6","0.092","0","","7","100.0","0","","1","1","100.0","0","129.5","10.8","-1.8","26.2","50.8","23.1","","0.52","2.6","33.9","18.9","1.5","0.29","18.9"
"260","Randall Cobb","NYJ","WR","11","2023","131","31.5","9.1","154","6.9","17","1.5","4.7","0.13","5","29.4","39","3.5","1.9","0.30","2.29","7.80","25","5.00","11","2.20","1","12.5","4","0","0","2","13","6.0","1","0.20","3","0.023","2","11.8","9","52.9","0","","3","1","33.3","0","19.6","14.9","-5.1","22.9","77.1","","","0.13","1.5","16.9","30.8","2.8","0.24","30.8"
"261","DeAndre Carter","LV","WR","17","2023","40","6.6","0.9","6","0.1","7","0.4","1.3","0.18","4","57.1","39","2.3","1.1","0.98","5.57","9.75","50","12.50","9","2.25","0","0.0","1","0","0","0","6","1.6","0","","0","0.000","1","14.3","5","71.4","5","71.4","0","0","0.0","0","72.9","16.7","-0.3","32.5","62.5","","5.0","0.24","0.6","9.7","17.4","1.0","0.41","16.2"
"262","Peyton Hendershot","DAL","TE","8","2023","57","18.2","4.8","29","1.5","6","0.8","2.1","0.11","4","66.7","38","4.8","1.9","0.67","6.33","9.50","29","7.25","11","2.75","0","0.0","2","0","0","0","3","1.5","1","0.25","1","0.018","2","33.3","6","100.0","0","","1","0","0.0","0","84.0","10.5","-0.5","7.0","56.1","36.8","","0.14","1.0","7.8","15.1","1.9","0.21","12.0"
"263","Elijah Cooks","JAX","WR","9","2023","48","12.8","8.3","33","1.3","4","0.4","1.2","0.08","3","75.0","38","4.2","1.8","0.79","9.50","12.67","8","2.67","2","0.67","0","0.0","1","0","0","1","3","1.2","0","","2","0.042","1","25.0","4","100.0","0","","0","0","0.0","0","104.2","9.5","1.8","85.4","14.6","","","0.14","0.8","6.8","6.6","0.7","0.14","6.6"
"264","Jack Stoll","PHI","TE","17","2023","107","16.4","2.7","19","0.4","7","0.4","1.2","0.07","5","71.4","38","2.2","0.9","0.36","5.43","7.60","27","5.40","15","3.00","0","0.0","2","0","0","0","4","1.1","1","0.20","2","0.019","0","","6","85.7","0","","1","0","0.0","0","84.2","5.9","-0.7","2.8","21.5","74.8","0.9","0.08","0.5","8.8","11.8","0.7","0.11","11.8"
"265","Keith Kirkwood","NO","WR","13","2023","57","11.2","11.2","101","2.7","9","0.7","1.9","0.16","5","55.6","37","2.8","1.2","0.65","4.11","7.40","1","0.20","2","0.40","1","5.9","3","3","1","1","8","2.5","0","","3","0.053","1","11.1","6","66.7","0","","1","1","100.0","0","102.5","13.6","-4.4","56.1","42.1","1.8","","0.26","1.1","14.7","19.9","1.5","0.35","19.9"
"266","Lawrence Cager","NYG","TE","9","2023","39","10.8","5.2","26","1.6","5","0.6","1.9","0.13","4","80.0","36","4.0","2.3","0.92","7.20","9.00","26","6.50","3","0.75","1","12.5","2","1","0","0","2","1.3","0","","2","0.051","0","","5","100.0","0","","1","0","0.0","0","136.3","13.9","0.2","10.3","48.7","38.5","2.6","0.35","1.5","13.6","9.4","1.0","0.24","9.4"
"267","Marvin Jones","DET","WR","6","2023","84","38.9","7.7","69","5.2","9","1.5","4.4","0.11","5","55.6","35","5.8","2.2","0.42","3.89","7.00","9","1.80","2","0.40","0","0.0","2","0","0","0","7","5.2","0","","2","0.024","1","11.1","7","77.8","1","11.1","0","0","0.0","1","64.6","10.6","-3.8","72.6","27.4","","","0.09","1.3","7.5","15.5","2.6","0.18","15.5"
"268","Brenton Strange","JAX","TE","14","2023","62","11.2","6.4","51","1.4","8","0.6","1.6","0.13","5","62.5","35","2.5","1.0","0.56","4.38","7.00","31","6.20","7","1.40","1","6.3","3","1","1","1","6","1.6","0","","2","0.032","0","","5","62.5","2","25.0","0","0","0.0","0","112.0","9.2","-2.5","19.4","38.7","37.1","4.8","0.23","1.0","14.5","13.9","1.0","0.22","13.9"
"269","Teagan Quitoriano","HST","TE","7","2023","24","9.1","4.0","12","0.6","3","0.4","1.3","0.13","2","66.7","33","4.7","1.8","1.38","11.00","16.50","21","10.50","12","6.00","0","0.0","0","0","0","0","1","0.6","1","0.50","2","0.083","0","","2","66.7","0","","0","0","0.0","0","103.5","7.1","4.6","12.5","12.5","75.0","","0.22","0.8","5.3","4.6","0.7","0.19","4.6"
"270","Keelan Doss","LAC","WR","5","2023","63","30.6","8.5","93","6.4","11","2.2","6.3","0.17","6","54.5","33","6.6","2.9","0.52","3.00","5.50","18","3.00","5","0.83","0","0.0","2","2","0","2","11","8.8","0","","1","0.016","1","9.1","9","81.8","0","","0","0","0.0","0","60.0","19.3","-4.3","44.4","55.6","","","0.15","1.9","9.3","24.4","4.9","0.39","24.4"
"271","Charlie Woerner","SF","TE","17","2023","76","13.9","4.0","12","0.3","3","0.2","0.6","0.04","3","100.0","32","1.9","0.7","0.42","10.67","10.67","20","6.67","6","2.00","0","0.0","1","0","0","0","1","0.3","0","","1","0.013","0","","3","100.0","0","","0","0","0.0","0","111.1","3.3","4.0","10.5","13.2","76.3","","0.08","0.4","6.2","4.4","0.3","0.06","4.4"
"272","Jalen Nailor","MIN","WR","5","2023","51","24.5","9.3","56","4.4","6","1.2","3.4","0.12","3","50.0","29","5.8","2.5","0.57","4.83","9.67","20","6.67","5","1.67","0","0.0","0","0","0","1","5","4.0","2","0.67","1","0.020","1","16.7","4","66.7","1","16.7","1","0","0.0","0","63.9","14.6","-3.3","68.6","31.4","","","0.12","1.2","5.9","9.1","1.8","0.18","9.1"
"273","Marcedes Lewis","CHI","TE","17","2023","32","5.2","3.0","15","0.4","5","0.3","1.0","0.16","4","80.0","29","1.7","0.8","0.91","5.80","7.25","29","7.25","10","2.50","1","5.3","2","1","1","0","3","0.9","1","0.25","2","0.063","0","","4","80.0","2","40.0","0","0","0.0","0","130.4","7.2","-0.8","","","100.0","","0.40","0.8","12.9","9.1","0.5","0.29","9.1"
"274","Austin Trammell","LA","WR","15","2023","32","5.7","4.7","28","0.8","6","0.4","1.2","0.19","4","66.7","29","1.9","0.8","0.91","4.83","7.25","35","8.75","2","0.50","0","0.0","0","0","0","1","5","1.4","0","","2","0.063","0","","5","83.3","1","16.7","1","0","0.0","0","38.2","19.4","-1.9","40.6","59.4","","","0.18","0.4","5.9","9.4","0.6","0.29","9.4"
"275","Kenny Yeboah","NYJ","TE","5","2023","29","14.0","4.3","17","1.7","4","0.8","2.1","0.14","2","50.0","28","5.6","2.8","0.97","7.00","14.00","21","10.50","4","2.00","0","0.0","0","0","0","0","3","2.4","0","","1","0.034","0","","3","75.0","0","","1","0","0.0","0","72.9","12.1","0.6","6.9","13.8","79.3","","0.17","1.0","4.8","5.5","1.1","0.19","5.5"
"276","James Mitchell","DET","TE","14","2023","43","8.5","7.5","15","0.5","2","0.1","0.4","0.05","2","100.0","28","2.0","0.8","0.65","14.00","14.00","13","6.50","3","1.50","0","0.0","0","0","0","0","1","0.3","0","","1","0.023","0","","2","100.0","0","","0","0","0.0","0","118.8","3.7","6.0","20.9","9.3","69.8","","0.11","0.3","4.8","2.9","0.2","0.07","2.9"
"277","Quintin Morris","BUF","TE","14","2023","45","8.7","10.7","32","0.9","3","0.2","0.7","0.07","2","66.7","26","1.9","0.8","0.58","8.67","13.00","6","3.00","2","1.00","1","4.3","2","2","1","0","2","0.7","0","","1","0.022","0","","3","100.0","0","","1","1","100.0","0","133.3","6.0","0.1","20.0","44.4","31.1","4.4","0.24","0.8","10.6","8.4","0.6","0.19","8.4"
"278","Blake Bell","KC","TE","17","2023","56","7.8","3.6","32","0.8","9","0.5","1.4","0.16","5","55.6","26","1.5","0.6","0.46","2.89","5.20","19","3.80","5","1.00","1","3.6","1","1","1","0","3","0.7","0","","1","0.018","0","","8","88.9","0","","2","0","0.0","0","58.3","12.0","-3.5","5.4","17.9","75.0","1.8","0.23","0.7","12.6","15.1","0.9","0.27","15.1"
"279","Greg Dulcich","DEN","TE","2","2023","16","24.2","6.7","20","7.6","3","1.5","5.4","0.19","3","100.0","25","12.5","9.2","1.56","8.33","8.33","5","1.67","1","0.33","0","0.0","0","0","0","0","1","3.3","0","","2","0.125","0","","3","100.0","0","","0","0","0.0","0","101.4","20.0","1.0","6.3","56.3","37.5","","0.34","2.8","5.5","4.1","2.0","0.25","4.1"
"280","Steven Sims","HST","WR","3","2023","5","3.9","-1.0","-3","-0.3","3","1.0","2.7","0.60","3","100.0","25","8.3","2.9","5.00","8.33","8.33","28","9.33","6","2.00","0","0.0","0","0","0","0","3","4.4","1","0.33","1","0.200","0","","3","100.0","3","100.0","0","0","0.0","0","101.4","60.0","2.4","100.0","","","","1.12","1.9","5.6","5.1","1.7","0.88","4.4"
"281","Nate Adkins","DEN","TE","10","2023","22","6.3","-1.0","-5","-0.2","5","0.5","1.7","0.23","4","80.0","22","2.2","1.0","1.00","4.40","5.50","25","6.25","9","2.25","0","0.0","0","0","0","0","2","1.2","1","0.25","1","0.045","0","","4","80.0","0","","0","0","0.0","1","85.0","22.7","-1.3","22.7","18.2","45.5","13.6","0.28","0.6","6.2","7.3","0.7","0.33","7.3"
"282","Nick Muse","MIN","TE","1","2023","1","2.0","13.0","13","3.3","1","1.0","2.3","1.00","1","100.0","22","22.0","5.6","22.00","22.00","22.00","9","9.00","6","6.00","0","0.0","0","0","0","0","1","2.8","0","","1","1.000","0","","1","100.0","0","","0","0","0.0","0","118.8","100.0","12.0","","","100.0","","3.20","3.2","3.2","1.7","1.7","1.74","1.7"
"283","Ben Sims","GB","TE","15","2023","46","8.5","5.8","29","0.7","5","0.3","1.0","0.11","4","80.0","21","1.4","0.6","0.46","4.20","5.25","18","4.50","13","3.25","1","3.4","2","1","1","1","3","0.8","1","0.25","3","0.065","0","","4","80.0","0","","0","0","0.0","0","123.8","7.9","-3.5","8.7","","91.3","","0.26","0.8","12.1","10.2","0.7","0.22","10.2"
"284","Trevon Wesco","TEN","TE","15","2023","40","7.8","6.5","13","0.3","2","0.1","0.5","0.05","1","50.0","21","1.4","0.7","0.53","10.50","21.00","12","12.00","3","3.00","0","0.0","0","0","0","0","0","0.0","0","","1","0.025","1","50.0","2","100.0","0","","0","0","0.0","0","87.5","1.7","3.8","2.5","10.0","87.5","","0.08","0.2","3.1","2.9","0.2","0.07","2.9"
"285","Velus Jones","CHI","WR","14","2023","51","10.1","13.0","91","2.9","7","0.5","1.7","0.14","4","57.1","20","1.4","0.7","0.39","2.86","5.00","14","3.50","8","2.00","0","0.0","0","1","0","2","7","2.6","0","","1","0.020","1","14.3","6","85.7","2","28.6","1","1","100.0","0","62.2","20.0","-5.2","68.6","29.4","","2.0","0.22","0.8","11.1","18.1","1.3","0.28","14.4"
"286","Zach Pascal","ARZ","WR","14","2023","78","14.8","11.4","159","4.7","14","1.0","3.0","0.18","4","28.6","19","1.4","0.7","0.24","1.36","4.75","13","3.25","6","1.50","0","0.0","2","2","0","4","8","2.6","1","0.25","1","0.013","1","7.1","6","42.9","0","","3","1","33.3","0","0.0","18.4","-6.8","85.9","14.1","","","0.08","0.4","5.9","26.6","1.9","0.34","26.6"
"287","Kayshon Boutte","NE","WR","5","2023","74","36.3","18.9","132","11.3","7","1.4","3.9","0.09","2","28.6","19","3.8","1.9","0.26","2.71","9.50","11","5.50","4","2.00","0","0.0","2","1","0","3","7","5.0","0","","1","0.014","0","","4","57.1","1","14.3","2","1","50.0","0","39.6","10.1","-7.7","87.8","12.2","","","0.05","0.8","3.9","16.0","3.2","0.22","16.0"
"288","Devin Duvernay","BLT","WR","13","2023","60","12.7","9.1","82","2.5","9","0.7","2.3","0.15","4","44.4","18","1.4","0.6","0.30","2.00","4.50","17","4.25","5","1.25","0","0.0","1","0","0","3","8","3.0","0","","0","0.000","0","","7","77.8","4","44.4","3","0","0.0","0","51.6","18.4","-6.0","46.7","53.3","","","0.12","0.6","7.3","16.9","1.3","0.25","15.3"
"289","Miles Boykin","PIT","WR","16","2023","31","5.8","5.0","20","0.6","4","0.3","0.8","0.13","3","75.0","17","1.1","0.5","0.55","4.25","5.67","2","0.67","2","0.67","0","0.0","0","0","0","0","4","1.2","0","","0","0.000","0","","4","100.0","0","","1","0","0.0","0","82.3","13.8","-2.2","83.9","12.9","3.2","","0.15","0.3","4.7","5.6","0.3","0.18","5.6"
"290","Chris Manhertz","DEN","TE","16","2023","52","9.2","6.3","19","0.6","3","0.2","0.6","0.06","2","66.7","16","1.0","0.5","0.31","5.33","8.00","11","5.50","6","3.00","0","0.0","1","1","0","0","2","0.8","0","","1","0.019","0","","3","100.0","0","","0","0","0.0","0","79.9","3.1","-2.3","7.7","15.4","75.0","1.9","0.07","0.2","3.6","5.3","0.3","0.10","5.3"
"291","Laquon Treadwell","BLT","WR","4","2023","37","27.4","11.7","35","3.6","3","0.8","2.8","0.08","1","33.3","16","4.0","1.8","0.43","5.33","16.00","0","","","","0","0.0","0","0","0","0","2","2.6","0","","1","0.027","1","33.3","2","66.7","0","","1","1","100.0","0","52.1","11.5","-3.3","83.8","16.2","","","0.07","0.7","2.6","5.3","1.3","0.14","5.3"
"292","Willie Snead","SF","WR","4","2023","23","16.2","6.0","18","1.9","3","0.8","2.4","0.13","2","66.7","14","3.5","1.1","0.61","4.67","7.00","3","1.50","3","1.50","0","0.0","1","0","0","0","3","3.5","0","","0","0.000","0","","2","66.7","0","","0","0","0.0","0","77.1","20.0","-2.1","47.8","52.2","","","0.15","0.9","3.4","4.9","1.2","0.21","4.9"
"293","Malik Taylor","NYJ","WR","3","2023","38","25.9","22.0","88","9.4","4","1.3","3.2","0.11","2","50.0","13","4.3","1.7","0.34","3.25","6.50","10","5.00","","","0","0.0","0","0","0","2","4","4.6","0","","0","0.000","0","","2","50.0","1","25.0","0","0","0.0","0","57.3","12.5","-6.4","52.6","47.4","","","0.09","1.1","3.3","10.9","3.6","0.29","10.9"
"294","Eric Saubert","HST","TE","8","2023","25","7.9","1.7","5","0.2","3","0.4","1.1","0.12","3","100.0","12","1.5","0.5","0.48","4.00","4.00","7","2.33","2","0.67","0","0.0","0","0","0","0","1","0.5","0","","1","0.040","0","","3","100.0","0","","0","0","0.0","0","83.3","8.8","-2.2","4.0","","96.0","","0.17","0.5","4.2","4.4","0.5","0.18","4.4"
"295","Ross Dwelley","SF","TE","12","2023","15","3.8","14.0","42","1.6","3","0.3","0.8","0.20","1","33.3","12","1.0","0.4","0.80","4.00","12.00","12","12.00","5","5.00","0","0.0","1","0","0","2","3","1.3","0","","1","0.067","0","","1","33.3","1","33.3","0","0","0.0","0","46.5","15.0","-5.2","20.0","33.3","46.7","","0.15","0.2","2.2","4.6","0.4","0.31","4.6"
"296","John FitzPatrick","ATL","TE","6","2023","5","2.2","2.0","2","0.1","1","0.2","0.5","0.20","1","100.0","12","2.0","0.9","2.40","12.00","12.00","10","10.00","3","3.00","0","0.0","0","0","0","0","0","0.0","0","","1","0.200","0","","1","100.0","0","","0","0","0.0","0","116.7","25.0","5.6","","60.0","40.0","","0.44","0.4","2.2","1.4","0.2","0.28","1.4"
"297","Collin Johnson","CHI","WR","3","2023","13","13.7","7.0","7","1.0","1","0.3","1.3","0.08","1","100.0","11","3.7","1.9","0.85","11.00","11.00","4","4.00","","","0","0.0","0","0","0","0","1","2.0","0","","1","0.077","0","","1","100.0","0","","0","0","0.0","0","112.5","12.5","3.9","69.2","30.8","","","0.16","0.7","2.1","1.8","0.6","0.14","1.8"
"298","Tylan Wallace","BLT","WR","9","2023","25","7.5","10.5","21","0.9","2","0.2","0.7","0.08","1","50.0","11","1.2","0.5","0.44","5.50","11.00","2","2.00","1","1.00","0","0.0","0","0","0","0","1","0.6","0","","1","0.040","0","","1","50.0","0","","0","0","0.0","0","66.7","10.0","-2.7","68.0","28.0","4.0","","0.08","0.2","2.1","2.8","0.3","0.11","2.8"
"299","Cody Thompson","SEA","WR","6","2023","8","3.7","6.0","6","0.4","1","0.2","0.5","0.13","1","100.0","10","1.7","0.7","1.25","10.00","10.00","4","4.00","1","1.00","0","0.0","0","0","0","0","1","1.0","0","","0","0.000","0","","1","100.0","0","","0","0","0.0","0","108.3","14.3","3.1","87.5","12.5","","","0.25","0.3","2.0","1.4","0.2","0.18","1.4"
"300","Simi Fehoko","LAC","WR","5","2023","7","3.6","9.0","18","1.4","2","0.4","1.2","0.29","1","50.0","9","1.8","0.8","1.29","4.50","9.00","7","7.00","","","1","10.0","1","0","0","0","0","0.0","0","","1","0.143","1","50.0","2","100.0","0","","0","0","0.0","0","102.1","20.0","-3.2","57.1","42.9","","","1.13","1.6","7.9","4.2","0.8","0.60","4.2"
"301","Tucker Fisk","ATL","TE","6","2023","9","4.5","3.0","3","0.2","1","0.2","0.5","0.11","1","100.0","9","1.5","0.6","1.00","9.00","9.00","6","6.00","2","2.00","0","0.0","0","0","0","0","0","0.0","0","","1","0.111","0","","1","100.0","0","","0","0","0.0","0","104.2","5.3","2.7","","","11.1","88.9","0.21","0.3","1.9","1.4","0.2","0.15","1.4"
"302","Trishton Jackson","MIN","WR","6","2023","50","19.2","3.8","15","1.0","4","0.7","1.7","0.08","2","50.0","9","1.5","0.5","0.18","2.25","4.50","8","4.00","2","1.00","0","0.0","2","0","0","0","2","1.3","0","","0","0.000","0","","3","75.0","0","","1","0","0.0","0","56.3","9.5","-4.1","66.0","34.0","","","0.10","0.8","4.9","8.4","1.4","0.17","8.4"
"303","Tyler Johnson","LA","WR","1","2023","11","36.7","8.0","24","15.4","3","3.0","12.5","0.27","2","66.7","8","8.0","4.9","0.73","2.67","4.00","1","0.50","1","0.50","1","50.0","1","1","1","0","3","15.0","0","","1","0.091","0","","2","66.7","0","","1","1","100.0","1","109.7","30.0","-5.2","81.8","18.2","","","0.80","8.8","8.8","9.3","9.3","0.85","9.3"
"304","Mason Kinsey","TEN","WR","6","2023","5","2.6","-2.0","-2","-0.1","1","0.2","0.6","0.20","1","100.0","6","1.0","0.6","1.20","6.00","6.00","8","8.00","2","2.00","0","0.0","0","0","0","0","1","0.9","0","","0","0.000","0","","1","100.0","1","100.0","0","0","0.0","0","91.7","20.0","0.5","40.0","60.0","","","0.32","0.3","1.6","1.4","0.2","0.29","1.4"
"305","Cole Fotheringham","LV","TE","2","2023","5","6.9","0.0","0","0.0","1","0.5","1.5","0.20","1","100.0","6","3.0","1.7","1.20","6.00","6.00","6","6.00","4","4.00","0","0.0","0","0","0","0","1","1.8","1","1.00","0","0.000","0","","1","100.0","0","","0","0","0.0","0","91.7","16.7","0.7","","20.0","80.0","","0.32","0.8","1.6","1.3","0.7","0.26","1.3"
"306","Kevin Rader","TEN","TE","14","2023","24","5.0","8.3","25","0.7","3","0.2","0.7","0.13","1","33.3","6","0.4","0.2","0.25","2.00","6.00","3","3.00","","","0","0.0","1","0","0","0","1","0.3","0","","0","0.000","1","33.3","2","66.7","0","","0","0","0.0","0","42.4","7.1","-6.5","","12.5","79.2","8.3","0.07","0.1","1.6","4.5","0.3","0.19","4.5"
"307","Jesper Horsted","LV","TE","5","2023","6","3.3","1.0","1","0.1","1","0.2","0.6","0.17","1","100.0","4","0.8","0.3","0.67","4.00","4.00","3","3.00","1","1.00","0","0.0","0","0","0","0","0","0.0","0","","0","0.000","0","","1","100.0","0","","0","0","0.0","0","83.3","14.3","-1.8","16.7","50.0","33.3","","0.23","0.3","1.4","1.4","0.3","0.24","1.4"
"308","Colton Dowell","TEN","WR","9","2023","12","4.1","22.0","44","2.0","2","0.2","0.8","0.17","1","50.0","3","0.3","0.2","0.25","1.50","3.00","0","","","","0","0.0","0","0","0","1","1","0.6","0","","0","0.000","0","","1","50.0","0","","0","0","0.0","0","16.7","14.3","-8.7","91.7","8.3","","","0.11","0.1","1.3","3.3","0.4","0.28","3.3"
"309","Nick Vannett","LAC","TE","8","2023","22","6.5","3.0","3","0.1","1","0.1","0.3","0.05","1","100.0","3","0.4","0.2","0.14","3.00","3.00","0","","","","0","0.0","0","0","0","0","0","0.0","0","","1","0.045","0","","1","100.0","0","","0","0","0.0","0","79.2","2.9","-3.3","4.5","22.7","72.7","","0.06","0.2","1.3","1.4","0.2","0.06","1.4"
"310","Kwamie Lassiter","CIN","WR","1","2023","3","5.9","-2.0","-2","-0.6","1","1.0","2.2","0.33","1","100.0","2","2.0","0.6","0.67","2.00","2.00","4","4.00","1","1.00","0","0.0","0","0","0","0","1","3.2","0","","0","0.000","0","","1","100.0","1","100.0","0","0","0.0","0","79.2","50.0","-3.5","100.0","","","","0.40","1.2","1.2","1.5","1.5","0.50","1.5"
"311","Giovanni Ricci","CAR","TE","3","2023","5","4.2","0.0","0","0.0","1","0.3","1.0","0.20","1","100.0","2","0.7","0.4","0.40","2.00","2.00","2","2.00","","","0","0.0","0","0","0","0","0","0.0","0","","0","0.000","0","","1","100.0","0","","0","0","0.0","0","79.2","25.0","-3.3","","60.0","","40.0","0.24","0.4","1.2","1.4","0.5","0.28","1.4"
"312","Antoine Green","DET","WR","9","2023","45","13.2","6.5","13","0.6","2","0.2","0.6","0.04","1","50.0","2","0.2","0.1","0.04","1.00","2.00","0","","","","0","0.0","1","0","0","0","2","0.9","0","","0","0.000","0","","1","50.0","0","","0","0","0.0","0","56.3","4.5","-5.8","66.7","33.3","","","0.03","0.1","1.2","2.9","0.3","0.07","2.9"
"313","Ko Kieft","TB","TE","16","2023","36","6.0","12.5","50","1.1","4","0.3","0.7","0.11","1","25.0","2","0.1","0.1","0.06","0.50","2.00","2","2.00","1","1.00","1","3.8","2","0","0","1","3","0.8","0","","1","0.028","0","","2","50.0","0","","0","0","0.0","0","79.2","6.6","-8.6","16.7","11.1","58.3","13.9","0.20","0.5","7.2","8.7","0.5","0.24","8.7"
"314","David Wells","TB","TE","5","2023","8","4.5","0.0","0","0.0","2","0.4","1.3","0.25","2","100.0","-10","-2.0","-0.8","-1.25","-5.00","-5.00","-10","-5.00","-10","-5.00","0","0.0","0","0","0","0","1","1.0","1","0.50","1","0.125","0","","2","100.0","0","","0","0","0.0","0","79.2","18.2","-10.3","25.0","","75.0","","0.13","0.2","1.0","3.2","0.6","0.40","3.2"
"315","Tre'Quan Smith","DEN","WR","1","2023","1","3.3","0.0","0","0.0","0","0.0","0.0","","0","","0","0.0","0.0","","0.00","","0","","","","0","0.0","0","0","0","0","0","0.0","0","","0","0.000","0","","0","","0","","0","0","0.0","0","0.0","","","100.0","","","","0.00","","0.0","0.0","0.0","0.00","0.0"
"316","Shedrick Jackson","CIN","WR","2","2023","2","2.3","31.0","31","5.4","1","0.5","1.4","0.50","0","","0","0.0","0.0","","0.00","","0","","","","0","0.0","0","0","0","1","1","1.8","0","","0","0.000","0","","0","","0","","0","0","0.0","0","39.6","33.3","-12.6","50.0","50.0","","","0.00","","0.0","2.1","1.0","1.05","2.1"
"317","Josh Pederson","JAX","TE","2","2023","3","2.9","0.0","0","0.0","0","0.0","0.0","","0","","0","0.0","0.0","","0.00","","0","","","","0","0.0","0","0","0","0","0","0.0","0","","0","0.000","0","","0","","0","","0","0","0.0","0","0.0","","","33.3","","66.7","","0.00","","0.0","0.0","0.0","0.00","0.0"
"318","Brady Russell","SEA","TE","9","2023","2","0.6","0.0","0","0.0","0","0.0","0.0","","0","","0","0.0","0.0","","0.00","","0","","","","0","0.0","0","0","0","0","0","0.0","0","","0","0.000","0","","0","","0","","0","0","0.0","0","0.0","","","","","100.0","","0.00","","0.0","0.0","0.0","0.00","0.0"
"319","Michael Bandy","DEN","WR","1","2023","2","5.6","0.0","0","0.0","0","0.0","0.0","","0","","0","0.0","0.0","","0.00","","0","","","","0","0.0","0","0","0","0","0","0.0","0","","0","0.000","0","","0","","0","","0","0","0.0","0","0.0","","","50.0","50.0","","","0.00","","0.0","0.0","0.0","0.00","0.0"
"320","Tre' McKitty","LAC","TE","6","2023","8","3.2","0.0","0","0.0","0","0.0","0.0","","0","","0","0.0","0.0","","0.00","","0","","","","0","0.0","0","0","0","0","0","0.0","0","","0","0.000","0","","0","","0","","0","0","0.0","0","0.0","","","","12.5","87.5","","0.00","","0.0","0.0","0.0","0.00","0.0"
"321","Hunter Long","LA","TE","3","2023","17","14.9","0.0","0","0.0","0","0.0","0.0","","0","","0","0.0","0.0","","0.00","","0","","","","0","0.0","0","0","0","0","0","0.0","0","","0","0.000","0","","0","","0","","0","0","0.0","0","0.0","","","","29.4","70.6","","0.00","","0.0","0.0","0.0","0.00","0.0"
"322","Trent Taylor","CHI","WR","16","2023","53","9.0","1.0","2","0.1","2","0.1","0.4","0.04","0","","0","0.0","0.0","","0.00","","0","","","","0","0.0","0","0","0","0","2","0.7","0","","0","0.000","0","","1","50.0","1","50.0","1","0","0.0","0","39.6","4.5","-5.7","37.7","60.4","","1.9","-0.02","-0.1","-1.2","4.8","0.3","0.08","4.4"
"323","Damiere Byrd","ATL","WR","1","2023","10","23.8","20.0","40","12.2","2","2.0","5.3","0.20","0","","0","0.0","0.0","","0.00","","0","","","","0","0.0","0","0","0","1","2","6.9","0","","0","0.000","0","","0","","0","","0","0","0.0","0","0.0","16.7","-11.6","90.0","10.0","","","0.00","","0.0","3.4","3.4","0.34","3.4"
"324","James Proche","CLV","WR","10","2023","32","7.6","23.3","70","2.2","3","0.3","0.8","0.09","0","","0","0.0","0.0","","0.00","","0","","","","0","0.0","0","1","0","2","2","0.7","0","","0","0.000","0","","1","33.3","0","","1","0","0.0","0","39.6","12.5","-9.7","62.5","31.3","3.1","3.1","-0.03","-0.1","-1.0","5.9","0.6","0.19","5.9"
"325","Ryan Miller","TB","WR","1","2023","2","6.7","0.0","0","0.0","0","0.0","0.0","","0","","0","0.0","0.0","","0.00","","0","","","","0","0.0","0","0","0","0","0","0.0","0","","0","0.000","0","","0","","0","","0","0","0.0","0","0.0","","","50.0","50.0","","","0.00","","0.0","0.0","0.0","0.00","0.0"
"326","Stephen Anderson","LAC","TE","3","2023","1","0.8","0.0","0","0.0","0","0.0","0.0","","0","","0","0.0","0.0","","0.00","","0","","","","0","0.0","0","0","0","0","0","0.0","0","","0","0.000","0","","0","","0","","0","0","0.0","0","0.0","","","","100.0","","","0.00","","0.0","0.0","0.0","0.00","0.0"
"327","Noah Togiai","PHI","TE","1","2023","2","5.3","0.0","0","0.0","0","0.0","0.0","","0","","0","0.0","0.0","","0.00","","0","","","","0","0.0","0","0","0","0","0","0.0","0","","0","0.000","0","","0","","0","","0","0","0.0","0","0.0","","","","","100.0","","0.00","","0.0","0.0","0.0","0.00","0.0"
"328","Marquez Callaway","NO","WR","3","2023","12","13.6","0.0","0","0.0","0","0.0","0.0","","0","","0","0.0","0.0","","0.00","","0","","","","0","0.0","0","0","0","0","0","0.0","0","","0","0.000","0","","0","","0","","0","0","0.0","0","0.0","","","75.0","25.0","","","0.00","","0.0","0.0","0.0","0.00","0.0"
"329","Tyler Kroft","MIA","TE","6","2023","7","3.0","0.0","0","0.0","0","0.0","0.0","","0","","0","0.0","0.0","","0.00","","0","","","","0","0.0","0","0","0","0","0","0.0","0","","0","0.000","0","","0","","0","","0","0","0.0","0","0.0","","","14.3","42.9","42.9","","0.00","","0.0","0.0","0.0","0.00","0.0"
"330","Mitchell Tinsley","WAS","WR","1","2023","2","4.4","0.0","0","0.0","0","0.0","0.0","","0","","0","0.0","0.0","","0.00","","0","","","","0","0.0","0","0","0","0","0","0.0","0","","0","0.000","0","","0","","0","","0","0","0.0","0","0.0","","","","100.0","","","0.00","","0.0","0.0","0.0","0.00","0.0"
"331","Kirk Merritt","NO","WR","1","2023","2","5.3","0.0","0","0.0","0","0.0","0.0","","0","","0","0.0","0.0","","0.00","","0","","","","0","0.0","0","0","0","0","0","0.0","0","","0","0.000","0","","0","","0","","0","0","0.0","0","0.0","","","50.0","50.0","","","0.00","","0.0","0.0","0.0","0.00","0.0"
"332","Stanley Morgan","CIN","WR","2","2023","2","2.2","0.0","0","0.0","0","0.0","0.0","","0","","0","0.0","0.0","","0.00","","0","","","","0","0.0","0","0","0","0","0","0.0","0","","0","0.000","0","","0","","0","","0","0","0.0","0","0.0","","","50.0","50.0","","","0.00","","0.0","0.0","0.0","0.00","0.0"
"333","Tyree Jackson","NYG","TE","2","2023","4","5.5","0.0","0","0.0","0","0.0","0.0","","0","","0","0.0","0.0","","0.00","","0","","","","0","0.0","0","0","0","0","0","0.0","0","","0","0.000","0","","0","","0","","0","0","0.0","0","0.0","","","","50.0","50.0","","0.00","","0.0","0.0","0.0","0.00","0.0"
"334","Erik Ezukanma","MIA","WR","2","2023","11","14.1","6.0","6","0.8","1","0.5","1.3","0.09","0","","0","0.0","0.0","","0.00","","0","","","","0","0.0","0","0","0","0","1","1.7","0","","0","0.000","0","","0","","0","","0","0","0.0","0","39.6","9.1","-6.9","45.5","45.5","","9.1","0.20","1.1","2.2","8.1","4.1","0.37","4.0"
"335","Darrell Daniels","DET","TE","3","2023","2","1.8","0.0","0","0.0","0","0.0","0.0","","0","","0","0.0","0.0","","0.00","","0","","","","0","0.0","0","0","0","0","0","0.0","0","","0","0.000","0","","0","","0","","0","0","0.0","0","0.0","","","50.0","","","50.0","0.00","","0.0","0.0","0.0","0.00","0.0"
"336","Travis Vokolek","ARZ","TE","2","2023","8","12.1","0.0","0","0.0","0","0.0","0.0","","0","","0","0.0","0.0","","0.00","","0","","","","0","0.0","0","0","0","0","0","0.0","0","","0","0.000","0","","0","","0","","0","0","0.0","0","0.0","","","","12.5","87.5","","0.00","","0.0","0.0","0.0","0.00","0.0"
"337","N'Keal Harry","MIN","WR","7","2023","8","2.7","0.0","0","0.0","0","0.0","0.0","","0","","0","0.0","0.0","","0.00","","0","","","","0","0.0","0","0","0","0","0","0.0","0","","0","0.000","0","","0","","0","","0","0","0.0","0","0.0","","","75.0","12.5","","12.5","0.00","","0.0","0.0","0.0","0.00","0.0"
"338","Parker Hesse","ATL","TE","3","2023","3","3.9","0.0","0","0.0","0","0.0","0.0","","0","","0","0.0","0.0","","0.00","","0","","","","0","0.0","0","0","0","0","0","0.0","0","","0","0.000","0","","0","","0","","0","0","0.0","0","0.0","","","","33.3","33.3","33.3","0.00","","0.0","0.0","0.0","0.00","0.0"
"339","Tay Martin","SF","WR","1","2023","1","3.3","0.0","0","0.0","0","0.0","0.0","","0","","0","0.0","0.0","","0.00","","0","","","","0","0.0","0","0","0","0","0","0.0","0","","0","0.000","0","","0","","0","","0","0","0.0","0","0.0","","","","100.0","","","0.00","","0.0","0.0","0.0","0.00","0.0"
"340","Dalton Keene","HST","TE","1","2023","1","2.4","0.0","0","0.0","0","0.0","0.0","","0","","0","0.0","0.0","","0.00","","0","","","","0","0.0","0","0","0","0","0","0.0","0","","0","0.000","0","","0","","0","","0","0","0.0","0","0.0","","","","","","100.0","0.00","","0.0","0.0","0.0","0.00","0.0"
"341","Ethan Fernea","IND","WR","1","2023","1","2.2","0.0","0","0.0","0","0.0","0.0","","0","","0","0.0","0.0","","0.00","","0","","","","0","0.0","0","0","0","0","0","0.0","0","","0","0.000","0","","0","","0","","0","0","0.0","0","0.0","","","","100.0","","","0.00","","0.0","0.0","0.0","0.00","0.0"
"342","Brayden Willis","SF","TE","7","2023","9","3.9","0.0","0","0.0","0","0.0","0.0","","0","","0","0.0","0.0","","0.00","","0","","","","0","0.0","0","0","0","0","0","0.0","0","","0","0.000","0","","0","","0","","0","0","0.0","0","0.0","","","11.1","","77.8","11.1","0.00","","0.0","0.0","0.0","0.00","0.0"
"343","Albert Okwuegbunam","PHI","TE","4","2023","36","23.4","9.0","9","1.0","1","0.3","0.8","0.03","0","","0","0.0","0.0","","0.00","","0","","","","0","0.0","0","0","0","0","1","1.3","0","","0","0.000","0","","1","100.0","0","","0","0","0.0","0","39.6","4.2","-7.3","13.9","66.7","19.4","","0.00","","0.0","1.5","0.4","0.04","1.5"
"344","Matt Bushman","KC","TE","1","2023","1","2.2","0.0","0","0.0","0","0.0","0.0","","0","","0","0.0","0.0","","0.00","","0","","","","0","0.0","0","0","0","0","0","0.0","0","","0","0.000","0","","0","","0","","0","0","0.0","0","0.0","","","","100.0","","","0.00","","0.0","0.0","0.0","0.00","0.0"
"345","Henry Pearson","GB","TE","2","2023","2","2.8","0.0","0","0.0","0","0.0","0.0","","0","","0","0.0","0.0","","0.00","","0","","","","0","0.0","0","0","0","0","0","0.0","0","","0","0.000","0","","0","","0","","0","0","0.0","0","0.0","","","","100.0","","","0.00","","0.0","0.0","0.0","0.00","0.0"
"346","Johnny Johnson","HST","WR","1","2023","2","6.5","0.0","0","0.0","0","0.0","0.0","","0","","0","0.0","0.0","","0.00","","0","","","","0","0.0","0","0","0","0","0","0.0","0","","0","0.000","0","","0","","0","","0","0","0.0","0","0.0","","","50.0","50.0","","","0.00","","0.0","0.0","0.0","0.00","0.0"
"347","Dylan Drummond","DET","WR","1","2023","1","3.3","0.0","0","0.0","0","0.0","0.0","","0","","0","0.0","0.0","","0.00","","0","","","","0","0.0","0","0","0","0","0","0.0","0","","0","0.000","0","","0","","0","","0","0","0.0","0","0.0","","","","100.0","","","0.00","","0.0","0.0","0.0","0.00","0.0"
"348","Amari Rodgers","IND","WR","3","2023","20","16.9","19.0","38","4.5","2","0.7","1.9","0.10","0","","0","0.0","0.0","","0.00","","0","","","","0","0.0","0","0","0","1","2","2.5","0","","0","0.000","1","50.0","1","50.0","0","","0","0","0.0","0","39.6","11.1","-10.9","90.0","10.0","","","0.00","","0.0","4.2","1.4","0.21","4.2"
"349","David Sills","DEN","WR","3","2023","2","2.0","0.0","0","0.0","0","0.0","0.0","","0","","0","0.0","0.0","","0.00","","0","","","","0","0.0","0","0","0","0","0","0.0","0","","0","0.000","0","","0","","0","","0","0","0.0","0","0.0","","","100.0","","","","0.00","","0.0","0.0","0.0","0.00","0.0"
"350","Chris Blair","ATL","WR","1","2023","3","12.5","0.0","0","0.0","0","0.0","0.0","","0","","0","0.0","0.0","","0.00","","0","","","","0","0.0","0","0","0","0","0","0.0","0","","0","0.000","0","","0","","0","","0","0","0.0","0","0.0","","","100.0","","","","0.00","","0.0","0.0","0.0","0.00","0.0"
"351","Lucky Jackson","MIN","WR","3","2023","2","1.6","0.0","0","0.0","0","0.0","0.0","","0","","0","0.0","0.0","","0.00","","0","","","","0","0.0","0","0","0","0","0","0.0","0","","0","0.000","0","","0","","0","","0","0","0.0","0","0.0","","","50.0","50.0","","","0.00","","0.0","0.0","0.0","0.00","0.0"
"352","Phillip Dorsett","DEN","WR","2","2023","18","24.7","26.7","80","22.7","3","1.5","4.5","0.17","0","","0","0.0","0.0","","0.00","","0","","","","0","0.0","0","0","0","2","3","7.1","0","","0","0.000","0","","1","33.3","0","","1","0","0.0","0","39.6","15.8","-11.3","66.7","33.3","","","0.00","","0.0","4.3","2.2","0.24","4.3"
"353","Kristian Wilkerson","LV","WR","2","2023","26","48.1","0.0","0","0.0","0","0.0","0.0","","0","","0","0.0","0.0","","0.00","","0","","","","0","0.0","0","0","0","0","0","0.0","0","","0","0.000","0","","0","","0","","0","0","0.0","0","0.0","","","96.2","3.8","","","0.00","","0.0","0.0","0.0","0.00","0.0"
"354","Rod Williams","PIT","TE","13","2023","8","1.9","3.5","7","0.3","2","0.2","0.5","0.25","0","","0","0.0","0.0","","0.00","","0","","","","0","0.0","0","0","0","0","1","0.4","0","","0","0.000","1","50.0","2","100.0","0","","1","0","0.0","0","39.6","15.4","-6.4","","37.5","62.5","","0.00","","0.0","2.7","0.2","0.33","2.7"
"355","Andrew Beck","HST","TE","1","2023","3","5.7","0.0","0","0.0","0","0.0","0.0","","0","","0","0.0","0.0","","0.00","","0","","","","0","0.0","0","0","0","0","0","0.0","0","","0","0.000","0","","0","","0","","0","0","0.0","0","0.0","","","","66.7","33.3","","0.00","","0.0","1.5","1.5","0.50","1.5"
"356","Andre Baccellia","ARZ","WR","5","2023","13","7.0","0.0","0","0.0","0","0.0","0.0","","0","","0","0.0","0.0","","0.00","","0","","","","0","0.0","0","0","0","0","0","0.0","0","","0","0.000","0","","0","","0","","0","0","0.0","0","0.0","","","100.0","","","","0.00","","0.0","0.0","0.0","0.00","0.0"
"357","Juwann Winfree","IND","WR","4","2023","6","4.1","21.0","21","2.6","1","0.3","0.7","0.17","0","","0","0.0","0.0","","0.00","","0","","","","0","0.0","0","0","0","1","1","1.2","0","","0","0.000","0","","0","","0","","0","0","0.0","0","39.6","12.5","-11.2","100.0","","","","0.00","","0.0","2.9","0.7","0.48","2.9"
"358","Sean McKeon","DAL","TE","9","2023","26","7.1","3.0","3","0.1","1","0.1","0.3","0.04","0","","0","0.0","0.0","","0.00","","0","","","","0","0.0","0","0","0","0","0","0.0","0","","0","0.000","1","100.0","1","100.0","0","","0","0","0.0","0","39.6","2.9","-6.3","23.1","","61.5","15.4","0.00","","0.0","1.5","0.2","0.06","1.5"
"359","Irvin Charles","NYJ","WR","11","2023","9","1.9","0.0","0","0.0","0","0.0","0.0","","0","","0","0.0","0.0","","0.00","","0","","","","0","0.0","0","0","0","0","0","0.0","0","","0","0.000","0","","0","","0","","0","0","0.0","0","0.0","","","100.0","","","","0.00","","0.0","0.0","0.0","0.00","0.0"
"360","D'Wayne Eskridge","SEA","WR","4","2023","6","4.1","17.0","17","1.5","1","0.3","0.8","0.17","0","","0","0.0","0.0","","0.00","","0","","","","0","0.0","0","0","0","0","1","1.1","0","","0","0.000","0","","0","","0","","0","0","0.0","0","39.6","16.7","-11.7","83.3","16.7","","","0.08","0.1","0.5","3.2","0.8","0.37","2.2"
"361","Dareke Young","SEA","WR","4","2023","3","1.9","0.0","0","0.0","0","0.0","0.0","","0","","0","0.0","0.0","","0.00","","0","","","","0","0.0","0","0","0","0","0","0.0","0","","0","0.000","0","","0","","0","","0","0","0.0","0","0.0","","","33.3","33.3","33.3","","0.00","","0.0","0.0","0.0","0.00","0.0"
"362","Jacob Harris","JAX","WR","2","2023","4","4.9","0.0","0","0.0","0","0.0","0.0","","0","","0","0.0","0.0","","0.00","","0","","","","0","0.0","0","0","0","0","0","0.0","0","","0","0.000","0","","0","","0","","0","0","0.0","0","0.0","","","75.0","25.0","","","0.00","","0.0","0.0","0.0","0.00","0.0"
"363","Gunner Olszewski","NYG, PIT","WR","12","2023","7","1.6","-1.0","-1","0.0","1","0.1","0.3","0.14","1","100.0","0","0.0","0.0","","0.00","","1","1.00","1","1.00","0","0.0","0","0","0","0","0","0.0","0","","0","0.000","0","","1","100.0","0","","0","0","0.0","0","79.2","16.7","-6.2","42.9","57.1","","","-0.14","-0.1","-1.0","1.4","0.1","0.20","1.4"
"364","Zach Gentry","LV","TE","1","2023","4","11.1","0.0","0","0.0","0","0.0","0.0","","0","","0","0.0","0.0","","0.00","","0","","","","0","0.0","0","0","0","0","0","0.0","0","","0","0.000","0","","0","","0","","0","0","0.0","0","0.0","","","50.0","","50.0","","0.00","","0.0","0.0","0.0","0.00","0.0"
"365","Tanner Conner","MIA","WR","3","2023","1","1.1","0.0","0","0.0","0","0.0","0.0","","0","","0","0.0","0.0","","0.00","","0","","","","0","0.0","0","0","0","0","0","0.0","0","","0","0.000","0","","0","","0","","0","0","0.0","0","0.0","","","","100.0","","","0.00","","0.0","0.0","0.0","0.00","0.0"
"366","Andy Isabella","BUF","WR","2","2023","2","2.0","0.0","0","0.0","0","0.0","0.0","","0","","0","0.0","0.0","","0.00","","0","","","","0","0.0","0","0","0","0","0","0.0","0","","0","0.000","0","","0","","0","","0","0","0.0","0","0.0","","","","100.0","","","0.00","","0.0","0.0","0.0","0.00","0.0"
"367","Blake Whiteheart","ARZ","TE","1","2023","1","2.4","0.0","0","0.0","0","0.0","0.0","","0","","0","0.0","0.0","","0.00","","0","","","","0","0.0","0","0","0","0","0","0.0","0","","0","0.000","0","","0","","0","","0","0","0.0","0","0.0","","","","","100.0","","0.00","","0.0","0.0","0.0","0.00","0.0"
"368","Matt Sokol","NE","TE","3","2023","1","0.9","0.0","0","0.0","0","0.0","0.0","","0","","0","0.0","0.0","","0.00","","0","","","","0","0.0","0","0","0","0","0","0.0","0","","0","0.000","0","","0","","0","","0","0","0.0","0","0.0","","","","","100.0","","0.00","","0.0","0.0","0.0","0.00","0.0"